<?xml version="1.0" encoding="UTF-8"?>
<addon id="plugin.video.creationtoday_org" version="1.0.1" name="Creation Today" provider-name="Romans I XVI">
    <requires>
        <import addon="xbmc.python" version="2.1.0"/>
        <import addon="script.module.urlresolver" version="2.1.2"/>
	<import addon="script.module.t0mm0.common" version="2.1.0"/>
	<import addon="script.module.beautifulsoup4" version="4.3.1"/>
    </requires>
    <extension point="xbmc.python.pluginsource" library="default.py">
        <provides>video</provides>
    </extension>
    <extension point="xbmc.addon.metadata">
	<language />
        <summary>Creation Today</summary>
        <description>Creation Today is a leading Christian-apologetics ministry, defending the literal interpretation of the Genesis creation account from the theory of evolution.[CR][CR]This add-on gives access to all of the videos available on creationtoday.org. [CR][CR]The Creation Today Show, Creation Minute, Creation Bytes, and Kent Hovind's seminars and debates.</description>
        <platform>all</platform>
        <license>GNU GENERAL PUBLIC LICENSE. Version 3, 29 June 2007</license>
        <forum>http://forum.xbmc.org/showthread.php?tid=183376</forum>
        <source>https://github.com/asojka09/plugin.video.creationtoday_org</source>
	<email>austinsojka@hotmail.com</email>
    </extension>
</addon>
