  <category label="30106">
    <setting type="lsep" label="30106" />
	<setting id="server_<num>" type="text" label="30100" default="http://demo.subsonic.org" />
	<setting id="port_<num>" type="text" label="port" default="80" />
	<setting id="user_<num>" type="text" label="30101" default="guest2" />
	<setting id="password_<num>" type="text" option="hidden" label="30102" default="guest" />
    <setting type="lsep" label="30103" />
	<setting id="transcode_<num>" type="bool" label="30104" default="true" />
	<setting id="bitrate_<num>" type="enum" label="30105" default="13" values="32k|40k|48k|56k|64k|80k|96k|112k|128k|160k|192k|224k|256k|320k" enable="eq(-1,true)" />
  </category>
