﻿<?xml version="1.0" encoding="UTF-8" standalone="yes"?>
<addon id="plugin.video.cn.ru.tv"
       name="[COLOR FF00FF00]Электронный город: ТВ ([/COLOR][COLOR FFFFF000]cn.ru/tv[/COLOR][COLOR FF00FF00])[/COLOR]"
       version="1.0.3"
       provider-name="Silen">
  <requires>
    <import addon="xbmc.python" version="2.0"/>
  </requires>
  <extension point="xbmc.python.pluginsource"
             provides="video"
             library="default.py">
    <provides>video</provides>
  </extension>
  <extension point="xbmc.addon.metadata">
    <summary>my-hit.ru</summary>
    <description>Электронный город: ТВ.</description>
    <platform>all</platform>
  </extension>
</addon>

