<?xml version="1.0" encoding="UTF-8" standalone="yes"?>
<addon id="plugin.program.sickbeard"
       name="Sickbeard XBMC"
       version="1.0.10"
       provider-name="Zach Moore">
  <requires>
    <import addon="xbmc.python" version="2.1.0"/>
  </requires>
  <extension point="xbmc.python.pluginsource" library="default.py">
	<provides>executable</provides>
  </extension>
  <extension point="xbmc.addon.metadata">
    <summary>Sickbeard integration into XBMC</summary>
    <description>Provides the ability to control Sickbeard from within XBMC.</description>
    <platform>all</platform>
  </extension>
</addon>
