<?xml version="1.0" encoding="UTF-8"?>
<addon
    id="plugin.video.pyvideo"
    version="2.0.0"
    name="PyVideo"
    provider-name="nevermore, beenje">
  <requires>
    <import addon="xbmc.python" version="2.1.0"/>
    <import addon="script.module.xbmcswift2" version="2.4.0"/>
    <import addon="script.module.requests2" version="2.2.1"/>
    <import addon="script.module.beautifulsoup4" version="4.3.2"/>
    <import addon="plugin.video.youtube" version="4.4.6" optional="true"/>
    <import addon="plugin.video.vimeo" version="3.5.3" optional="true"/>
  </requires>

  <extension point="xbmc.python.pluginsource" library="addon.py">
    <provides>video</provides>
  </extension>
  <extension point="xbmc.addon.metadata">
    <language></language>
    <platform>all</platform>
    <license>GNU GENERAL PUBLIC LICENSE. Version 3, 29 June 2007</license>
    <website>http://pyvideo.org/</website>
    <source>https://github.com/beenje/xbmc-plugin.video.pyvideo</source>
    <email>beenje@gmail.com</email>
    <forum></forum>
    <summary lang="en">Access all Python-related videos indexed at pyvideo.org.</summary>
    <description lang="en">pyvideo.org is a video index of Python-related video on the Internet. Each video is packaged with a variety of metadata making it the best place to find videos about the Python Programming Language.</description>
  </extension>
</addon>
