<window>
    <coordinates>        
        <posx>0</posx>
        <posy>0</posy>
    </coordinates>
	<animation effect="fade" time="200" start="0" end="100">WindowOpen</animation>
    <animation effect="fade" time="200" start="100" end="0">WindowClose</animation>
	<zorder>1</zorder>
    <controls>
		<control type="image">
			<include>Dimensions_Fullscreen</include>
			<texture>background.png</texture>
		</control>
		<include>Global_Background</include>
        <control type="label">
            <posx>460</posx>
				<posy>70</posy>
				<width>810</width>
				<height>38</height>
				<font>METF_TitleTextLarge</font>
				<textcolor>SettingsTitle</textcolor>
				<align>left</align>
				<aligny>center</aligny>
            <label>Channel Configuration</label>
        </control>
        <control type="group" id="105">
            <posx>440</posx>
            <posy>130</posy>
            <width>600</width>
            <height>550</height>
            <control type="label">
                <posx>15</posx>
                <posy>2</posy>
                <width>160</width>
                <height>40</height>
                <align>left</align>
				<aligny>center</aligny>
				<font>METF_TitleText</font>
				<textcolor>GlobalHeading</textcolor>
                <label>Channel</label>
            </control>
            <control type="label">
                <posx>790</posx>
                <posy>2</posy>
                <width>100</width>
                <height>40</height>
                <align>right</align>
				<aligny>center</aligny>
				<font>METF_TitleText</font>
				<textcolor>GlobalHeading</textcolor>
                <label>Content</label>
            </control>
			<control type="button" id="999">
				<description>Ok Button</description>
				<posx>-440</posx>
				<posy>75</posy>
				<include>SettingsLabelLeft</include>
				<label>$LOCALIZE[186]</label>				
				<onleft>102</onleft>
				<onright>102</onright>
				<onup>103</onup>
				<ondown>103</ondown>				
				<onclick>PreviousMenu</onclick>
			</control>

           <control type="list" id="102">
                <description>All channels list</description>
                <posx>0</posx>
                <posy>40</posy>
				<onup>102</onup>
				<ondown>102</ondown>
                <onright>999</onright>
                <onleft>999</onleft>
                <width>840</width>
                <height>370</height>
                <itemgap>0</itemgap>
                <pagecontrol>103</pagecontrol>				
                <itemlayout height="40">
                    <control type="label">
                        <posx>40</posx>
                        <posy>0</posy>
                        <width>150</width>
                        <height>35</height>
                        <aligny>center</aligny>
                        <align>left</align>
                        <textcolor>white</textcolor>
						<font>METF_ContextValue</font>
                        <info>ListItem.Label</info>
                    </control>
                    <control type="label">
                        <posx>800</posx>
                        <posy>0</posy>
                        <width>420</width>
                        <height>35</height>
                        <aligny>center</aligny>
                        <align>right</align>
                        <textcolor>white</textcolor>
						<font>METF_ContextValue</font>
                        <info>ListItem.Label2</info>
                    </control>					
                </itemlayout>				
                <focusedlayout height="40">
                    <control type="image">
                        <width>840</width>
                        <height>35</height>
                        <texture border="3">ButtonFo.png</texture>
                    </control>
                    <control type="label">
                        <posx>40</posx>
                        <posy>0</posy>
                        <width>150</width>
                        <height>35</height>
                        <textcolor>SettingsTitle</textcolor>
                        <aligny>center</aligny>
                        <align>left</align>
						<font>METF_ContextValue</font>
                        <info>ListItem.Label</info>
                    </control>
                    <control type="label">
                        <posx>800</posx>
                        <posy>0</posy>
                        <width>420</width>
                        <height>35</height>
                        <aligny>center</aligny>
                        <align>right</align>
						<font>METF_ContextValue</font>
                        <textcolor>SettingsTitle</textcolor>
                        <info>ListItem.Label2</info>
                    </control>
                </focusedlayout>
            </control>
        </control>
		
		
		<!-- Controls for configuring a single channel -->
        <control type="group" id="106">
			<posx>440</posx>
            <posy>130</posy>
            <width>600</width>
            <height>550</height>
            <control type="label" id="104">
				<posx>15</posx>
                <posy>2</posy>
                <width>160</width>
                <height>40</height>
                <align>left</align>
				<aligny>center</aligny>
				<font>METF_TitleText</font>
				<textcolor>GlobalHeading</textcolor>
                <label></label>
            </control>
            <control type="label">
                <posx>15</posx>
                <posy>50</posy>
                <width>300</width>
                <height>35</height>
                <textcolor>white</textcolor>
                <aligny>center</aligny>
                <align>left</align>
				<font>METF_ContextValue</font>
                <label>Channel Type:</label>
            </control>
            <control type="label" id="109">
                <posx>720</posx>
                <posy>50</posy>
                <width>300</width>
                <height>35</height>
                <textcolor>white</textcolor>
                <aligny>center</aligny>
                <align>right</align>
				<font>METF_ContextValue</font>
                <label></label>
            </control>
            <control type="button" id="110">
                <posx>750</posx>
                <posy>50</posy>
                <width>35</width>
                <height>35</height>
                <texturefocus>ArrowDownFo.png</texturefocus>
                <texturenofocus>ArrowDownNF.png</texturenofocus>
                <onleft>111</onleft>
                <onright>111</onright>
				<onup>112</onup>
				<ondown>113</ondown>
            </control>
			<control type="button" id="111">
                <posx>785</posx>
                <posy>50</posy>
                <width>35</width>
                <height>35</height>
                <texturefocus>ArrowUpFo.png</texturefocus>
                <texturenofocus>ArrowUpNF.png</texturenofocus>
                <onleft>110</onleft>
                <onright>110</onright>
				<onup>112</onup>
				<ondown>113</ondown>
            </control>
			<control type="button" id="114">
                <posx>-440</posx>
                <posy>5</posy>
                <include>SettingsLabelLeft</include>
                <label>Channel Rules</label>
                <onup>112</onup>
                <ondown>113</ondown>
				<onleft>110</onleft>
                <onright>110</onright>
            </control>
			<control type="button" id="113">
				<posx>-440</posx>
				<posy>40</posy>
				<include>SettingsLabelLeft</include>
				<label>$LOCALIZE[222]</label> 				
				<onup>114</onup>
				<ondown>112</ondown>
				<onleft>110</onleft>
                <onright>110</onright>
			</control>
			<control type="button" id="112">
				<posx>-440</posx>
				<posy>75</posy>
				<include>SettingsLabelLeft</include>
				<label>$LOCALIZE[186]</label> 				
				<onup>113</onup>
				<ondown>114</ondown>
				<onleft>110</onleft>
                <onright>110</onright>
			</control>						
        </control>
		
        <!-- Controls for type Custom Playlist -->
        
		<control type="group" id="120">
            <posx>440</posx>
            <posy>135</posy>
            <width>600</width>
            <height>550</height>						
            <control type="label">
                <posx>15</posx>
                <posy>80</posy>
                <width>200</width>
                <height>35</height>
                <textcolor>white</textcolor>
                <label>Playlist:</label>
				<font>METF_ContextValue</font>
                <aligny>center</aligny>
                <align>left</align>
            </control>			
            <control type="button" id="130">
                <posx>150</posx>
                <posy>82</posy>
                <width>670</width>
                <height>35</height>
				<textoffsetx>20</textoffsetx>
				<font>METF_ContextValue</font>
				<aligny>center</aligny>
				<align>left</align>
				<texturefocus border="3">ButtonFo.png</texturefocus>
				<texturenofocus border="3">list/listfocus.png</texturenofocus>
                <onup>110</onup>
				<ondown>112</ondown>				
            </control>
        </control>

        <!-- Controls for type TV Network -->
        <control type="group" id="121">     
            <posx>440</posx>
            <posy>135</posy>
            <width>600</width>
            <height>550</height>
            <control type="label">
                <posx>15</posx>
                <posy>80</posy>
                <width>300</width>
                <height>35</height>
                <textcolor>white</textcolor>
                <label>Network:</label>
				<font>METF_ContextValue</font>
                <aligny>center</aligny>
                <align>left</align>
            </control>
            <control type="label" id="142">
                <posx>720</posx>
                <posy>80</posy>
                <width>300</width>
                <height>35</height>
                <textcolor>white</textcolor>
                <aligny>center</aligny>
                <align>right</align>
				<font>METF_ContextValue</font>
                <label></label>
            </control>
            <control type="button" id="140">
                <posx>750</posx>
                <posy>80</posy>
                <width>35</width>
                <height>35</height>
                <texturefocus>ArrowDownFo.png</texturefocus>
                <texturenofocus>ArrowDownNF.png</texturenofocus>
                <onup>110</onup>
				<ondown>112</ondown>
                <onleft>141</onleft>
                <onright>141</onright>
            </control>
            <control type="button" id="141">
                <posx>785</posx>
                <posy>80</posy>
                <width>35</width>
                <height>35</height>
                <texturefocus>ArrowUpFo.png</texturefocus>
                <texturenofocus>ArrowUpNF.png</texturenofocus>
                <onup>111</onup>
				<ondown>112</ondown>
                <onleft>140</onleft>
                <onright>140</onright>
            </control>
        </control>

        <!-- Controls for type Movie Studio -->
        <control type="group" id="122">
            <posx>440</posx>
            <posy>135</posy>
            <width>600</width>
            <height>550</height>
            <control type="label">
                <posx>15</posx>
                <posy>80</posy>
                <width>300</width>
                <height>35</height>
                <textcolor>white</textcolor>
                <label>Studio:</label>
				<font>METF_ContextValue</font>
                <aligny>center</aligny>
                <align>left</align>
            </control>
            <control type="label" id="152">
                <posx>720</posx>
                <posy>80</posy>
                <width>300</width>
                <height>35</height>
                <textcolor>white</textcolor>
                <aligny>center</aligny>
                <align>right</align>
				<font>METF_ContextValue</font>
                <label></label>
            </control>
            <control type="button" id="150">
                <posx>750</posx>
                <posy>80</posy>
                <width>35</width>
                <height>35</height>
                <texturefocus>ArrowDownFo.png</texturefocus>
                <texturenofocus>ArrowDownNF.png</texturenofocus>
                <onup>110</onup>
				<ondown>112</ondown>
                <onleft>151</onleft>
                <onright>151</onright>
            </control>
            <control type="button" id="151">
                <posx>785</posx>
                <posy>80</posy>
                <width>35</width>
                <height>35</height>
                <texturefocus>ArrowUpFo.png</texturefocus>
                <texturenofocus>ArrowUpNF.png</texturenofocus>
                <onup>111</onup>
				<ondown>112</ondown>
                <onleft>150</onleft>
                <onright>150</onright>
            </control>
        </control>

        <!-- Controls for type TV Genre -->
        <control type="group" id="123">
            <posx>440</posx>
            <posy>135</posy>
            <width>600</width>
            <height>550</height>
            <control type="label">
                <posx>15</posx>
                <posy>80</posy>
                <width>300</width>
                <height>35</height>
                <textcolor>white</textcolor>
                <label>Genre:</label>
				<font>METF_ContextValue</font>
                <aligny>center</aligny>
                <align>left</align>
            </control>
            <control type="label" id="162">
                <posx>720</posx>
                <posy>80</posy>
                <width>300</width>
                <height>35</height>
                <textcolor>white</textcolor>
                <aligny>center</aligny>
                <align>right</align>
				<font>METF_ContextValue</font>
                <label></label>
            </control>
            <control type="button" id="160">
                <posx>750</posx>
                <posy>80</posy>
                <width>35</width>
                <height>35</height>
                <texturefocus>ArrowDownFo.png</texturefocus>
                <texturenofocus>ArrowDownNF.png</texturenofocus>
                <onup>110</onup>
				<ondown>112</ondown>
                <onleft>161</onleft>
                <onright>161</onright>
            </control>
            <control type="button" id="161">
                <posx>785</posx>
                <posy>80</posy>
                <width>35</width>
                <height>35</height>
                <texturefocus>ArrowUpFo.png</texturefocus>
                <texturenofocus>ArrowUpNF.png</texturenofocus>
                <onup>111</onup>
				<ondown>112</ondown>
                <onleft>160</onleft>
                <onright>160</onright>
            </control>
        </control>

        <!-- Controls for type Movie Genre -->
        <control type="group" id="124">
            <posx>440</posx>
            <posy>135</posy>
            <width>600</width>
            <height>550</height>
            <control type="label">
                <posx>15</posx>
                <posy>80</posy>
                <width>300</width>
                <height>35</height>
                <textcolor>white</textcolor>
                <label>Genre:</label>
				<font>METF_ContextValue</font>
                <aligny>center</aligny>
                <align>left</align>
            </control>
            <control type="label" id="172">
                <posx>720</posx>
                <posy>80</posy>
                <width>300</width>
                <height>35</height>
                <textcolor>white</textcolor>
                <aligny>center</aligny>
                <align>right</align>
				<font>METF_ContextValue</font>
                <label></label>
            </control>		
            <control type="button" id="170">
                <posx>750</posx>
                <posy>80</posy>
                <width>35</width>
                <height>35</height>
                <texturefocus>ArrowDownFo.png</texturefocus>
                <texturenofocus>ArrowDownNF.png</texturenofocus>
                <onup>110</onup>
				<ondown>112</ondown>
                <onleft>171</onleft>
                <onright>171</onright>
            </control>
            <control type="button" id="171">
                <posx>785</posx>
                <posy>80</posy>
                <width>35</width>
                <height>35</height>
                <texturefocus>ArrowUpFo.png</texturefocus>
                <texturenofocus>ArrowUpNF.png</texturenofocus>
                <onup>111</onup>
				<ondown>112</ondown>
                <onleft>170</onleft>
                <onright>170</onright>
            </control>
        </control>

        <!-- Controls for type Mixed Genre -->
        <control type="group" id="125">
            <posx>440</posx>
            <posy>135</posy>
            <width>600</width>
            <height>550</height>
            <control type="label">
				<posx>15</posx>
                <posy>80</posy>
                <width>300</width>
                <height>35</height>
                <textcolor>white</textcolor>
                <label>Genre:</label>
				<font>METF_ContextValue</font>
                <aligny>center</aligny>
                <align>left</align>
            </control>
            <control type="label" id="182">
                <posx>720</posx>
                <posy>80</posy>
                <width>300</width>
                <height>35</height>
                <textcolor>white</textcolor>
                <aligny>center</aligny>
                <align>right</align>
				<font>METF_ContextValue</font>
                <label></label>
            </control>
            <control type="button" id="180">
                <posx>750</posx>
                <posy>80</posy>
                <width>35</width>
                <height>35</height>
                <texturefocus>ArrowDownFo.png</texturefocus>
                <texturenofocus>ArrowDownNF.png</texturenofocus>
                <onup>110</onup>
				<ondown>112</ondown>
                <onleft>181</onleft>
                <onright>181</onright>
            </control>
            <control type="button" id="181">
                <posx>785</posx>
                <posy>80</posy>
                <width>35</width>
                <height>35</height>
                <texturefocus>ArrowUpFo.png</texturefocus>
                <texturenofocus>ArrowUpNF.png</texturenofocus>
                <onup>111</onup>
				<ondown>112</ondown>
                <onleft>180</onleft>
                <onright>180</onright>
            </control>
        </control>

        <!-- Controls for type TV Show -->
        <control type="group" id="126">
            <posx>440</posx>
            <posy>135</posy>
            <width>600</width>
            <height>550</height>
            <control type="label">
                <posx>15</posx>
                <posy>80</posy>
                <width>300</width>
                <height>35</height>
                <textcolor>white</textcolor>
                <label>Show:</label>
				<font>METF_ContextValue</font>
                <aligny>center</aligny>
                <align>left</align>
            </control>
            <control type="label" id="192">
                <posx>720</posx>
                <posy>80</posy>
                <width>300</width>
                <height>35</height>
                <textcolor>white</textcolor>
                <aligny>center</aligny>
                <align>right</align>
				<font>METF_ContextValue</font>
                <label></label>
            </control>
            <control type="button" id="190">
                <posx>750</posx>
                <posy>80</posy>
                <width>35</width>
                <height>35</height>
                <texturefocus>ArrowDownFo.png</texturefocus>
                <texturenofocus>ArrowDownNF.png</texturenofocus>
                <onup>110</onup>
                <ondown>194</ondown>
                <onleft>191</onleft>
                <onright>191</onright>
            </control>
            <control type="button" id="191">
                <posx>785</posx>
                <posy>80</posy>
                <width>35</width>
                <height>35</height>
                <height>20</height>
                <texturefocus>ArrowUpFo.png</texturefocus>
                <texturenofocus>ArrowUpNF.png</texturenofocus>
                <onup>111</onup>
                <ondown>194</ondown>
                <onleft>190</onleft>
                <onright>190</onright>
            </control>           
			<control type="radiobutton" id="194">
				<description>Default RadioButton</description>
				<posx>10</posx>
                <posy>120</posy>
				<width>810</width>
				<height>35</height>
				<font>METF_ContextValue</font>
				<texturefocus border="3">ButtonFo.png</texturefocus>
				<texturenofocus border="3">list/listfocus.png</texturenofocus>
				<align>left</align>
				<onup>190</onup>
				<ondown>112</ondown>
				<label>Show in Order:</label>
				<textoffsetx>5</textoffsetx>
			</control>          
        </control>
		
		<!-- Controls for type Directory -->
        <control type="group" id="127">           
            <posx>440</posx>
            <posy>135</posy>
            <width>600</width>
            <height>550</height>
            <control type="label">
                <posx>15</posx>
                <posy>80</posy>
                <width>300</width>
                <height>35</height>
				<font>METF_ContextValue</font>
                <label>Directory:</label>
                <aligny>center</aligny>
                <align>left</align>
            </control>
            <control type="button" id="200">
                <posx>150</posx>
                <posy>82</posy>
                <width>670</width>
                <height>35</height>
				<font>METF_ContextValue</font>
				<textoffsetx>20</textoffsetx>
				<texturefocus border="3">ButtonFo.png</texturefocus>
				<texturenofocus border="3">list/listfocus.png</texturenofocus>
				<aligny>center</aligny>
				<align>right</align>
                <onup>110</onup>
                <ondown>112</ondown>
            </control>
		</control>
		<include>Global_Time</include>
    </controls>
</window>
