<?xml version="1.0" encoding="UTF-8"?>
<addon id="plugin.audio.booksshouldbefree_com" name="BooksShouldBeFree.com" version="2.0.1" provider-name="AddonScriptorDE">
    <requires>
        <import addon="xbmc.python" version="2.1.0"/>
    </requires>
    <extension point="xbmc.python.pluginsource" library="default.py">
        <provides>audio</provides>
    </extension>
    <extension point="xbmc.addon.metadata">
        <platform>all</platform>
        <summary lang="en">Free Public Domain Audiobooks</summary>
        <language></language>
        <description lang="en">Free Public Domain Audiobooks</description>
    <platform>all</platform>
    </extension>
</addon>
