<?xml version="1.0" encoding="UTF-8" standalone="yes"?>
<addon id="repository.Jas0npc" name="Jas0n`s REPO" version="1.3" provider-name="Jas0n`s">
	<extension point="xbmc.addon.repository" name="Jas0n`s Addon Repository">
        <info compressed="false">http://github.com/jas0npc/jas0npc/raw/master/addons.xml</info>
		<checksum>http://github.com/jas0npc/jas0npc/raw/master/addons.xml.md5</checksum>
		<datadir zip="true">http://github.com/jas0npc/jas0npc/raw/master/zips</datadir>
    </extension>
	<extension point="xbmc.addon.metadata">
		<summary>Install MY Addons</summary>
		<description>Download and install addons from Jas0n`s Repo, DONT FORGET TO COME TO XBMCHUB.COM .For OFFICIAL !! Support Visit XBMCHUB.COM</description>
		<platform>all</platform>
	</extension>
</addon>