<?xml version="1.0" encoding="UTF-8" standalone="yes"?>
<addon id="plugin.video.sbview" name="SB View" version="0.0.2" provider-name="null_pointer">
  <requires>
    <import addon="xbmc.python" version="2.1.0"/>
  </requires>
  <extension point="xbmc.python.pluginsource" library="default.py">
        <provides>video</provides>
  </extension>
  <extension point="xbmc.addon.metadata">
    <license>GNU GENERAL PUBLIC LICENSE Version 3, 29 June 2007</license>
    <forum>http://forum.xbmc.org/showthread.php?tid=181154</forum>
    <platform>all</platform>
    <language>en</language>
    <website></website>
    <email></email>
    <source>https://github.com/faush01/SBView/</source>
    <summary lang="en">Sick Beard Status Viewer</summary>
    <description lang="en">
This Addon can view TV Shows, upcoming episodes and history events from your Sick Beard setup.

Sick Beard is a automated TV download manager tool available from:
http://www.sickbeard.com

Easy way to set the API Key
In Sick Beard enable the API on the General config page
Open the Addon Settings file using notepad
c:\Users\[user]\AppData\Roaming
\XBMC\userdata\addon_data\plugin.video.sbview\settings.xml
Past the API Key into the value field of setting with id="guid"
    </description>
  </extension>
</addon>
