<?xml version="1.0" encoding="UTF-8" standalone="yes"?>
<addon id="script.ExtraMusicInfo"
       name="Extra Music Info"
       version="0.0.2"
       provider-name="pieh">
  <requires>
    <import addon="xbmc.python" version="1.0"/>
    <import addon="xbmc.gui" version="2.11"/>
  </requires>
  <extension point="xbmc.python.library"
             library="default.py" />
  <extension point="xbmc.addon.metadata">
    <summary lang="en"></summary>
    <description lang="en"></description>
    <platform>all</platform>
  </extension>
</addon>
