<?xml version="1.0" encoding="UTF-8"?>
<addon id="plugin.video.watchwrestling"
       name="Watch Wrestling"
       version="0.1.2"
       provider-name="the-one">
  <requires>
    <import addon="xbmc.python" version="2.0"/>
	<import addon="script.module.t0mm0.common" version="0.0.1"/>
	<import addon="script.module.urlresolver" version="0.0.1"/>
	<import addon="script.module.universal" version="0.0.1" />
  </requires>
  <extension point="xbmc.python.pluginsource"
            library="default.py">
        <provides>video</provides>
  </extension>
  <extension point="xbmc.addon.metadata">
    <summary lang="en">Watch Wrestling (http://watchwrestling.tv/)</summary>
    <description lang="en">Free WWE, TNA, ROH, UFC Online...[CR][CR][COLOR orange]Support[/COLOR] @ [COLOR blue]www.[B]XUNITYTALK[/B].com[/COLOR]</description>	
    <platform>all</platform>
  </extension>
</addon>
