<?xml version="1.0" encoding="UTF-8" standalone="yes"?>
<addon id="plugin.video.115yingku" name="115影库官方版（VIP专属）" version="1.0.1" provider-name="115 网盘（www.115.com）">
    <requires>
        <import addon="xbmc.python" version="2.1.0"/>
    </requires>
    <extension point="xbmc.python.pluginsource" library="default.py">
        <provides>video</provides>
    </extension>
    <extension point="xbmc.addon.metadata">
        <platform>all</platform>
        <summary>115 影库插件官方xbmc插件版</summary>
        <description>115影库是115网盘独创的个性化影院服务，你可以把网盘存储的视频文件和影视信息库相匹配，然后你便能在电脑、电视、手机、平板上可以随时观看已匹配好的影视内容。它的强大之处还在于云端能根据广大用户现有的匹配结果智能学习和分析，并实现了自动匹配。用户在看自己收藏的网盘视频时，再也不用看着干巴巴的文件名，而是可以看到海报、剧情、评分等内容。</description>
    </extension>
</addon>
