<?xml version="1.0" encoding="UTF-8"?>
<scraper framework="1.1" date="2011-12-02">

	<!--obtención de la url desde el fichero .nfo -->
	<NfoUrl dest="3">
		<RegExp input="$$1" output="&lt;url&gt;http://www.filmaffinity.com/es/film\1.html&lt;/url&gt;" dest="3">
			<expression noclean="1">filmaffinity.com/es/film([0-9]*)</expression>
		</RegExp>
	</NfoUrl>

	<!-- búsqueda principal -->
	<CreateSearchUrl SearchStringEncoding="iso-8859-1" dest="3">
		<!-- búsqueda de filmaffinity usando título y año -->
		<RegExp conditional="!GoogleAdvSearch" input="$$1" output="&lt;url&gt;http://www.filmaffinity.com/es/advsearch.php?stype[]=title&amp;fromyear=$$2&amp;toyear=$$2&amp;stext=\1&lt;/url&gt;" dest="3">
			<expression noclean="1" />
		</RegExp>
		<!-- búsqueda en filmaffinity a través de google -->
		<RegExp conditional="GoogleAdvSearch" input="$$1" output="&lt;url&gt;http://www.google.com/search?sourceid=navclient&amp;q=filmaffinity+\1+$$2&lt;/url&gt;" dest="3">
			<expression noclean="1" />
		</RegExp>
	</CreateSearchUrl>

	<!-- parseo de los resultados de la búsqueda principal -->
	<GetSearchResults dest="8">
		<RegExp input="$$5" output="&lt;?xml version=&quot;1.0&quot;; encoding=&quot;iso-8859-1&quot; standalone=&quot;yes&quot;?&gt;&lt;results&gt;\1&lt;/results&gt;" dest="8">
			<!-- búsqueda de filmaffinity -->
			<RegExp conditional="!GoogleAdvSearch" input="$$1" output="&lt;entity&gt;&lt;title&gt;\2 (\3)&lt;/title&gt;&lt;url&gt;http://www.filmaffinity.com/es/film\1.html&lt;/url&gt;&lt;id&gt;\1&lt;/id&gt;&lt;/entity&gt;" dest="5">
				<expression repeat="yes" noclean="1,2,3">film([0-9]*)\.html&quot;&gt;([^&lt;]*)&lt;/a&gt;[^\(]*\(([0-9]{4})</expression>
			</RegExp>
			<!-- en caso de que haya más de 10 páginas de resultados en FA asumimos un error en la búsqueda -->
			<!-- y reseteamos los resultados para forzar que XBMC repita la búsqueda con el encoding adecuado -->
			<RegExp conditional="!GoogleAdvSearch" input="$$1" output="" dest="5">
				<expression>page=10</expression>
			</RegExp>
			<!-- búsqueda de google -->
			<RegExp conditional="GoogleAdvSearch" input="$$1" output="&lt;entity&gt;&lt;title&gt;\2&lt;/title&gt;&lt;url&gt;http://www.filmaffinity.com/es/film\1.html&lt;/url&gt;&lt;id&gt;\1&lt;/id&gt;&lt;/entity&gt;" dest="5">
				<expression repeat="yes">/film([0-9]*).html&amp;[^&gt;]*&gt;(.*?)( - [&lt;F].*?)?&lt;/a&gt;</expression>
			</RegExp>
			<expression noclean="1" />
		</RegExp>
	</GetSearchResults>

	<!-- obtención de los detalles de la película (algunos por duplicado para almacenaje y uso posterior) -->
	<GetDetails dest="3" clearbuffers="no">
		<RegExp input="$$5" output="&lt;details&gt;\1&lt;/details&gt;" dest="3">

			<!-- obtención de título FA -->
			<RegExp input="$$1" conditional="!EnableOriginalTitles" output="&lt;title&gt;\1&lt;/title&gt;" dest="5">
				<expression trim="1">&lt;h1[^&gt;]*&gt;(.*?)(\(AKA|&lt;/)</expression>
			</RegExp>

			<!-- obtención de título original -->
			<RegExp input="$$1" output="\1" dest="12">
				<expression trim="1">T&iacute;tulo original&lt;/dt&gt;[^&gt;]*?&gt;(.*?)(&lt;|\(AKA)</expression>
			</RegExp>
			<RegExp input="$$12" conditional="EnableOriginalTitles" output="&lt;title&gt;\1&lt;/title&gt;" dest="5">
				<expression noclean="1" />
			</RegExp>
			<RegExp input="$$12" output="&lt;originaltitle&gt;\1&lt;/originaltitle&gt;" dest="5+">
				<expression noclean="1" />
			</RegExp>

			<!-- obtención del año -->
			<RegExp input="$$1" output="\1" dest="13">
				<expression>A&ntilde;o&lt;/dt&gt;[^&gt;]*?&gt;([0-9]{4})</expression>
			</RegExp>
			<RegExp input="$$13" output="&lt;year&gt;\1&lt;/year&gt;" dest="5+">
				<expression noclean="1" />
			</RegExp>

			<!-- obtención del director (o directores) sin iniciales -->
			<RegExp input="$$9" output="\1|" dest="14">
				<RegExp input="$$9" output="\1 " dest="9">
					<RegExp input="$$1" output="\1" dest="9">
						<expression noclean="1">Director&lt;/dt&gt;[^&gt;]*?&gt;(.*?)&lt;/dd</expression>
					</RegExp>
					<expression repeat="yes">&quot;&gt;(.*?)(&lt;/a&gt;|\(AKA)</expression>
				</RegExp>
				<expression repeat="yes">([^ \.]{2,})</expression>
			</RegExp>

			<!-- obtención del director (o directores) -->
			<RegExp input="$$9" output="&lt;director&gt;\1&lt;/director&gt;" dest="5+">
				<RegExp input="$$1" output="\1" dest="9">
					<expression noclean="1">Director&lt;/dt&gt;[^&gt;]*?&gt;(.*?)&lt;/dd</expression>
				</RegExp>
				<expression repeat="yes">&quot;&gt;([^&lt;]+)&lt;/a&gt;</expression>
			</RegExp>

			<!-- obtención del argumento -->
			<RegExp input="$$1" output="&lt;plot&gt;\1&lt;/plot&gt;" dest="5+">
				<expression>Sinopsis&lt;/dt&gt;[^&gt;]*?&gt;(.*?)(\(FILMAFFINITY\)|&lt;/dd&gt;)</expression>
			</RegExp>

			<!-- obtención del país -->
			<RegExp input="$$1" output="&lt;country&gt;\1&lt;/country&gt;" dest="5+">
				<expression>countries/...jpg&quot; title=&quot;([^&quot;]*)</expression>
			</RegExp>

			<!-- obtención del género -->
			<RegExp input="$$1" output="&lt;genre&gt;\1&lt;/genre&gt;" dest="5+">
				<expression repeat="yes">moviegenre.php?[^&gt;]*&gt;([^&lt;]*)</expression>
			</RegExp>

			<!-- obtención de estudio (productora) -->
			<!-- si "miniaturas de estudio" desactivado: descargamos todo -->
			<RegExp conditional="!StudioFlagsON" input="$$9" output="&lt;studio&gt;\1&lt;/studio&gt;" dest="5+">
				<RegExp input="$$1" output="\1" dest="9">
					<expression>Productora&lt;/dt&gt;[^&gt;]*?&gt;([^&lt;]*)</expression>
				</RegExp>
				<expression repeat="yes" trim="1">([^,\;/]+)</expression>
			</RegExp>
			<!-- si activado: descargamos sólo la primera productora -->
			<RegExp conditional="StudioFlagsON" input="$$9" output="&lt;studio&gt;\1&lt;/studio&gt;" dest="5+">
				<RegExp input="$$1" output="\1" dest="9">
					<expression>Productora&lt;/dt&gt;[^&gt;]*?&gt;([^&lt;/]*)</expression>
				</RegExp>
				<!-- limpiamos cosas como "Coproducción Alemana-Francia;" -->
				<expression trim="1">(?:(?:[^\;]*)\;\s)?(.*)</expression>
			</RegExp>

			<!-- obtención de guionistas -->
			<RegExp input="$$9" output="&lt;credits&gt;\1&lt;/credits&gt;" dest="5+">
				<RegExp input="$$1" output="\1" dest="9">
					<expression>Gui&oacute;n&lt;/dt&gt;[^&gt;]*?&gt;(.*?)(\(|&lt;)</expression>
				</RegExp>
				<expression repeat="yes" trim="1">(.*?)(&amp;amp;|;|,|$)</expression>
			</RegExp>

			<!-- obtención de puntuación y número de votos de filmaffinity (si búsqueda rápida) -->
			<RegExp conditional="EnableFastSearch" input="$$9" output="\1" dest="5+">
				<RegExp input="$$1" output="&lt;rating&gt;\1.\2&lt;/rating&gt;&lt;votes&gt;\3&lt;/votes&gt;" dest="9">
					<expression>movie-rat-avg[^0-9]*?([0-9]),([0-9]).*?movie-count-rat[^0-9]*?([0-9\.]+)</expression>
				</RegExp>
				<expression noclean="1" />
			</RegExp>
			<!-- obtención de puntuación y número de votos de filmaffinity (si no IMDB) -->
			<RegExp conditional="!IMDBRatings" input="$$9" output="\1" dest="5+">
				<RegExp input="$$1" output="&lt;rating&gt;\1.\2&lt;/rating&gt;&lt;votes&gt;\3&lt;/votes&gt;" dest="9">
					<expression>movie-rat-avg[^0-9]*?([0-9]),([0-9]).*?movie-count-rat[^0-9]*?([0-9\.]+)</expression>
				</RegExp>
				<expression noclean="1" />
			</RegExp>

			<!-- obtención de duración -->
			<RegExp input="$$1" output="&lt;runtime&gt;\1&lt;/runtime&gt;" dest="5+">
				<expression>Duraci&oacute;n&lt;/dt&gt;[^&gt;]*?&gt;([0-9]*)</expression>
			</RegExp>

			<!-- obtención de listado de actores desde filmaffinity (si búsqueda rápida) -->
			<RegExp conditional="EnableFastSearch" input="$$1" output="&lt;actor&gt;&lt;name&gt;\1&lt;/name&gt;&lt;/actor&gt;" dest="5+">
				<expression repeat="yes">stype=cast[^&gt;]*&gt;([^&lt;]*)</expression>
			</RegExp>
			<!-- obtención de listado de actores desde filmaffinity (si no IMDB) -->
			<RegExp conditional="!IMDBCast" input="$$1" output="&lt;actor&gt;&lt;name&gt;\1&lt;/name&gt;&lt;/actor&gt;" dest="5+">
				<expression repeat="yes">stype=cast[^&gt;]*&gt;([^&lt;]*)</expression>
			</RegExp>

			<!-- obtención del IMDBid -->
			<RegExp conditional="!EnableFastSearch" input="$$9" output="&lt;url function=&quot;GetIMDBid&quot;&gt;\1&lt;/url&gt;" dest="5+">
				<!-- descomponemos en palabras el título original y las unimos con "+" -->
				<RegExp input="$$12" output="\1+" dest="9">
					<!-- son válidos aperturas de paréntesis, letras mayúsculas y minúsculas, números, -->
					<!-- y caracteres latinos "singulares" (fuente: http://www.ascii.cl/htmlcodes.htm) -->
					<expression repeat="yes">([\(A-Za-z0-9\xC0-\xFF]+)</expression>
				</RegExp>
				<!-- búsqueda en imdb, sin el año -->
				<RegExp conditional="!GoogleAdvSearch" input="$$9" output="http://www.imdb.com/xml/find?xml=1&nr=1&tt=on&q=\1" dest="9">
					<!-- nos quedamos con el título original sólo hasta encontrar (o no) una apertura de paréntesis -->
					<RegExp input="$$9" output="\1" dest="9">
						<expression>([^\(]+)</expression>
					</RegExp>
					<expression />
				</RegExp>
				<!-- búsqueda en google, con el año -->
				<RegExp conditional="GoogleAdvSearch" input="$$9" output="http://www.google.com/search?q=site:imdb.com+\1($$13)" dest="9">
					<expression />
				</RegExp>
				<expression />
			</RegExp>

			<!-- hd-trailers 480p -->
			<RegExp conditional="EnableHDTrailers" input="$INFO[HDTrailersQ]" output="&lt;chain function=&quot;GetHDTrailersnet480p&quot;&gt;$$6&lt;/chain&gt;" dest="5+">
				<RegExp input="$$5" output="\1" dest="6">
					<expression noclean="1">&lt;originaltitle&gt;([^&lt;]*)</expression>
				</RegExp>
				<expression>HD-Trailers\(480p\)</expression>
			</RegExp>
			<!-- hd-trailers 720p -->
			<RegExp conditional="EnableHDTrailers" input="$INFO[HDTrailersQ]" output="&lt;chain function=&quot;GetHDTrailersnet720p&quot;&gt;$$6&lt;/chain&gt;" dest="5+">
				<RegExp input="$$5" output="\1" dest="6">
					<expression noclean="1">&lt;originaltitle&gt;([^&lt;]*)</expression>
				</RegExp>
				<expression>HD-Trailers\(720p\)</expression>
			</RegExp>
			<!-- hd-trailers 1080p -->
			<RegExp conditional="EnableHDTrailers" input="$INFO[HDTrailersQ]" output="&lt;chain function=&quot;GetHDTrailersnet1080p&quot;&gt;$$6&lt;/chain&gt;" dest="5+">
				<RegExp input="$$5" output="\1" dest="6">
					<expression noclean="1">&lt;originaltitle&gt;([^&lt;]*)</expression>
				</RegExp>
				<expression>HD-Trailers\(1080p\)</expression>
			</RegExp>
			
			<!-- trailer de filmaffinity -->
			<RegExp conditional="EnableFATrailer" input="$$6" output="&lt;url function=&quot;SearchTrailerPage&quot;&gt;http://www.filmaffinity.com/es/evideos.php\1&lt;/url&gt;" dest="5+">
				<RegExp input="$$1" output="\1" dest="6">
					<expression noclean="1">/es/evideos.php([^"]+)</expression>
				</RegExp>
				<expression noclean="1" />
			</RegExp>

			<!-- si "solo poster" descarga el primer poster de filmaffinity -->
			<RegExp conditional="FirstFilmAffinityPoster" input="$$1" output="&lt;thumb&gt;http://pics.filmaffinity.com/\1&lt;/thumb&gt;" dest="5+">
				<expression noclean="1">pics.filmaffinity.com/([^&quot;]*)</expression>
			</RegExp>
			
			<!-- Descargar todos los posters que haya en filmaffinity -->
			<RegExp conditional="!FirstFilmAffinityPoster" input="$$9" output="\1" dest="5+">
				<RegExp conditional="EnableFilmAffinityPosters" input="$$1" output="&lt;url function=&quot;GetFilmAffinityPosters&quot;&gt;http://www.filmaffinity.com/es/filmimages.php\1&lt;/url&gt;" dest="9">
					<expression noclean="1">(\?movie_id[^"]+)</expression>
				</RegExp>
				<expression noclean="1" />
			</RegExp>
			
			<!-- eliminamos todos los espacios en blanco que hayan aparecido por el camino -->
			<RegExp input="$$5" output="\1 " dest="5">
				<expression repeat="yes" noclean="1">(\S+)</expression>
			</RegExp>
			
			<!-- y le devolvemos todos los detalles al señor XBMC -->
			<expression noclean="1" />
		</RegExp>
	</GetDetails>

	<!-- obtención y uso del id de IMDB -->
	<GetIMDBid dest="3">
		<RegExp input="$$5" output="&lt;details&gt;\1&lt;/details&gt;" dest="3">

			<!-- obtención del id de IMDB buscando el resultado óptimo en la salida XML de IMDB -->
			<!-- el uso de [^g,&gt;]*, tras el año es para eliminar los géneros de "video game" -->
			<!-- el uso de ($$14,) en la búsqueda del director es para rematarla, p.ej. con "," -->
			<RegExp conditional="!GoogleAdvSearch" input="$$6" output="&lt;id&gt;tt\1&lt;/id&gt;" dest="5">
				<!-- reseteamos la variable que almacenará el id de IMDB -->
				<RegExp input="" output="0" dest="6">
					<expression />
				</RegExp>
				<!-- coincidencia con año (laxo) -->
				<RegExp input="$$1" output="\1" dest="6">
					<expression>tt([0-9]*)[^&lt;]+&lt;Description&gt;$$13</expression>
				</RegExp>
				<!-- coincidencia con año -->
				<RegExp input="$$1" output="\1" dest="6">
					<expression>tt([0-9]*)[^&lt;]+&lt;Description&gt;$$13[^,g]*,</expression>
				</RegExp>
				<!-- coincidencia con apellido de director -->
				<RegExp input="$$1" output="\1" dest="6">
					<expression>tt([0-9]*)[^&lt;]+&lt;Description&gt;[0-9]{4}[^g,&gt;]*,[^&gt;]+[^&lt;]+($$14,)&lt;</expression>
				</RegExp>
				<!-- coincidencia con año y apellido de director -->
				<RegExp input="$$1" output="\1" dest="6">
					<expression>tt([0-9]*)[^&lt;]+&lt;Description&gt;$$13[^g,&gt;]*,[^&gt;]+[^&lt;]+($$14,)&lt;</expression>
				</RegExp>
				<expression noclean="1" />
			</RegExp>

			<!-- obtención del id de IMDB a través de google -->
			<RegExp conditional="GoogleAdvSearch" input="$$6" output="&lt;id&gt;tt\1&lt;/id&gt;" dest="5">
				<RegExp input="$$1" output="\1" dest="6">
					<expression>/title/tt([0-9]*)</expression>
				</RegExp>
				<expression noclean="1" />
			</RegExp>

			<RegExp conditional="!FirstFilmAffinityPoster" input="$$6" output="$$9" dest="5+">
				<!-- obtención de los pósters de TheMovieDatabase.org -->
				<RegExp conditional="EnableTMDBPoster" input="$$6" output="&lt;chain function=&quot;GetTMDBLangThumbsByIdChain&quot;&gt;tt\1&lt;/chain&gt;" dest="9">
					<expression />
				</RegExp>
				<!-- obtención de los pósters de MoviePosterDB -->
				<RegExp conditional="EnableMoviePosterDB" input="$$6" output="&lt;chain function=&quot;GetMoviePosterDBThumbs&quot;&gt;tt\1&lt;/chain&gt;" dest="9+">
					<expression />
				</RegExp>
				<!-- obtención de los pósters de IMDB -->
				<RegExp conditional="EnableIMDBPosters" input="$$6" output="&lt;chain function=&quot;GetIMDBThumbsById&quot;&gt;tt\1&lt;/chain&gt;" dest="9+">
					<expression />
				</RegExp>
				<!-- obtención de los pósters de IMPAwards -->
				<RegExp conditional="EnableIMPAwards" input="$$6" output="&lt;chain function=&quot;GetIMPAThumbsById&quot;&gt;tt\1&lt;/chain&gt;" dest="9+">
					<expression />
				</RegExp>
				<!-- obtención del póster de trakt.tv -->
				<RegExp conditional="EnableTracktPoster" input="$$6" output="&lt;url function=&quot;GetTracktPoster&quot;&gt;http://trakt.tv/search/imdb?q=tt$$6&lt;/url&gt;" dest="9+">
					<expression />
				</RegExp>
				<expression noclean="1" />
			</RegExp>
			
			<!-- obtención de título de colección desde TMDB-->
			<RegExp conditional="EnableTMDBSet" input="$$6" output="&lt;chain function=&quot;GetTMDBLangSetByIdChain&quot;&gt;tt\1&lt;/chain&gt;" dest="5+">
				<expression />
			</RegExp>
			
			<!-- obtención de los fanarts de TheMovieDatabase.org -->
			<RegExp conditional="EnableTMDBFanArt" input="$$6" output="&lt;chain function=&quot;GetTMDBFanartByIdChain&quot;&gt;tt\1&lt;/chain&gt;" dest="5+">
				<expression />
			</RegExp>
			
			<!-- obtención de los fanarts de trakt.tv -->
			<RegExp conditional="EnableTracktFanArt" input="$$6" output="&lt;url function=&quot;GetTracktFanart&quot;&gt;http://trakt.tv/search/imdb?q=tt\1&lt;/url&gt;" dest="5+">
				<expression />
			</RegExp>
			
			<!-- configuración: trailer de tmdb -->
			<RegExp conditional="EnableTMDBTrailer" input="$$6" output="&lt;chain function=&quot;GetTMDBLangTrailerByIdChain&quot;&gt;tt\1&lt;/chain&gt;" dest="5+">
				<expression />
			</RegExp>

			<!-- obtención del listado completo de actores desde IMDB -->
			<RegExp conditional="IMDBCast" input="$$6" output="&lt;chain function=&quot;GetIMDBFullCastById&quot;&gt;tt\1&lt;/chain&gt;" dest="5+">
				<expression />
			</RegExp>

			<!-- obtención de información extra de IMDB (top250, rating, etc) -->
			<RegExp conditional="ExtraIMDB" input="$$6" output="&lt;url function=&quot;GetImdbStuff&quot;&gt;http://www.imdb.com/title/tt\1/combined&lt;/url&gt;" dest="5+">
				<expression />
			</RegExp>
			
			<expression noclean="1" />
		</RegExp>
	</GetIMDBid>

	<!-- función para obtener trailers desde filmaffinity -->
	<SearchTrailerPage dest="5">
		<RegExp input="$$1" output="&lt;details&gt;&lt;trailer&gt;plugin://plugin.video.youtube/?action=play_video&amp;videoid=\1&lt;/trailer&gt;</details>" dest="5+">
			<expression noclean="1">http://www.youtube.com/v/([^&amp;|^\\]*)</expression>
		</RegExp>
	</SearchTrailerPage>
	
	<!-- función para la obtención de pósters de filmaffinity -->
	<GetFilmAffinityPosters dest="5">
		<RegExp input="$$10" output="&lt;details&gt;\1&lt;/details&gt;" dest="5">
			<RegExp input="$$1" output="&lt;thumb&gt;http://pics.filmaffinity.com/\1&lt;/thumb&gt;" dest="10">
				<expression repeat="yes" noclean="1">url_l: \'http://pics.filmaffinity.com/([^\']*)\', description: \'\', type_id: \'Poster</expression>
			</RegExp>
			<RegExp input="$$1" output="&lt;thumb&gt;http://pics.filmaffinity.com/\1&lt;/thumb&gt;" dest="10+">
				<expression noclean="1">"http://pics.filmaffinity.com/([^"]*)</expression>
			</RegExp>
			<expression noclean="1" />
		</RegExp>
	</GetFilmAffinityPosters>
	
	<!-- función para la obtención de fanart de trackt -->
	<GetTracktFanart dest="5">
		<RegExp input="$$1" output="&lt;details&gt;&lt;fanart&gt;&lt;thumb&gt;\1&lt;/thumb&gt;&lt;/fanart&gt;&lt;/details&gt;" dest="5">
			<expression noclean="1">background-image:url\(([^\)]+)</expression>
		</RegExp>
	</GetTracktFanart>
	
	<!-- función para la obtención de póster de trackt -->
	<GetTracktPoster dest="5">
		<RegExp input="$$1" output="&lt;details&gt;&lt;thumb&gt;\1&lt;/thumb&gt;&lt;/details&gt;" dest="5">
			<expression noclean="1">picture: '([^')]+)</expression>
		</RegExp>
	</GetTracktPoster>
	
	<!-- función para la obtención de detalles extra de IMDb -->
	<GetImdbStuff dest="5">
		<RegExp input="$$6" output="&lt;details&gt;\1&lt;/details&gt;" dest="5">

			<!-- obtención de Top250 -->
			<RegExp input="$$1" output="&lt;top250&gt;\1&lt;/top250&gt;" dest="6">
				<expression>Top 250: #([0-9]+)</expression>
			</RegExp>

			<!-- obtención de ratings MPAA -->
			<RegExp input="$$1" output="&lt;mpaa&gt;\1&lt;/mpaa&gt;" dest="6+">
				<expression>MPAA.*?class=&quot;info-content&quot;&gt;([^&lt;]+)</expression>
			</RegExp>

			<!-- obtención de puntuación y número de votos -->
			<RegExp conditional="IMDBRatings" input="$$1" output="&lt;rating&gt;\1&lt;/rating&gt;&lt;votes&gt;\2&lt;/votes&gt;" dest="6+">
				<expression>class=&quot;starbar-meta&quot;.*?([0-9\.]+).*?href=&quot;ratings&quot;[^&gt;]+&gt;([0-9,]+)</expression>
			</RegExp>

			<!-- obtención de eslogan -->
			<RegExp input="$$1" output="&lt;tagline&gt;\1&lt;/tagline&gt;" dest="6+">
				<expression>Tagline:.*?class=&quot;info-content&quot;&gt;([^&lt;]+)</expression>
			</RegExp>

			<expression noclean="1" />
		</RegExp>
	</GetImdbStuff>

</scraper>
