<?xml version="1.0" encoding="UTF-8" standalone="yes"?>
<addon id="repository.TheYid" name="TheYid REPO" version="0.0.1" provider-name="tcz009">
	<extension point="xbmc.addon.repository" name="TheYid Addon Repository">
		<info compressed="false">https://github.com/TheYid/My-Repo/raw/master/addons.xml</info>
		<checksum>https://github.com/TheYid/My-Repo/raw/master/addons.xml.md5</checksum>
		<datadir zip="true">https://github.com/TheYid/My-Repo/raw/master/zips</datadir>
	</extension>
	<extension point="xbmc.addon.metadata">
		<summary>Install MY Addons</summary>
		<description>Download and install addons from tcz009.......For OFFICIAL Support please Visit XBMCHUB.COM</description>
		<platform>all</platform>
	</extension>
</addon>

