<?xml version="1.0" encoding="UTF-8" standalone="yes"?>
<addon id="plugin.video.quake.live" name="Quake Live" provider-name="willforde" version="1.0.2">
	<requires>
		<import addon="xbmc.python" version="2.1.0"/>
		<import addon="script.module.xbmcutil" version="2.1.0"/>
	</requires>
	<extension library="addon.py" point="xbmc.python.pluginsource">
		<provides>video</provides>
	</extension>
	<extension point="xbmc.addon.metadata">
		<language>en</language>
		<platform>all</platform>
		<summary lang="en">QuakeLive, Archived Quake Live Matchs.</summary>
		<description lang="en">QuakeLive.tv's goal is to supply everything in one destination--information on upcoming matches, archives of past matches, tons of great video on demand that shows full-length match replays from the lead shoutcaster's perspetive, an expansive demo collection, and tons of other great, community-building features.</description>
		<license>GNU GENERAL PUBLIC LICENSE. Version 3, June 2007</license>
		<email>willforde+xbmc@gmail.com</email>
		<forum>http://forum.xbmc.org/showthread.php?tid=178799</forum>
		<source>https://github.com/willforde/plugin.video.quake.live</source>
		<website>http://www.quake-live.tv</website>
	</extension>
</addon>