<?xml version="1.0" encoding="UTF-8" standalone="yes"?>
<addon id="plugin.video.tasteofhome"
	name="Taste of Home"
	version="1.0.3"
	provider-name="xbmchub.com">
  <requires>
    <import addon="xbmc.python" version="2.0"/>
    <import addon="plugin.video.youtube" version="3.0.0"/>
  </requires>
  <extension point="xbmc.python.pluginsource" library="default.py">
    <provides>video</provides>
  </extension>
  <extension point="xbmc.addon.metadata">
    <summary lang="en">See how-to cooking videos online, video recipes for parties, dinners and more</summary>
    <description lang="en">ADDON WORKS BEST IN USA BECAUSE OF GEO-LOCKING
Watch and share experiences in the kitchen with our collection of recipe, tip and how-to cooking videos from our Taste of Home Kitchens and around the web. Check back often, new videos are added daily! </description>
    <platform>all</platform>
    <forum>http://www.xbmchub.com/forums/official-xbmc-hub-repo/</forum>
    <website>http://www.xbmchub.com/</website>
  </extension>
</addon>
