﻿<?xml version="1.0" encoding="UTF-8" standalone="yes"?>
<addon id="plugin.video.nowfilms.ru"
       name="[COLOR FF00FF00]Кино портал ([/COLOR][COLOR FF00FFFF]Now[/COLOR][COLOR FFFF0040]Films.ru[/COLOR][COLOR FF00FF00])[/COLOR]"
       version="1.0.11"
       provider-name="Silen">
  <requires>
    <import addon="xbmc.python" version="2.1.0"/>
  </requires>
  <extension point="xbmc.python.pluginsource"
             provides="video"
             library="default.py">
    <provides>video</provides>
  </extension>
  <extension point="xbmc.addon.metadata">
    <summary>NowFilms.ru</summary>
    <description>Медиапортал [COLOR FF00FFFF]Now[/COLOR][COLOR FFFF0040]Films.ru[/COLOR] - фильмы, сериалы.</description>
    <platform>all</platform>
  </extension>
</addon>

