<?xml version="1.0" encoding="UTF-8" standalone="yes"?>
<addon id="plugin.video.xbmc-czech.StreamCZ"
       name="Stream.cz"
       version="0.8"
       provider-name="Tomas Pokorny">
  <requires>
    <import addon="xbmc.python" version="1.0"/>
    <import addon="script.module.xbmc-czech.common" version="1.0"/>
  </requires>
  <extension point="xbmc.python.pluginsource" library="default.py">
    <provides>video</provides>
  </extension>
  <extension point="xbmc.addon.metadata">
    <platform>all</platform>
    <summary>Video plugin for www.Stream.cz</summary>
    <summary lang="cs">Video plugin pro www.Stream.cz</summary>
    <description>
        Plugin for playing videos from http://www.stream.cz
            (TV Prima, TV Ocko, Public TV, ...)

        Testing version: There are not working some pages with special design in this version.

        Project page (bugreport, forum, ...) on http://xbmc-czech.sf.net/
    </description>
    <description lang="cs">
        Plugin pro přehrávání videí z http://www.stream.cz
            (TV Prima, TV Óčko, Public TV, ...)

        Testovací verze: Zatím zde nefunguje prehrávání videí z některých stránek se speciálním designem.

        Stránka projektu (hlášní chyb, fórum, ...) na http://xbmc-czech.sf.net/
    </description>
  </extension>
</addon>
