<?xml version="1.0" encoding="UTF-8" standalone="yes"?>
<addon id="plugin.video.cokestudio" name="Coke Studio" version="0.0.2" provider-name="Irfan Charania">
  <requires>
    <import addon="xbmc.python" version="2.1.0"/>
    <import addon="script.module.xbmcswift2" version="2.4.0"/>
    <import addon="script.module.beautifulsoup" version="3.0.8"/>
    <import addon="script.module.urlresolver"/>
    <import addon="script.module.requests"/>
    <import addon="plugin.video.vimeo"/>
    <import addon="plugin.video.youtube"/>
  </requires>
  <extension point="xbmc.python.pluginsource" library="addon.py">
    <provides>video</provides>
  </extension>
  <extension point="xbmc.addon.metadata">
    <platform>all</platform>
    <language></language>
    <summary>Coke Studio</summary>
    <description>Coke Studio is a music television series which features live studio-recorded music performances by various artists.</description>
    <disclaimer>This addon makes no warranties, expressed or implied, and
    hereby disclaims and negates all other warranties, including without
    limitation, implied warranties or conditions of merchantability,
    fitness for a particular purpose, or non-infringement of intellectual
    property or other violation of rights</disclaimer>
    <forum></forum>
    <license>The MIT License (MIT), 2013</license>
  </extension>
</addon>
