<?xml version="1.0" encoding="UTF-8"?>
<?xml-stylesheet type='text/xsl' href='http://supertv.3owl.com/style.xsl'?>
<streams>
	<stream>
	<title>BBC One</title>
	<info resolution="768x420" bitrate="1000kbps"/>
	<swfUrl>http://www.filmon.com/tv/modules/FilmOnTV/files/flashapp/filmon/FilmonPlayer.swf?v=f</swfUrl>
	<link>rtmp://69.55.53.11/live14</link>
	<pageUrl><![CDATA[http://www.filmon.com/htmlmain]]></pageUrl>
	<playpath>14.low.stream</playpath>
	<advanced>live=1 swfVfy=1</advanced>
	<backup>
	  <swfUrl>http://www.filmon.com/tv/modules/FilmOnTV/files/flashapp/filmon/FilmonPlayer.swf?v=f</swfUrl>
  	<link>rtmp://69.55.53.11/live14</link>
  	<pageUrl><![CDATA[http://www.filmon.com/htmlmain]]></pageUrl>
  	<playpath>14.high.stream</playpath>
  	<advanced>live=1 swfVfy=1</advanced>
  </backup>
	<language>English</language>
	<epgid>skyuk:2002</epgid>
	<logourl>http://upload.wikimedia.org/wikipedia/commons/thumb/f/fb/BBC_One_logo.svg/1000px-BBC_One_logo.svg.png</logourl>
	</stream>
	<stream>
	<title>BBC Two</title>
	<info resolution="768x420" bitrate="1000kbps"/>
	<swfUrl>http://www.filmon.com/tv/modules/FilmOnTV/files/flashapp/filmon/FilmonPlayer.swf?v=f</swfUrl>
	<link>rtmp://69.55.53.11/live25</link>
	<pageUrl><![CDATA[http://www.filmon.com/htmlmain]]></pageUrl>
	<playpath>25.low.stream</playpath>
	<language>English</language>
	<advanced>live=1 swfVfy=1</advanced>
	<backup>
	  <swfUrl>http://www.filmon.com/tv/modules/FilmOnTV/files/flashapp/filmon/FilmonPlayer.swf?v=f</swfUrl>
  	<link>rtmp://69.55.53.11/live25</link>
  	<pageUrl><![CDATA[http://www.filmon.com/htmlmain]]></pageUrl>
  	<playpath>25.high.stream</playpath>
  	<advanced>live=1 swfVfy=1</advanced>
  </backup>
	<epgid>skyuk:2006</epgid>
	<logourl>http://upload.wikimedia.org/wikipedia/commons/thumb/e/e5/BBC_Two.svg/1000px-BBC_Two.svg.png</logourl>
	</stream>
	<stream>
	<title>Channel 4</title>
  <info resolution="768x420" bitrate="1000kbps"/>
	<swfUrl>http://www.filmon.com/tv/modules/FilmOnTV/files/flashapp/filmon/FilmonPlayer.swf?v=f</swfUrl>
	<link>rtmp://69.55.57.86/live2</link>
	<pageUrl><![CDATA[http://www.filmon.com/htmlmain]]></pageUrl>
	<playpath>2.low.stream</playpath>
	<language>English</language>
	<advanced>live=1 swfVfy=1</advanced>
	<backup>
	  <swfUrl>http://www.filmon.com/tv/modules/FilmOnTV/files/flashapp/filmon/FilmonPlayer.swf?v=f</swfUrl>
  	<link>rtmp://69.55.53.11/live2</link>
  	<pageUrl><![CDATA[http://www.filmon.com/htmlmain]]></pageUrl>
  	<playpath>2.high.stream</playpath>
  	<advanced>live=1 swfVfy=1</advanced>
  </backup>
	<epgid>skyuk:1621</epgid>
	<logourl>http://upload.wikimedia.org/wikipedia/en/thumb/1/1d/Channel_4HD_Logo.svg/1000px-Channel_4HD_Logo.svg.png</logourl>
	</stream>
	<stream>
	<title>Channel 5</title>
	<info resolution="768x420" bitrate="1000kbps"/>
	<swfUrl>http://www.filmon.com/tv/modules/FilmOnTV/files/flashapp/filmon/FilmonPlayer.swf?v=f</swfUrl>
	<link>rtmp://69.55.57.86/live22</link>
	<pageUrl><![CDATA[http://www.filmon.com/htmlmain]]></pageUrl>
	<playpath>22.low.stream</playpath>
	<language>English</language>
	<advanced>live=1 swfVfy=1</advanced>
	<backup>
	  <swfUrl>http://www.filmon.com/tv/modules/FilmOnTV/files/flashapp/filmon/FilmonPlayer.swf?v=f</swfUrl>
  	<link>rtmp://69.55.53.11/live22</link>
  	<pageUrl><![CDATA[http://www.filmon.com/htmlmain]]></pageUrl>
  	<playpath>22.high.stream</playpath>
  	<advanced>live=1 swfVfy=1</advanced>
  </backup>
	<epgid>skyuk:1801</epgid>
	<logourl>http://upload.wikimedia.org/wikipedia/commons/thumb/5/57/Channel_5_logo_2011.svg/1000px-Channel_5_logo_2011.svg.png</logourl>
	</stream>
<stream>
	<title>BBC HD</title>
	<info resolution="768x420" bitrate="1000kbps"/>
	<swfUrl>http://www.tvsector.com/wp-content/uploads/jw-player-plugin-for-wordpress/player/player.swf</swfUrl>
	<link>rtmp://tv.futubox.com/live</link>
	<pageUrl><![CDATA[http://www.futubox.com/]]></pageUrl>
	<playpath>z010201.stream</playpath>
	<language>English</language>
	<advanced>live=1</advanced>
	<epgid>skyuk:2075</epgid>
	<logourl>http://upload.wikimedia.org/wikipedia/commons/thumb/a/a4/BBC_HD.svg/1000px-BBC_HD.svg.png</logourl>
	<backup>
	  <link>http://tv.futubox.com:1935/live/z010201.stream/playlist.m3u8</link>
	</backup>
	</stream>
	<stream>
	<title>ITV1</title>
	<info resolution="768x420" bitrate="1000kbps"/>
	<swfUrl>http://www.filmon.com/tv/modules/FilmOnTV/files/flashapp/filmon/FilmonPlayer.swf?v=f</swfUrl>
	<link>rtmp://69.55.53.11/live11</link>
	<pageUrl><![CDATA[http://www.filmon.com/htmlmain]]></pageUrl>
	<playpath>11.low.stream</playpath>
	<language>English</language>
	<advanced>live=1 swfVfy=1</advanced>
	<backup>
	  <swfUrl>http://www.filmon.com/tv/modules/FilmOnTV/files/flashapp/filmon/FilmonPlayer.swf?v=f</swfUrl>
  	<link>rtmp://69.55.53.11/live11</link>
  	<pageUrl><![CDATA[http://www.filmon.com/htmlmain]]></pageUrl>
  	<playpath>11.high.stream</playpath>
  	<advanced>live=1 swfVfy=1</advanced>
  </backup>
	<epgid>skyuk:6000</epgid>
	<logourl>http://upload.wikimedia.org/wikipedia/en/thumb/f/ff/ITV1.svg/1000px-ITV1.svg.png</logourl>
	</stream>
	<stream>
	<title>ITV2 HD</title>
	<info resolution="768x420" bitrate="1000kbps"/>
	<swfUrl>http://www.tvsector.com/wp-content/uploads/jw-player-plugin-for-wordpress/player/player.swf</swfUrl>
	<link>rtmp://tv.futubox.com/live</link>
	<pageUrl><![CDATA[http://www.futubox.com/]]></pageUrl>
	<playpath>z020102.stream</playpath>
	<language>English</language>
	<advanced>live=1</advanced>
	<epgid>skyuk:6532</epgid>
	<logourl>http://upload.wikimedia.org/wikipedia/en/thumb/3/3c/ITV2_HD.svg/1000px-ITV2_HD.svg.png</logourl>
	<backup>
	  <link>http://tv.futubox.com:1935/live/z020102.stream/playlist.m3u8</link>
	</backup>
	</stream>
	<stream>
	<title>ITV3 HD</title>
	<info resolution="768x420" bitrate="1000kbps"/>
	<swfUrl>http://www.tvsector.com/wp-content/uploads/jw-player-plugin-for-wordpress/player/player.swf</swfUrl>
	<link>rtmp://tv.futubox.com/live</link>
	<pageUrl><![CDATA[http://www.futubox.com/]]></pageUrl>
	<playpath>z020103.stream</playpath>
	<language>English</language>
	<advanced>live=1</advanced>
	<epgid>skyuk:6533</epgid>
	<logourl>http://upload.wikimedia.org/wikipedia/en/thumb/e/ef/ITV3_HD.svg/1000px-ITV3_HD.svg.png</logourl>
	<backup>
	  <link>http://tv.futubox.com:1935/live/z020103.stream/playlist.m3u8</link>
	</backup>
	</stream>
	<stream>
	<title>ITV4</title>
	<info resolution="768x420" bitrate="1000kbps"/>
	<swfUrl>http://www.filmon.com/tv/modules/FilmOnTV/files/flashapp/filmon/FilmonPlayer.swf?v=f</swfUrl>
	<link>rtmp://69.55.53.11/live101</link>
	<pageUrl><![CDATA[http://www.filmon.com/htmlmain]]></pageUrl>
	<playpath>101.low.stream</playpath>
	<language>English</language>
	<advanced>live=1 swfVfy=1</advanced>
	<backup>
	  <swfUrl>http://www.filmon.com/tv/modules/FilmOnTV/files/flashapp/filmon/FilmonPlayer.swf?v=f</swfUrl>
  	<link>rtmp://69.55.53.11/live101</link>
  	<pageUrl><![CDATA[http://www.filmon.com/htmlmain]]></pageUrl>
  	<playpath>101.high.stream</playpath>
  	<advanced>live=1 swfVfy=1</advanced>
  </backup>
	<epgid>skyuk:6272</epgid>
	<logourl>http://upload.wikimedia.org/wikipedia/en/thumb/4/43/ITV4.svg/1000px-ITV4.svg.png</logourl>
	</stream>
	<stream>
	<title>Dave</title>
	<link>http://mi5.gv.filmon.com:1935/live/370.high.stream/playlist.m3u8</link>
	<language>English</language>
	<epgid>skyuk:2306</epgid>
	<logourl>http://upload.wikimedia.org/wikipedia/commons/thumb/9/9a/Dave.svg/1000px-Dave.svg.png</logourl>
	</stream>
	<stream>
	<title>Film4</title>
	<info resolution="768x420" bitrate="1000kbps"/>
	<swfUrl>http://www.filmon.com/tv/modules/FilmOnTV/files/flashapp/filmon/FilmonPlayer.swf?v=f</swfUrl>
	<link>rtmp://69.55.57.86/live13</link>
	<pageUrl><![CDATA[http://www.filmon.com/htmlmain]]></pageUrl>
	<playpath>13.low.stream</playpath>
	<language>English</language>
	<advanced>live=1 swfVfy=1</advanced>
	<backup>
	  <swfUrl>http://www.filmon.com/tv/modules/FilmOnTV/files/flashapp/filmon/FilmonPlayer.swf?v=f</swfUrl>
  	<link>rtmp://69.55.53.11/live13</link>
  	<pageUrl><![CDATA[http://www.filmon.com/htmlmain]]></pageUrl>
  	<playpath>13.high.stream</playpath>
  	<advanced>live=1 swfVfy=1</advanced>
  </backup>
	<epgid>skyuk:1627</epgid>
	<logourl>http://upload.wikimedia.org/wikipedia/en/thumb/4/49/Film4.svg/1000px-Film4.svg.png</logourl>
	</stream>
	<stream>
	<title>E4 HD</title>
	<info resolution="768x420" bitrate="1000kbps"/>
	<swfUrl>http://www.tvsector.com/wp-content/uploads/jw-player-plugin-for-wordpress/player/player.swf</swfUrl>
	<link>rtmp://tv.futubox.com/live</link>
	<pageUrl><![CDATA[http://www.futubox.com/]]></pageUrl>
	<playpath>z050233.stream</playpath>
	<language>English</language>
	<advanced>live=1</advanced>
	<epgid>skyuk:1628</epgid>
	<logourl>http://upload.wikimedia.org/wikipedia/en/thumb/1/18/E4_%28channel%29_logo.svg/1000px-E4_%28channel%29_logo.svg.png</logourl>
	<backup>
	  <link>http://tv.futubox.com:1935/live/z050233.stream/playlist.m3u8</link>
	</backup>
	</stream>
	<stream>
	<title>More4</title>
	<info resolution="768x420" bitrate="1000kbps"/>
	<swfUrl>http://www.filmon.com/tv/modules/FilmOnTV/files/flashapp/filmon/FilmonPlayer.swf?v=f</swfUrl>
	<link>rtmp://69.55.57.86/live97</link>
	<pageUrl><![CDATA[http://www.filmon.com/htmlmain]]></pageUrl>
	<playpath>97.low.stream</playpath>
	<language>English</language>
	<advanced>live=1 swfVfy=1</advanced>
	<backup>
	  <swfUrl>http://www.filmon.com/tv/modules/FilmOnTV/files/flashapp/filmon/FilmonPlayer.swf?v=f</swfUrl>
  	<link>rtmp://69.55.53.11/live97</link>
  	<pageUrl><![CDATA[http://www.filmon.com/htmlmain]]></pageUrl>
  	<playpath>97.high.stream</playpath>
  	<advanced>live=1 swfVfy=1</advanced>
  </backup>
	<epgid>skyuk:3340</epgid>
	<logourl>http://upload.wikimedia.org/wikipedia/en/thumb/7/79/More4_logo.svg/1000px-More4_logo.svg.png</logourl>
	</stream>
	<stream>
	<title>4Music</title>
	<link>http://mi5.gv.filmon.com:1935/live/95.high.stream/playlist.m3u8</link>
	<language>English</language>
	<epgid>skyuk:1758</epgid>
	<logourl>http://upload.wikimedia.org/wikipedia/en/thumb/d/d8/4_Music_logo.svg/1000px-4_Music_logo.svg.png</logourl>
	</stream>
	<stream>
	<title>Sky Action HD</title>
	<info resolution="768x420" bitrate="1000kbps"/>
	<swfUrl>http://www.tvsector.com/wp-content/uploads/jw-player-plugin-for-wordpress/player/player.swf</swfUrl>
	<link>rtmp://tv.futubox.com/live</link>
	<pageUrl><![CDATA[http://futubox.com]]></pageUrl>
	<playpath>z050237.stream</playpath>
	<language>English</language>
	<advanced>live=1</advanced>
	<epgid>skyuk:4014</epgid>
	<logourl>http://upload.wikimedia.org/wikipedia/en/thumb/8/8d/Sky_Movies.svg/1000px-Sky_Movies.svg.png</logourl>
	<backup>
	  <link>http://tv.futubox.com:1935/live/z050237.stream/playlist.m3u8</link>
	</backup>
	</stream>
	<stream>
	<title>Sky Comedy HD</title>
	<info resolution="768x420" bitrate="1000kbps"/>
	<swfUrl>http://www.tvsector.com/wp-content/uploads/jw-player-plugin-for-wordpress/player/player.swf</swfUrl>
	<link>rtmp://tv.futubox.com/live</link>
	<pageUrl><![CDATA[http://futubox.com]]></pageUrl>
	<playpath>z050231.stream</playpath>
	<language>English</language>
	<advanced>live=1</advanced>
	<epgid>skyuk:4019</epgid>
	<logourl>http://upload.wikimedia.org/wikipedia/en/thumb/8/8d/Sky_Movies.svg/1000px-Sky_Movies.svg.png</logourl>
	<backup>
	  <link>http://tv.futubox.com:1935/live/z050231.stream/playlist.m3u8</link>
	</backup>
	</stream>
	<stream>
	<title>Sky Drama/Romance HD</title>
	<info resolution="768x420" bitrate="1000kbps"/>
	<swfUrl>http://www.tvsector.com/wp-content/uploads/jw-player-plugin-for-wordpress/player/player.swf</swfUrl>
	<link>rtmp://tv.futubox.com/live</link>
	<pageUrl><![CDATA[http://futubox.com]]></pageUrl>
	<playpath>z050229.stream</playpath>
	<language>English</language>
	<advanced>live=1</advanced>
	<epgid>skyuk:4016</epgid>
	<logourl>http://upload.wikimedia.org/wikipedia/en/thumb/8/8d/Sky_Movies.svg/1000px-Sky_Movies.svg.png</logourl>
	<backup>
	  <link>http://tv.futubox.com:1935/live/z050229.stream/playlist.m3u8</link>
	</backup>
	</stream>
	<stream>
	<title>Sky Family HD</title>
	<info resolution="768x420" bitrate="1000kbps"/>
	<swfUrl>http://www.tvsector.com/wp-content/uploads/jw-player-plugin-for-wordpress/player/player.swf</swfUrl>
	<link>rtmp://tv.futubox.com/live</link>
	<pageUrl><![CDATA[http://futubox.com]]></pageUrl>
	<playpath>z050234.stream</playpath>
	<language>English</language>
	<advanced>live=1</advanced>
	<epgid>skyuk:4018</epgid>
	<logourl>http://upload.wikimedia.org/wikipedia/en/thumb/8/8d/Sky_Movies.svg/1000px-Sky_Movies.svg.png</logourl>
	<backup>
	  <link>http://tv.futubox.com:1935/live/z050234.stream/playlist.m3u8</link>
	</backup>
	</stream>
	<stream>
	<title>Sky MDN Greatest HD</title>
	<info resolution="768x420" bitrate="1000kbps"/>
	<swfUrl>http://www.tvsector.com/wp-content/uploads/jw-player-plugin-for-wordpress/player/player.swf</swfUrl>
	<link>rtmp://tv.futubox.com/live</link>
	<pageUrl><![CDATA[http://futubox.com]]></pageUrl>
	<playpath>z050228.stream</playpath>
	<language>English</language>
	<advanced>live=1</advanced>
	<epgid>skyuk:4015</epgid>
	<logourl>http://upload.wikimedia.org/wikipedia/en/thumb/8/8d/Sky_Movies.svg/1000px-Sky_Movies.svg.png</logourl>
	<backup>
	  <link>http://tv.futubox.com:1935/live/z050228.stream/playlist.m3u8</link>
	</backup>
	</stream>
	<stream>
	<title>Sky SciFi/Horror HD</title>
	<info resolution="768x420" bitrate="1000kbps"/>
	<swfUrl>http://www.tvsector.com/wp-content/uploads/jw-player-plugin-for-wordpress/player/player.swf</swfUrl>
	<link>rtmp://tv.futubox.com/live</link>
	<pageUrl><![CDATA[http://futubox.com]]></pageUrl>
	<playpath>z050230.stream</playpath>
	<language>English</language>
	<advanced></advanced>
	<epgid>skyuk:4017</epgid>
	<logourl>http://upload.wikimedia.org/wikipedia/en/thumb/8/8d/Sky_Movies.svg/1000px-Sky_Movies.svg.png</logourl>
	<backup>
	  <link>http://tv.futubox.com:1935/live/z050230.stream/playlist.m3u8</link>
	</backup>
	</stream>
	<stream>
	<title>Sky Thriller HD</title>
	<info resolution="768x420" bitrate="1000kbps"/>
	<swfUrl>http://www.tvsector.com/wp-content/uploads/jw-player-plugin-for-wordpress/player/player.swf</swfUrl>
	<link>rtmp://tv.futubox.com/live</link>
	<pageUrl><![CDATA[http://futubox.com]]></pageUrl>
	<playpath>z050236.stream</playpath>
	<language>English</language>
	<advanced></advanced>
	<epgid>skyuk:4062</epgid>
	<logourl>http://upload.wikimedia.org/wikipedia/en/thumb/8/8d/Sky_Movies.svg/1000px-Sky_Movies.svg.png</logourl>
	<backup>
	  <link>http://tv.futubox.com:1935/live/z050236.stream/playlist.m3u8</link>
	</backup>
	</stream>
	<stream>
	<title>Sky Arts 1</title>
	<link>http://goo.gl/jnKZY</link>
	<language>English</language>
	<epgid>skyuk:1752</epgid>
	<logourl>http://upload.wikimedia.org/wikipedia/en/thumb/6/6d/Sky_Arts_logo.svg/1000px-Sky_Arts_logo.svg.png</logourl>
	</stream>
	<stream>
	<title>Sky1</title>
	<link>http://goo.gl/h6Kqy</link>
	<language>English</language>
	<epgid>skyuk:1402</epgid>
	<logourl>http://upload.wikimedia.org/wikipedia/en/thumb/9/91/Sky1_logo_2011.svg/1000px-Sky1_logo_2011.svg.png</logourl>
	</stream>
	<stream>
	<title>PICK TV</title>
  <link>http://mi7.gv.filmon.com:1935/live/371.high.stream/playlist.m3u8</link>
	<language>English</language>
	<epgid>skyuk:1832</epgid>
	<logourl>http://upload.wikimedia.org/wikipedia/en/thumb/3/37/Pick_TV.svg/1000px-Pick_TV.svg.png</logourl>
	</stream>
	<stream>
	<title>MGM HD</title>
	<info resolution="768x420" bitrate="1000kbps"/>
	<swfUrl>http://www.tvsector.com/wp-content/uploads/jw-player-plugin-for-wordpress/player/player.swf</swfUrl>
	<link>rtmp://tv.tvsector.com/live </link>
	<pageUrl><![CDATA[http://www.futubox.com/]]></pageUrl>
	<playpath>z020401.stream</playpath>
	<language>English</language>
	<advanced>live=1</advanced>
	<epgid>skyuk:4007</epgid>
	<logourl>http://upload.wikimedia.org/wikipedia/de/thumb/6/6c/Metro-Goldwyn-Mayer-Logo.svg/1000px-Metro-Goldwyn-Mayer-Logo.svg.png</logourl>
	<backup>
	  <link>http://tv.futubox.com:1935/live/z020401.stream/playlist.m3u8</link>
	</backup>
	</stream>
	<stream>
	<title>Syfy HD</title>
	<info resolution="768x420" bitrate="1000kbps"/>
	<swfUrl>http://www.tvsector.com/wp-content/uploads/jw-player-plugin-for-wordpress/player/player.swf</swfUrl>
	<link>rtmp://tv.tvsector.com/live </link>
	<pageUrl><![CDATA[http://www.futubox.com/]]></pageUrl>
	<playpath>z050241.stream</playpath>
	<language>English</language>
	<advanced>live=1</advanced>
	<epgid>skyuk:4074</epgid>
	<logourl>http://upload.wikimedia.org/wikipedia/it/thumb/2/24/Syfy_logo.svg/1000px-Syfy_logo.svg.png</logourl>
	<backup>
	  <link>http://tv.futubox.com:1935/live/z050241.stream/playlist.m3u8</link>
	</backup>
	</stream>
	<stream>
	<title>FX HD</title>
	<info resolution="768x420" bitrate="1000kbps"/>
	<swfUrl>http://www.tvsector.com/wp-content/uploads/jw-player-plugin-for-wordpress/player/player.swf</swfUrl>
	<link>rtmp://tv.tvsector.com/live </link>
	<pageUrl><![CDATA[http://www.futubox.com/]]></pageUrl>
	<playpath>z050232.stream</playpath>
	<language>English</language>
	<advanced>live=1</advanced>
	<epgid>skyuk:1305</epgid>
	<logourl>http://upload.wikimedia.org/wikipedia/commons/thumb/e/e3/FX_2008_logo.svg/1000px-FX_2008_logo.svg.png</logourl>
	<backup>
	  <link>http://tv.futubox.com:1935/live/z050232.stream/playlist.m3u8</link>
	</backup>
	</stream>
	<stream>
	<title>Really</title>
  <link>http://mi7.gv.filmon.com:1935/live/372.high.stream/playlist.m3u8</link>
	<language>English</language>
	<epgid>skyuk:2325</epgid>
	<logourl>http://upload.wikimedia.org/wikipedia/en/thumb/1/1f/Really_logo.svg/1000px-Really_logo.svg.png</logourl>
	</stream>
	<stream>
	<title>Comedy Central HD</title>
	<info resolution="768x420" bitrate="1000kbps"/>
	<swfUrl>http://www.tvsector.com/wp-content/uploads/jw-player-plugin-for-wordpress/player/player.swf</swfUrl>
	<link>rtmp://tv.futubox.com/live</link>
	<pageUrl><![CDATA[http://www.futubox.com/]]></pageUrl>
	<playpath>z020503.stream</playpath>
	<language>English</language>
	<advanced>live=1</advanced>
	<epgid>skyuk:4056</epgid>
	<logourl>http://upload.wikimedia.org/wikipedia/en/thumb/3/34/Comedy_Central_UK.svg/1000px-Comedy_Central_UK.svg.png</logourl>
	<backup>
	  <link>http://tv.futubox.com:1935/live/z020503.stream/playlist.m3u8</link>
	</backup>
	</stream>
	<stream>
	<title>Sky News HD</title>
	<info resolution="768x420" bitrate="1000kbps"/>
	<swfUrl>http://www.tvsector.com/wp-content/uploads/jw-player-plugin-for-wordpress/player/player.swf</swfUrl>
	<link>rtmp://tv.futubox.com/live</link>
	<pageUrl><![CDATA[http://futubox.com]]></pageUrl>
	<playpath>z050227.stream</playpath>
	<language>English</language>
	<advanced>live=1</advanced>
	<epgid>skyuk:4050</epgid>
	<logourl>http://upload.wikimedia.org/wikipedia/commons/thumb/c/c7/Sky_News.svg/1000px-Sky_News.svg.png</logourl>
	<backup>
	  <link>http://tv.futubox.com:1935/live/z050227.stream/playlist.m3u8</link>
	</backup>
	</stream>
	<stream>
	<title>EuroNews</title>
	<info resolution="768x420" bitrate="1000kbps"/>
	<swfUrl>http://www.euronews.net/media/player_live_1_12.swf</swfUrl>
	<link>rtmp://fr-par-2.stream-relay.hexaglobe.net:1935/rtpeuronewslive</link>
	<pageUrl><![CDATA[http://www.euronews.net/news/streaming-live/]]></pageUrl>
	<playpath>en_video750_flash_all.sdp</playpath>
	<language>English</language>
	<advanced>live=1</advanced>
	<epgid>skyuk:4604</epgid>
	<logourl>http://upload.wikimedia.org/wikipedia/en/thumb/9/93/Euronews_logo.svg/1000px-Euronews_logo.svg.png</logourl>
	</stream>
	<stream>
	<title>Sky Sports HD1</title>
	<info resolution="768x420" bitrate="1000kbps"/>
	<swfUrl>http://www.tvsector.com/wp-content/uploads/jw-player-plugin-for-wordpress/player/player.swf</swfUrl>
	<link>rtmp://tv.futubox.com/live</link>
	<pageUrl><![CDATA[http://futubox.com]]></pageUrl>
	<playpath>z050226.stream</playpath>
	<language>English</language>
	<advanced>live=1</advanced>
	<epgid>skyuk:4002</epgid>
	<logourl>http://upload.wikimedia.org/wikipedia/commons/thumb/e/e6/Sky_Sports_logo.svg/1000px-Sky_Sports_logo.svg.png</logourl>
	<backup>
	  <link>rtmp://cn016.castalba.tv/live</link>
	  <playpath>175253</playpath>
	  <swfUrl>http://static.castalba.tv/player.swf</swfUrl>
	  <pageUrl><![CDATA[http://castalba.tv/]]></pageUrl>
	</backup>
	<backup>
	  <link>http://tv.futubox.com:1935/live/z050226.stream/playlist.m3u8</link>
	</backup>
	</stream>
	<stream>
	<title>Sky Sports 2</title>
	<link>http://goo.gl/fVVbZ</link>
	<language>English</language>
	<epgid>skyuk:1302</epgid>
	<logourl>http://upload.wikimedia.org/wikipedia/commons/thumb/e/e6/Sky_Sports_logo.svg/1000px-Sky_Sports_logo.svg.png</logourl>
	</stream>
	<stream>
	<title>Sky Sports 3</title>
	<link>http://goo.gl/IrVm5</link>
	<language>English</language>
	<epgid>skyuk:1333</epgid>
	<logourl>http://upload.wikimedia.org/wikipedia/commons/thumb/e/e6/Sky_Sports_logo.svg/1000px-Sky_Sports_logo.svg.png</logourl>
	</stream>
	<stream>
	<title>Sky Sports 4</title>
	<link>http://goo.gl/H4byq</link>
	<language>English</language>
	<epgid>skyuk:1322</epgid>
	<logourl>http://upload.wikimedia.org/wikipedia/commons/thumb/e/e6/Sky_Sports_logo.svg/1000px-Sky_Sports_logo.svg.png</logourl>
	</stream>
	<stream>
    <title>SkyPoker.com</title>
    <swfUrl>http://www.estadio.in/player.swf</swfUrl>
    <link>rtmp://cp67698.live.edgefcs.net/live</link>
    <pageUrl>http://www.estadio.in/skypoker</pageUrl>
    <playpath>SkyPoker_500k@9124</playpath>
    <language>English</language>
    <advanced>tcUrl=rtmp://cp67698.live.edgefcs.net/live swfVfy=true</advanced>
    <epgid>skyuk:1430</epgid>
    <logourl>http://upload.wikimedia.org/wikipedia/en/6/64/Sky_Poker.png</logourl>
  </stream>
	<stream>
	<title>ESPN America HD</title>
	<info resolution="768x420" bitrate="1000kbps"/>
	<swfUrl>http://www.tvsector.com/wp-content/uploads/jw-player-plugin-for-wordpress/player/player.swf</swfUrl>
	<link>rtmp://tv.futubox.com/live</link>
	<pageUrl><![CDATA[http://futubox.com/espn-america-hd/]]></pageUrl>
	<playpath>z050201.stream</playpath>
	<language>English</language>
	<advanced>live=1</advanced>
	<epgid>skyuk:4057</epgid>
	<logourl>http://upload.wikimedia.org/wikipedia/de/thumb/d/db/ESPN_America.svg/1000px-ESPN_America.svg.png</logourl>
	<backup>
	  <link>http://tv.futubox.com:1935/live/z050201.stream/playlist.m3u8</link>
	</backup>
	</stream>
	<stream>
	<title>Eurosport HD</title>
	<info resolution="768x420" bitrate="1000kbps"/>
	<swfUrl>http://www.tvsector.com/wp-content/uploads/jw-player-plugin-for-wordpress/player/player.swf</swfUrl>
	<link>rtmp://tv.futubox.com/live</link>
	<pageUrl><![CDATA[http://www.futubox.com/]]></pageUrl>
	<playpath>z010601.stream</playpath>
	<language>English</language>
	<advanced>live=1</advanced>
	<epgid>skyuk:4004</epgid>
	<logourl>http://upload.wikimedia.org/wikipedia/de/thumb/e/ec/Eurosport_HD_2011.svg/1000px-Eurosport_HD_2011.svg.png</logourl>
	<backup>
	  <link>http://tv.futubox.com:1935/live/z010601.stream/playlist.m3u8</link>
	</backup>
	</stream>
	<stream>
	<title>Eurosport 2 HD</title>
	<info resolution="768x420" bitrate="1000kbps"/>
	<swfUrl>http://www.tvsector.com/wp-content/uploads/jw-player-plugin-for-wordpress/player/player.swf</swfUrl>
	<link>rtmp://tv.futubox.com/live</link>
	<pageUrl><![CDATA[http://www.futubox.com/]]></pageUrl>
	<playpath>z010301.stream</playpath>
	<language>English</language>
	<advanced>live=1</advanced>
	<epgid>skyuk:1841</epgid>
	<logourl>http://upload.wikimedia.org/wikipedia/de/thumb/c/cb/Eurosport_2_HD.svg/1000px-Eurosport_2_HD.svg.png</logourl>
	<backup>
	  <link>http://tv.futubox.com:1935/live/z010301.stream/playlist.m3u8</link>
	</backup>
	</stream>
	<stream>
	<title>Chelsea TV</title>
	<info resolution="768x420" bitrate="1000kbps"/>
	<link>rtmp://cp96798.live.edgefcs.net/live</link>
	<playpath>ChelTV_Ch01_1000k@26291</playpath>
	<language>English</language>
	<epgid>skyuk:1757</epgid>
	<logourl>http://img190.imageshack.us/img190/771/advertisementchelsea.png</logourl>
	</stream>
	<stream>
	<title>Discovery HD</title>
	<info resolution="768x420" bitrate="1000kbps"/>
	<swfUrl>http://www.tvsector.com/wp-content/uploads/jw-player-plugin-for-wordpress/player/player.swf</swfUrl>
	<link>rtmp://tv.futubox.com/live</link>
	<pageUrl><![CDATA[http://www.futubox.com/]]></pageUrl>
	<playpath>z050002.stream</playpath>
	<language>English</language>
	<advanced>live=1</advanced>
	<epgid>skyuk:4003</epgid>
	<logourl>http://www.mhptv.com/images/discoveryLogo.jpg</logourl>
	<backup>
	  <link>http://tv.futubox.com:1935/live/z050002.stream/playlist.m3u8</link>
	</backup>
	</stream>
	<stream>
	<title>History HD</title>
	<info resolution="768x420" bitrate="1000kbps"/>
	<swfUrl>http://www.tvsector.com/wp-content/uploads/jw-player-plugin-for-wordpress/player/player.swf</swfUrl>
	<link>rtmp://tv.futubox.com/live</link>
	<pageUrl><![CDATA[http://futubox.com/history-channel-hd/]]></pageUrl>
	<playpath>z050003.stream</playpath>
	<language>English </language>
	<advanced>live=1</advanced>
	<epgid>skyuk:4086</epgid>
	<logourl>http://www.logotypes101.com/files/887/7b701cb3925e9d0ca391256e9a1588de/lrg_History_Channel.gif</logourl>
	<backup>
	  <link>http://tv.futubox.com:1935/live/z050003.stream/playlist.m3u8</link>
	</backup>
	</stream>
	<stream>
	<title>National Geographic HD</title>
	<info resolution="768x420" bitrate="1000kbps"/>
	<swfUrl>http://www.tvsector.com/wp-content/uploads/jw-player-plugin-for-wordpress/player/player.swf</swfUrl>
	<link>rtmp://tv.futubox.com/live</link>
	<pageUrl><![CDATA[http://www.futubox.com/]]></pageUrl>
	<playpath>z050225.stream</playpath>
	<language>English</language>
	<advanced></advanced>
	<epgid>skyuk:4031</epgid>
	<logourl>http://upload.wikimedia.org/wikipedia/commons/2/22/Nat_Geo_HD.png</logourl>
	<backup>
	  <link>http://tv.futubox.com:1935/live/z050225.stream/playlist.m3u8</link>
	</backup>
	</stream>
	<stream>
	<title>Nat Geo Wild HD</title>
	<info resolution="768x420" bitrate="1000kbps"/>
	<swfUrl>http://www.tvsector.com/wp-content/uploads/jw-player-plugin-for-wordpress/player/player.swf</swfUrl>
	<link>rtmp://tv.futubox.com/live</link>
	<pageUrl><![CDATA[http://futubox.com]]></pageUrl>
	<playpath>z050204.stream</playpath>
	<language>English</language>
	<advanced>live=1</advanced>
	<epgid>skyuk:4025</epgid>
	<logourl>http://upload.wikimedia.org/wikipedia/en/thumb/4/45/Nat_Geo_Wild_logo.svg/1000px-Nat_Geo_Wild_logo.svg.png</logourl>
	<backup>
	  <link>http://tv.futubox.com:1935/live/z050204.stream/playlist.m3u8</link>
	</backup>
	</stream>
	<stream>
	<title>Animal Planet HD</title>
	<info resolution="768x420" bitrate="1000kbps"/>
	<swfUrl>http://www.tvsector.com/wp-content/uploads/jw-player-plugin-for-wordpress/player/player.swf</swfUrl>
	<link>rtmp://tv.futubox.com/live</link>
	<pageUrl><![CDATA[http://futubox.com]]></pageUrl>
	<playpath>z050001.stream</playpath>
	<language>English</language>
	<advanced>live=1</advanced>
	<epgid>skyuk:2402</epgid>
	<logourl>http://upload.wikimedia.org/wikipedia/en/7/71/287px-Animal_Planet_HD.png</logourl>
	<backup>
	  <link>http://tv.futubox.com:1935/live/z050001.stream/playlist.m3u8</link>
	</backup>
	</stream>
	<stream>
    <title>Showcase</title>
    <swfUrl>http://109.169.29.6/jw/player-licensed.swf</swfUrl>
    <link>rtmp://109.169.29.6/ShowcaseTV/livestream/</link>
    <pageUrl>http://www.information.tv/WatchLive/FlashPlayer/</pageUrl>
    <playpath>livestream</playpath>
    <language>English</language>
    <advanced />
    <epgid>skyuk:6758</epgid>
    <logourl>http://upload.wikimedia.org/wikipedia/commons/thumb/f/f4/Showcase2009.svg/1000px-Showcase2009.svg.png</logourl>
  </stream>
  <stream>
    <title>Showcase 2</title>
    <swfUrl>http://109.169.29.6/jw/player-licensed.swf</swfUrl>
    <link>rtmp://109.169.29.6/ShowcTV/livestream/</link>
    <pageUrl>http://www.information.tv/WatchLive/FlashPlayer/</pageUrl>
    <playpath>livestream</playpath>
    <language>English</language>
    <epgid>skyuk:4933</epgid>
    <logourl>http://upload.wikimedia.org/wikipedia/commons/thumb/f/f4/Showcase2009.svg/1000px-Showcase2009.svg.png</logourl>
    <advanced />
  </stream>
	<stream>
	<title>MTV Live HD</title>
	<info resolution="768x420" bitrate="1000kbps"/>
	<swfUrl>http://www.tvsector.com/wp-content/uploads/jw-player-plugin-for-wordpress/player/player.swf</swfUrl>
	<link>rtmp://tv.futubox.com/live</link>
	<pageUrl><![CDATA[http://www.futubox.com/]]></pageUrl>
	<playpath>z010001.stream</playpath>
	<language>English</language>
	<advanced>live=1</advanced>
	<epgid>skyuk:4006</epgid>
	<logourl>http://upload.wikimedia.org/wikipedia/commons/f/f1/Mtv_live_hd_new_logo.png</logourl>
	<backup>
	  <link>http://tv.futubox.com:1935/live/z010001.stream/playlist.m3u8</link>
	</backup>
	</stream>
	<stream>
	<title>Bio. HD</title>
	<info resolution="768x420" bitrate="1000kbps"/>
	<swfUrl>http://www.tvsector.com/wp-content/uploads/jw-player-plugin-for-wordpress/player/player.swf</swfUrl>
	<link>rtmp://tv.futubox.com/live</link>
	<pageUrl><![CDATA[http://www.futubox.com/]]></pageUrl>
	<playpath>z020204.stream</playpath>
	<language>English</language>
	<advanced>live=1</advanced>
	<epgid>skyuk:4087</epgid>
	<logourl>http://upload.wikimedia.org/wikipedia/commons/thumb/f/fc/The_Biography_Channel.svg/1000px-The_Biography_Channel.svg.png</logourl>
	<backup>
	  <link>http://tv.futubox.com:1935/live/z020204.stream/playlist.m3u8</link>
	</backup>
	</stream>
	<stream>
	<title>Disney XD HD</title>
	<info resolution="768x420" bitrate="1000kbps"/>
	<swfUrl>http://www.tvsector.com/wp-content/uploads/jw-player-plugin-for-wordpress/player/player.swf</swfUrl>
	<link>rtmp://tv.futubox.com/live</link>
	<pageUrl><![CDATA[http://www.futubox.com/]]></pageUrl>
	<playpath>z020101.stream</playpath>
	<language>English</language>
	<advanced>live=1</advanced>
	<epgid>skyuk:4070</epgid>
	<logourl>http://upload.wikimedia.org/wikipedia/commons/a/aa/Disney_XD_HD.png</logourl>
	<backup>
	  <link>http://tv.futubox.com:1935/live/z020101.stream/playlist.m3u8</link>
	</backup>
	</stream>
</streams>