﻿<?xml version="1.0" encoding="UTF-8" standalone="yes"?>
<addon id="plugin.video.ipanda"
    name="快来看熊猫"
    version="0.0.1"
    provider-name="jindaxia">
	<requires>
		<import addon="script.module.keyboard.chinese"  version="1.2.8"  optional="true"/>	
		<import addon="script.module.xbmcswift2" version="2.4.0" optional="false"/>
	</requires>
    <extension
        point="xbmc.python.pluginsource"
        library="default.py">
        <provides>video</provides>
    </extension>
    <extension point="xbmc.addon.metadata">
        <summary lang="en">live.ipanda.com</summary>
        <summary lang="zh">快来看熊猫</summary>
        <description lang="en">live.ipanda.com</description>
        <description lang="zh">快来看熊猫</description>
        <platform>all</platform>
    </extension>
</addon>