<?xml version="1.0" encoding="UTF-8" standalone="yes"?>
<addon id="plugin.video.happyfeetssozcutv"
       name="[COLOR orange]Sozcu TV[/COLOR]"
       version="0.0.3"
       provider-name="HappyFeets">
  <requires>
    <import addon="xbmc.python" version="1.0"/>
	  </requires>
  <extension point="xbmc.python.pluginsource" library="SOZCUTV.py">
        <provides>video</provides>
  </extension>
  <extension point="xbmc.addon.metadata">
    <summary> Sozcu TV </summary>
    <description>[COLOR orange]xbmcTR Team HappyFeets... [COLOR lightyellow]repodan kaldirilmistir. indirirseniz calismaz.[/COLOR]</description>
    <platform>all</platform>
  </extension>
</addon>
