<window>
	<defaultcontrol>200</defaultcontrol>
	<coordinates>
		<system>1</system>
		<posx>0</posx>
		<posy>0</posy>
	</coordinates>
	<animation effect="fade" time="250">WindowOpen</animation>
	<animation effect="fade" time="250">WindowClose</animation>
	<controls>
		<control type="group">
			<posx>100</posx>
			<posy>30</posy>
			<!-- ** Required ** Do not change <id> or <type> -->
			<control type="image">
				<posx>0</posx>
				<posy>0</posy>
				<width>1090</width>
				<height>700</height>
				<texture border="40">speedfan-panel.png</texture>
			</control>
			<control type="image">
				<description>Window Icon</description>
				<posx>25</posx>
				<posy>8</posy>
				<width>48</width>
				<height>48</height>
				<texture>speedfan-icon.png</texture>
			</control>
			<control type="image">
				<description>Window Title</description>
				<posx>75</posx>
				<posy>15</posy>
				<width>350</width>
				<height>35</height>
				<texture>speedfan-title.png</texture>
			</control>
			<control type="button" id="200">
				<description>Close Window button</description>
				<posx>1000</posx>
				<posy>3</posy>
				<width>64</width>
				<height>32</height>
				<label>-</label>
				<font>-</font>
				<onclick>PreviousMenu</onclick>
				<texturefocus>DialogCloseButton-focus.png</texturefocus>
				<texturenofocus>DialogCloseButton.png</texturenofocus>
				<onleft>120</onleft>
				<onright>120</onright>
				<onup>120</onup>
				<ondown>120</ondown>
				<visible>system.getbool(input.enablemouse)</visible>
			</control>
			<!-- ** Required ** Do not change <id> or <type> -->
			<control type="list" id="120">
				<posx>20</posx>
				<posy>60</posy>
				<width>1040</width>
				<height>605</height>
				<onleft>200</onleft>
				<onright>200</onright>
				<onup>120</onup>
				<ondown>120</ondown>
				<viewtype label="535">list</viewtype>
				<pagecontrol>121</pagecontrol>
				<scrolltime>200</scrolltime>
				<itemlayout height="38">					
					<control type="image">
						<posx>0</posx>
						<posy>0</posy>
						<width>1040</width>
						<height>38</height>
						<texture border="0">speedfan-overlay.png</texture>
						<visible>ListItem.Property(istitle)</visible>
					</control>
					<control type="label">
						<posx>10</posx>
						<posy>-3</posy>
						<width>1000</width>
						<height>38</height>
						<font>font18</font>
						<align>left</align>
						<aligny>center</aligny>
						<textcolor>white</textcolor>
						<selectedcolor>green</selectedcolor>
						<align>left</align>
						<info>ListItem.Label</info>
						<visible>ListItem.Property(istitle)</visible>
					</control>
					<control type="label">
						<posx>210</posx>
						<posy>0</posy>
						<width>200</width>
						<height>38</height>
						<font>font18</font>
						<align>right</align>
						<aligny>center</aligny>
						<textcolor>white</textcolor>
						<selectedcolor>green</selectedcolor>
						<align>left</align>
						<info>ListItem.Label</info>
						<visible>!ListItem.Property(istitle)</visible>
					</control>
					<control type="label">
						<posx>220</posx>
						<posy>0</posy>
						<width>200</width>
						<height>38</height>
						<font>font18</font>
						<aligny>center</aligny>
						<textcolor>white</textcolor>
						<selectedcolor>green</selectedcolor>
						<align>left</align>
						<info>ListItem.Property(value)</info>
						<visible>!ListItem.Property(istitle)</visible>
					</control>
					<control type="label">
						<posx>640</posx>
						<posy>0</posy>
						<width>200</width>
						<height>38</height>
						<font>font18</font>
						<align>right</align>
						<aligny>center</aligny>
						<textcolor>white</textcolor>
						<selectedcolor>green</selectedcolor>
						<align>left</align>
						<info>ListItem.Label2</info>
						<visible>!ListItem.Property(istitle)</visible>
					</control>
					<control type="label">
						<posx>650</posx>
						<posy>0</posy>
						<width>200</width>
						<height>38</height>
						<font>font18</font>
						<aligny>center</aligny>
						<textcolor>white</textcolor>
						<selectedcolor>green</selectedcolor>
						<align>left</align>
						<info>ListItem.Property(value2)</info>
						<visible>!ListItem.Property(istitle)</visible>
					</control>
				</itemlayout>
				<focusedlayout height="38">
					<control type="image">
						<posx>0</posx>
						<posy>0</posy>
						<width>1040</width>
						<height>38</height>
						<texture border="10">speedfan-list-focus.png</texture>
						<visible>Control.HasFocus(120)</visible>
					</control>
					<control type="image">
						<posx>0</posx>
						<posy>0</posy>
						<width>1040</width>
						<height>38</height>
						<texture border="0">speedfan-overlay.png</texture>
						<visible>ListItem.Property(istitle)</visible>
					</control>
					<control type="label">
						<posx>10</posx>
						<posy>-3</posy>
						<width>600</width>
						<height>38</height>
						<font>font18</font>
						<align>left</align>
						<aligny>center</aligny>
						<textcolor>white</textcolor>
						<selectedcolor>green</selectedcolor>
						<align>left</align>
						<info>ListItem.Label</info>
						<visible>ListItem.Property(istitle)</visible>
					</control>
					<control type="label">
						<posx>210</posx>
						<posy>0</posy>
						<width>200</width>
						<height>38</height>
						<font>font18</font>
						<align>right</align>
						<aligny>center</aligny>
						<textcolor>white</textcolor>
						<selectedcolor>green</selectedcolor>
						<align>left</align>
						<info>ListItem.Label</info>
						<visible>!ListItem.Property(istitle)</visible>
					</control>
					<control type="label">
						<posx>220</posx>
						<posy>0</posy>
						<width>200</width>
						<height>38</height>
						<font>font18</font>
						<aligny>center</aligny>
						<textcolor>white</textcolor>
						<selectedcolor>green</selectedcolor>
						<align>left</align>
						<info>ListItem.Property(value)</info>
						<visible>!ListItem.Property(istitle)</visible>
					</control>
					<control type="label">
						<posx>640</posx>
						<posy>0</posy>
						<width>200</width>
						<height>38</height>
						<font>font18</font>
						<align>right</align>
						<aligny>center</aligny>
						<textcolor>white</textcolor>
						<selectedcolor>green</selectedcolor>
						<align>left</align>
						<info>ListItem.Label2</info>
						<visible>!ListItem.Property(istitle)</visible>
					</control>
					<control type="label">
						<posx>650</posx>
						<posy>0</posy>
						<width>200</width>
						<height>38</height>
						<font>font18</font>
						<aligny>center</aligny>
						<textcolor>white</textcolor>
						<selectedcolor>green</selectedcolor>
						<align>left</align>
						<info>ListItem.Property(value2)</info>
						<visible>!ListItem.Property(istitle)</visible>
					</control>
				</focusedlayout>
			</control>
			<control type="group">
				<posx>1055</posx>
				<posy>60</posy>
				<control type="scrollbar" id="121">
					<description>scroll bar indicator for lists</description>
					<posx>0</posx>
					<posy>0</posy>
					<width>12</width>
					<height>605</height>
					<texturesliderbackground border="6">speedfan-scroll_back.png</texturesliderbackground>
					<texturesliderbar border="6">speedfan-scroll_mid.png</texturesliderbar>
					<texturesliderbarfocus border="6">speedfan-scroll_mid.png</texturesliderbarfocus>
					<textureslidernib>-</textureslidernib>
					<textureslidernibfocus>-</textureslidernibfocus>
					<orientation>vertical</orientation>
					<showonepage>false</showonepage>
					<visible>Control.IsVisible(120)</visible>
				</control>
			</control>
		</control>
	</controls>
</window>
