<?xml version="1.0" encoding="UTF-8" standalone="yes"?>
<addon id="plugin.program.sabnzbd"
       name="SABnzbd"
       version="3.0.2"
       provider-name="Popeye">
  <requires>
    <import addon="xbmc.python" version="2.1.0"/>
  </requires>
  <extension point="xbmc.python.pluginsource"
            library="default.py">
        <provides>executable</provides>
  </extension>
  <extension point="xbmc.python.module" library="lib" />
  <extension point="xbmc.addon.metadata">
    <platform>all</platform>
    <summary>SABnzbd</summary>
    <description>Plugin for managing and downloading NZBs with SABnzbd</description>
    <disclaimer></disclaimer>
  </extension>
</addon>