<?xml version="1.0" encoding="UTF-8" standalone="yes"?>
<addon id="plugin.video.watchseries-online"
       name="Watch Series Online"
       version="0.3.8"
       provider-name="Jools">
  <requires>
    <import addon="xbmc.python" version="2.0"/>
    <import addon="script.module.urlresolver" version="1.0.0"/>

  </requires>
  <extension point="xbmc.python.pluginsource"
            library="default.py">
        <provides>video</provides>
  </extension>
  <extension point="xbmc.addon.metadata">
    <platform>all</platform>
    <summary lang="en">Watch Series Online Free</summary>
    <description lang="en">Watch Series Online Free</description>
  </extension>
</addon>

