<?xml version="1.0" encoding="UTF-8"?>
<addon id="plugin.video.screwattack" version="2.0.0" name="ScrewAttack" provider-name="David Gray (N3MIS15)">
    <requires>
        <import addon="xbmc.python" version="2.1.0"/>
        <import addon="script.module.xbmcswift2" version="2.4.0" />
        <import addon="script.module.parsedom" version="1.5.0"/>
        <import addon="plugin.video.youtube" version="4.4.4" optional="true"/>
        <import addon="plugin.video.bliptv" version="1.8.3" optional="true"/>
        <import addon="plugin.video.twitch" version="0.2.6" optional="true"/>

    </requires>
    <extension point="xbmc.python.pluginsource" library="addon.py">
        <provides>video</provides>
    </extension>
    <extension point="xbmc.addon.metadata">
        <summary lang="en">ScrewAttack.com</summary>
        <description lang="en">
            ScrewAttack.com has been rocking the internet's face since 2006 with it's original content and unique spin on everything gaming.  ScrewAttack is the new face of video game news, trailers, gameplay, original content and most importantly gaming community.
        </description>
        <platform>all</platform>
        <language>en</language>
        <website></website>
        <source>https://github.com/N3MIS15/plugin.video.screwattack</source>
        <forum>http://forum.xbmc.org/showthread.php?tid=144717</forum>
        <email>N3MIS15@gmail.com</email>
    </extension>
</addon>
