<?xml version="1.0" encoding="UTF-8" standalone="yes"?>
<addon id="plugin.video.sastatv"
       name="Sasta Tv"
       version="1.0.70"
       provider-name="sastatv.com">
  <requires>
    <import addon="xbmc.python" version="2.1.0"/>
    <import addon="script.module.urlresolver" version="0.0.1"/>
    <import addon="script.module.t0mm0.common" version="0.0.1"/>
    <import addon="script.module.requests" version="1.1.0"/>
    <import addon="plugin.video.youtube" version="0.0.1"/>
  </requires>
  <extension point="xbmc.python.pluginsource"
            library="default.py">
        <provides>video</provides>
  </extension>
  <extension point="xbmc.addon.metadata">
    <summary lang='en'>Watch media from all over the subcontinent</summary>
    <description lang='en'>
-Browse TV channels, TV shows, movies, actors, and more from all over the subcontinent
-Browse musicians' albums, songs, Facebook albums, news and YouTube channels 
-Allows users to play video, music or image content in "play all" mode 
-Allows users to play YouTube users playlists, uploaded/favorite videos and play in "play all" mode
-More info available at http://sastatv.com
</description>
  <disclaimer lang='en'>No media content is hosted or streamed by the makers of this addon. Some parts of this addon may not be legal in your country of residence - please check with your local laws before installing.</disclaimer>
    <platform>all</platform>
    <language>en ur hi</language>
  </extension>
</addon>
