<?xml version="1.0" encoding="UTF-8" standalone="yes"?>
<addon id="plugin.video.childrenChannel.video" name="ערוץ הילדים" version="1.0.4" provider-name="sbentin">
    <requires>
        <import addon="xbmc.python" version="2.0"/>
    </requires>
    <extension point="xbmc.python.pluginsource" library="children.py">
        <provides>video</provides>
    </extension>
    <extension point="xbmc.addon.metadata">
        <platform>all</platform>
        <minversion>31632</minversion>
        <summary lang="en">Watch Children VOD contents.</summary>
        <summary lang="he">צפה במידע VOD מאתר ערוץ הילדים</summary>
        <description lang="en">Watch Children Channel VOD contents.</description>
        <description lang="he">צפה במגוון תוכניות וסדרות מאתר www.kidstv.co.il</description>
        <disclaimer>This addon parse www.kidstv.co.il site, you should check www.kidstv.co.il's TOS before you using. It's as is</disclaimer>
        <supportedcontent>
          <content>tvshows</content>
          <content>episodes</content>
          <content>movies</content>
        </supportedcontent>	
    </extension>
</addon>
