<?xml version="1.0" encoding="UTF-8" standalone="yes"?>
<addon id="plugin.video.improveverywhere"
	name="Improv Everywhere"
	version="1.0.2"
	provider-name="xbmchub.com">
  <requires>
    <import addon="xbmc.python" version="2.1.0"/>
    <import addon="plugin.video.youtube" version="3.0.0"/>
  </requires>
  <extension point="xbmc.python.pluginsource" library="default.py">
    <provides>video</provides>
  </extension>
  <extension point="xbmc.addon.metadata">
    <summary lang="en">Improv Everywhere</summary>
    <description lang="en">Improv Everywhere is a New York City-based prank collective that causes scenes of chaos and joy in public places. Created in 2001 by Charlie Todd, Improv Everywhere has executed over 100 missions involving tens of thousands of undercover agents.</description>
    <platform>all</platform>
    <forum>http://www.xbmchub.com/forums/official-xbmc-hub-repo/</forum>
    <website>http://www.xbmchub.com/</website>
  </extension>
</addon>
