﻿<?xml version="1.0" encoding="UTF-8"?>
<addon id="addon.video.wondermentmc"
		version="0.0.2.2"
		name="WondermentMC"
		provider-name="THN [@KaptajnGuldkorn Twitter]">
	<requires>
		<import addon="xbmc.python" version="1.0"/>
	</requires>
	<extension point="xbmc.python.pluginsource" library="addon.py">
		<provides>video</provides>
	</extension>
	<extension point="xbmc.addon.metadata">
		<platform>all</platform>
		<summary lang="en">Series, videos and more from WondermentMC's Channel</summary>
		<summary lang="da">Udsendelser, video og mere fra WondermentMC's kanal</summary>
		<description lang="en">WondermentMC is a, mostly, a minecraft video-podcast at youtube. This addon provides a list of videos. Copyright 2012, YouTube and WondermentMC. In order to play the videos, you will be forced to download the youtube plugin. This plugin have been brought to you by the power of free will. If you want to help, making it better, feel free contacting me.</description>
		<description lang="da">WondermentMC er en, for det meste, minecraft-video-podcast på youtube, dette addon tilbyder en liste med video, som du kan afspille. Copyright 2012, Youtube og WondermentMC. Al video bliver hentet via youtube, du vil derfor også blive bedt om, at hente youtube's tilføjelse. Dette plugin er lavet af fri vilje, hvis du vil hjælpe, så skriv til mig på twitter.</description>
		<disclaimer lang="en">All content belongs to YouTube and the owner. Please notice, that all content can be removed at any given time.</disclaimer>
        <disclaimer lang="da">Alt indhold tilhører YouTube og Uploaderen. Alt indhold kan blive fjernet uden varsel. </disclaimer>
		<license>GPL 2.0</license>
	</extension>
</addon>
