<window>
	<defaultcontrol>120</defaultcontrol>
	<zorder>10</zorder>
	<coordinates>
		<system>1</system>
		<posx>0</posx>
		<posy>0</posy>
	</coordinates>
	<controls>
		<control type="group" id="250">
			<posx>341</posx>
			<posy>62</posy>
			<control type="image">
				<animation effect="slide" start="0,-320" time="300">WindowOpen</animation>
				<animation effect="slide" end="0,-320" time="300">WindowClose</animation>
				<posx>-22</posx>
				<posy>-22</posy>
				<width>646</width>
				<height>620</height>
				<texture border="40">ShareSocial-Progress-BoxFatRoundFilled.png</texture>
			</control>
			<control type="label" id="300">
				<posx>0</posx>
				<posy>0</posy>
				<width>602</width>
				<height>44</height>
				<font>font20</font>
				<aligny>center</aligny>
				<textcolor>black</textcolor>
				<align>center</align>
			</control>
			<control type='list' id="120">
				<posx>15</posx>
				<posy>55</posy>
				<width>570</width>
				<height>507</height>
				<onleft>120</onleft>
				<onright>120</onright>
				<onup>120</onup>
				<ondown>120</ondown>
				<!-- pagecontrol>121</pagecontrol -->
				<scrolltime>200</scrolltime>
				<itemlayout height="40">
					<control type="image">
						<posx>24</posx>
						<posy>4</posy>
						<width>32</width>
						<height>32</height>
						<texture>$INFO[ListItem.Thumb]</texture>
					</control>
					<control type="label">
						<posx>68</posx>
						<posy>0</posy>
						<width>478</width>
						<height>40</height>
						<font>font20</font>
						<aligny>center</aligny>
						<textcolor>white</textcolor>
						<align>left</align>
						<info>ListItem.Label</info>
					</control>
				</itemlayout>
				<focusedlayout height="40">
					<control type="image">
						<posx>0</posx>
						<posy>0</posy>
						<width>570</width>
						<height>40</height>
						<texture border="20">ShareSocial-Progress-Box.png</texture>
					</control>
					<control type="image">
						<posx>24</posx>
						<posy>4</posy>
						<width>32</width>
						<height>32</height>
						<texture>$INFO[ListItem.Thumb]</texture>
					</control>
					<control type="label">
						<posx>68</posx>
						<posy>0</posy>
						<width>478</width>
						<height>40</height>
						<font>font20</font>
						<aligny>center</aligny>
						<textcolor>white</textcolor>
						<align>left</align>
						<info>ListItem.Label</info>
					</control>
				</focusedlayout>
			</control>
		</control>
		<control type="image" id="203">
			<posx>962</posx>
			<posy>62</posy>
			<width>256</width>
			<height>256</height>
			<texture>$INFO[Container(120).ListItem.Thumb]</texture>
		</control>
		<control type="image">
			<posx>0</posx>
			<posy>0</posy>
			<width>1280</width>
			<height>355</height>
			<texture>ShareSocial-Progress-IconOver.png</texture>
		</control>
	</controls>
</window>
