<window>
	<defaultcontrol>120</defaultcontrol>
	<zorder>5</zorder>
	<coordinates>
		<system>1</system>
		<posx>0</posx>
		<posy>0</posy>
	</coordinates>
	<controls>
		<control type="group" id="100">
			<posx>341</posx>
			<posy>62</posy>
			<control type="image">
				<width>646</width>
				<height>620</height>
				<texture border="40">ShareSocial-Dialog.png</texture>
			</control>
			<control type="label" id="110">
				<posx>0</posx>
				<posy>22</posy>
				<width>646</width>
				<height>44</height>
				<font>font20</font>
				<aligny>center</aligny>
				<textcolor>FFFFFFFF</textcolor>
				<align>center</align>
				<label>Choose Font</label>
			</control>
			<control type='grouplist' id="120">
				<posx>40</posx>
				<posy>80</posy>
				<width>570</width>
				<height>507</height>
				<onleft>120</onleft>
				<onright>120</onright>
				<onup>120</onup>
				<ondown>120</ondown>
				<scrolltime>200</scrolltime>
				<itemgap>2</itemgap>
				<!-- CONTROLS -->
			</control>
		</control>
	</controls>
</window>
