<?xml version="1.0" encoding="UTF-8" standalone="yes"?>
<addon id="repository.regss" name="Regss Add-ons" version="1.0.1" provider-name="Regss">
    <extension point="xbmc.addon.repository" name="Regss Add-ons">
    <info compressed="false">http://filmweb-lite.googlecode.com/svn/trunk/addons.xml</info>
    <checksum>http://filmweb-lite.googlecode.com/svn/trunk/addons.xml.md5</checksum>
    <datadir zip="false">http://filmweb-lite.googlecode.com/svn/trunk</datadir>
    </extension>
    <extension point="xbmc.addon.metadata">
        <summary>Regss Add-ons repository</summary>
        <summary lang="pl">Regss - repozytorium dodatków</summary>
        <description>Download Regss Add-ons</description>
        <description lang="pl">Pobieraj i instaluj dodatki z repozytorium Regss'a</description>
        <disclaimer> - </disclaimer>
        <disclaimer lang="pl"> - </disclaimer>
        <platform>all</platform>
    </extension>
</addon>