<?xml version="1.0" encoding="UTF-8" standalone="yes"?>
<addon id="plugin.program.akinator_com"
       name="Akinator.com"
       version="1.0.0"
       provider-name="AddonScriptorDE">
  <requires>
    <import addon="xbmc.python" version="2.0"/>
  </requires>
  <extension point="xbmc.python.pluginsource"
            library="default.py">
    <provides>executable</provides>
  </extension>
  <extension point="xbmc.addon.metadata">
      <summary lang="en">Play Akinator on your XBMC</summary>
      <summary lang="de">Akinator im XBMC spielen</summary>
      <language>en de fr it es ru ar he ko pt jp tr</language>
      <description lang="en">Play Akinator on your XBMC</description>
      <description lang="de">Akinator im XBMC spielen</description>
    <platform>all</platform>
  </extension>
</addon>
