<?xml version="1.0" encoding="UTF-8" standalone="yes"?>
<addon id="script.transmission"
       name="Transmission"
       version="0.7.2"
       provider-name="Correl Roush">
  <requires>
    <import addon="xbmc.python" version="2.1.0"/>
    <import addon="script.module.simplejson" version="2.0.9"/>
    <import addon="script.module.beautifulsoup" version="3.0.8" />
  </requires>
  <extension point="xbmc.python.script"
             library="default.py" />
  <extension point="xbmc.addon.metadata">
    <summary lang="en">A client for the popular Transmission BitTorrent application</summary>
    <summary lang="hu">A népszerű Transmission Bittorrent alkalmazás vezérlése</summary>
    <summary lang="ca">Un client de Transmission, la popular aplicació de Bittorrent</summary>
    <description lang="en">Currently, Transmission-XBMC supports viewing, adding, removing, starting and stopping torrents. More advanced features may be added in future releases.</description>
    <description lang="hu">Jelenleg a Transmission-XBMC képes megnézni, hozzáadni, elkezdeni, és megállítani a torrenteket. További fejlesztések várhatók a jövőben.</description>
    <description lang="ca">Actualment, Transmission-XBMC permet veure, afegir, eliminar, iniciar i parar torrents. En futures versions de l'aplicació s'haniran afegint opcions més avançades.</description>
    <platform>all</platform>
  </extension>
</addon>
