<?xml version="1.0" encoding="UTF-8"?>
<addon id="plugin.video.tamilwire" version="0.1.2" name="Tamilwire" provider-name="anilkuj">
    <requires>
        <import addon="xbmc.python" version="1.0"/>
        <import addon="script.module.t0mm0.common" version="0.0.1"/>
    </requires>
    <extension point="xbmc.python.pluginsource" library="default.py">
        <provides>video</provides>
    </extension>
    <extension point="xbmc.addon.metadata">
        <summary>Browse tamilwire</summary>
        <description>Play a wide selection of movies from tamilwire</description>
        <platform>all</platform>
    </extension>
</addon>