﻿<?xml version="1.0" encoding="UTF-8" standalone="yes"?>
<addon id="plugin.video.mywebtv"
    name="mywebtv"
    version="2.0.1"
    provider-name="tvalacarta">
  <requires>
    <import addon="xbmc.python" version="2.0"/>
  </requires>
  <extension point="xbmc.python.pluginsource" library="default.py">
    <provides>video</provides>
  </extension>
  <extension point="xbmc.addon.metadata">
    <summary lang="es">Televisión en vivo por Internet</summary>
    <description lang="es">Plugin para ver las cadenas de televisión en vivo por Internet</description>
    <platform>all</platform>
  </extension>
</addon>
