<?xml version="1.0" encoding="UTF-8"?>
<addon id="plugin.video.vidstatsx_com" name="VidStatsX.com" version="2.0.5" provider-name="AddonScriptorDE">
    <requires>
        <import addon="xbmc.python" version="2.1.0"/>
    </requires>
    <extension point="xbmc.python.pluginsource" library="default.py">
        <provides>video</provides>
    </extension>
    <extension point="xbmc.addon.metadata">
        <platform>all</platform>
        <summary lang="en">View various YouTube channel and video charts from VidStatsX.com (for example by category/country)</summary>
        <language></language>
        <description lang="en">View various YouTube channel and video charts from VidStatsX.com (for example by category/country)</description>
    </extension>
</addon>
