<?xml version="1.0" encoding="UTF-8"?>
<addon id="script.openelec.devupdate"
       name="OpenELEC Dev Update"
       version="3.2.4"
       provider-name="Leopold">
  <requires>
    <import addon="xbmc.python" version="2.13.0"/>
    <import addon="os.openelec.tv" version="4.0" optional="false"/>
    <import addon="script.module.beautifulsoup4" version="4.3.2" optional="false"/>
    <import addon="script.module.requests2" version="2.2.1" optional="false"/>
    <import addon="script.xbmcbackup" version="0.5.2" optional="false"/>
  </requires>
  <extension point="xbmc.python.script" library="default.py"/>
  <extension point="xbmc.service" library="service.py" start="startup"/>
  <extension point="xbmc.addon.metadata">
    <platform>all</platform>
    <summary>Unofficial OpenELEC development build updater</summary>
    <description>This XBMC add-on downloads and extracts OpenELEC update files ready to be installed on the next reboot. Based on the source specified in the settings all builds for the relevant architecture will be displayed in a list.</description>
    <disclaimer>Development builds often have major bugs and crashes can happen quite often. Always backup your userdata folder when installing development builds.</disclaimer>
    <forum>http://openelec.tv/forum/128-addons/49855</forum>
    <website>http://ls80.github.io/script.openelec.devupdate</website>
    <source>http://github.com/LS80/script.openelec.devupdate.git</source>
    <license>GNU GENERAL PUBLIC LICENSE. Version 3, 29 June 2007</license>
  </extension>
</addon>
