﻿<?xml version="1.0" encoding="UTF-8" standalone="yes"?>
<addon id="plugin.video.serialu.net.plus"
       name="[COLOR FF00FF00]Сериалы ([/COLOR][COLOR FFFFF000]serialu.net[/COLOR]+[COLOR FF00FF00])[/COLOR]"
       version="2.0.2"
       provider-name="Silen">
  <requires>
    <import addon="xbmc.python" version="2.0"/>
  </requires>
  <extension point="xbmc.python.script"
             provides="video"
             library="default.py">
    <provides>video</provides>
  </extension>
  <extension point="xbmc.addon.metadata">
    <summary>Сериалы (serialu.net)</summary>
    <description>Русские и зарубежные сериалы предоставляемые сайтом serialu.net.</description>
    <platform>all</platform>
  </extension>
</addon>

