<?xml version="1.0" encoding="UTF-8" standalone="yes"?>
<addon id="plugin.video.jvcom"
       name="JeuxVideo.com"
       version="1.0.1"
       provider-name="gormux">
  <requires>
    <import addon="xbmc.python" version="2.1.0"/>
    <import addon="script.module.beautifulsoup" version="3.0.8"/>
    <import addon="script.module.feedparser" version="5.1.3"/>
  </requires>
  <extension point="xbmc.python.pluginsource"
             library="default.py">
    <provides>video</provides>
  </extension>
  <extension point="xbmc.addon.metadata">
    <platform>all</platform>
    <language>fr</language>
    <summary>JeuxVideo.com XBMC Plugin</summary>
    <license>GNU GENERAL PUBLIC LICENSE. Version 3, June 1997</license>
    <website>http://wiki.xbmc.org/index.php?title=Add-on:JeuxVideo.com</website>
    <source>http://dev.gormotte.info/plugin.video.jvcom</source>
    <email>julien@gormotte.info</email>
    <description lang="fr">Ce plugin permets d'accéder aux videos diffusées sur jeuxvideo.com. Pour toute question : julien@gormotte.info ou http://bugs.gormotte.info
    </description>
    <description lang="en">This plugin provides access to jeuxvideo.com videos. Any question ? Ask julien@gormotte.info, or see http://bugs.gormotte.info
    </description>
    <disclaimer lang="fr">Ce plugin n'est ni publié ni maintenu par Jeuxvideo.com, et donc non officiel.</disclaimer>
    <disclaimer lang="en">This plugin is not official. Any questions are for me and not Jeuxvideo.com staff.</disclaimer>
  </extension>
</addon>

