<?xml version="1.0" encoding="UTF-8" standalone="yes"?>
<addon id="plugin.audio.shoutcast" name="SHOUTcast 2" version="2.2.0" provider-name="Tristan Fischer (sphere@dersphere.de)">
    <requires>
        <import addon="xbmc.python" version="2.1.0"/>
        <import addon="script.module.simplejson" version="2.0.10"/>
        <import addon="script.module.xbmcswift2" version="2.4.0"/>
        <import addon="script.module.xmltodict" version="0.2.0"/>
    </requires>
    <extension point="xbmc.python.pluginsource" library="addon.py">
        <provides>audio</provides>
    </extension>
    <extension point="xbmc.addon.metadata">
        <language></language>
        <platform>all</platform>
        <website>http://www.shoutcast.com/</website>
        <source>https://github.com/dersphere/plugin.audio.shoutcast</source>
        <forum>http://forum.xbmc.org/showthread.php?tid=143678</forum>
        <email>sphere@dersphere.de</email>
        <license>GNU GENERAL PUBLIC LICENSE. Version 2, June 1991</license>
        <summary lang="be">more than 50.000 free internet radio stations</summary>
        <summary lang="da">mere end 50.000 gratis netradiostationer</summary>
        <summary lang="de">mehr als 50.000 kostenlose Internet Radio Sender</summary>
        <summary lang="el">Πάνω από 50.000 δωρεάν διαδικτυακοί ραδιοφωνικοί σταθμοί</summary>
        <summary lang="en">more than 50.000 free internet radio stations</summary>
        <summary lang="es">Más de 50.000 emisoras de radio por Internet gratuitas</summary>
        <summary lang="fr">plus de 50.000 radios internet gratuites</summary>
        <summary lang="gl">máis de 50.000 emisoras de radio por internet de balde</summary>
        <summary lang="hu">Több mint 50.000 ingyenes internet rádió</summary>
        <summary lang="it">più di 50.000 stazioni radio libere su internet</summary>
        <summary lang="ko">50,000개 이상의 무료 인터넷 라디오 방송 청취</summary>
        <summary lang="lt">daugiau kaip 50,000 nemokamų interneto radijo stočių</summary>
        <summary lang="nl">Meer dan 50.000 vrije internet radio stations</summary>
        <summary lang="pl">Ponad 50.000 darmowych internetowych stacji radiowych</summary>
        <summary lang="pt">mais de 50.000 estações de rádio da net grátis</summary>
        <summary lang="pt_BR">Mais de 50.000 estações de rádio na internet gratuítas</summary>
        <summary lang="sk">Viac než 50.000 voľných internetových rádio staníc</summary>
        <summary lang="sv">mer än 50.000 fria internetradiostationer</summary>
        <summary lang="zh">超过50.000免费网络电台</summary>
        <description lang="be">With this Add-on you can browse more than 50.000 free internet radio stations. Current Features:[CR]- Top 500 Stations[CR]- Browse by genre (and subgenre if enabled in settings)[CR]- Search Station by name[CR]- Search Stations by current playing track[CR]- You can manage a "My Stations"-list[CR]- bitrate and amount of listeners visible and sortable[CR]- 500 Stations on each Page (can be changed in the settings)[CR]- uses cache (24h genre, 1h station listings)</description>
        <description lang="da">Med denne addon kan du udforske mere end 50.000 gratis internetradiostationer. Nuværende funktioner:[CR]- Top 500 Stationer[CR]- Gennemse efter genre (og undergenre hvis det er aktiveret i indstillinger)[CR]- Søg efter navn på Station[CR]- Søg efter Station ud fra nummeret der spiller[CR]- Du kan administrere en "My Stations"-liste[CR]- bitrate og antal lyttere vises og kan sorteres[CR]- 500 Stationer på hver side (kan ændres i indstillinger)[CR]- bruger cache (24 timer for genre, 1 time for lister)</description>
        <description lang="de">Dieses Add-on ermöglicht dir Zugriff auf über 50.000 kostenlose Internet Radio Sender.[CR]Aktuelle Features:[CR]- Top 500 Sender[CR]- Nach Genre browsen[CR]- Sender nach Name suchen[CR]- Sender nach aktuellem Track suchen[CR]- Sender per Kontext Menu in die "Meine Sender"-Liste kopieren[CR]- Anzeige der Bitrate und Anzahl Höhrer[CR]- 500 Sender pro Seite[CR]- Schnell durch lokalen Cache</description>
        <description lang="el">Με αυτό το Πρόσθετο μπορείτε να περιηγηθείτε ανάμεσα σε περισσότερους από 50.000 δωρεάν διαδικτυακούς ραδιοφωνικούς σταθμούς. Τρέχουσες λειτουργίες:[CR]- Κορυφαίοι 500 Σταθμοί[CR]- Περιήγηση ανά είδος (και υπο-είδος αν είναι ενεργό στις ρυθμίσεις)[CR]- Αναζήτηση Σταθμού με βάση το όνομα[CR]- Αναζήτηση Σταθμών με βάση το τρέχον τραγούδι[CR]- Μπορείτε να διαχειριστείτε μία λίστα "Σταθμών μου"[CR]- Το bitrate και το πλήθος των ακροατών είναι ορατά και η ταξινόμηση μπορεί να γίνει σύμφωνα με αυτά[CR]- 500 Σταθμοί σε κάθε Σελίδα (μπορεί να αλλάξει στις ρυθμίσεις)[CR]- Χρήση λανθάνουσας μνήμης (είδος 24 ωρών, καταχωρίσεις σταθμών 1 ώρας)</description>
        <description lang="en">With this Add-on you can browse more than 50.000 free internet radio stations. Current Features:[CR]- Top 500 Stations[CR]- Browse by genre (and subgenre if enabled in settings)[CR]- Search Station by name[CR]- Search Stations by current playing track[CR]- You can manage a "My Stations"-list[CR]- bitrate and amount of listeners visible and sortable[CR]- 500 Stations on each Page (can be changed in the settings)[CR]- uses cache (24h genre, 1h station listings)</description>
        <description lang="es">Con este Add-on pueden escucharse más de 50.000 emisoras de radio por Internet gratuitas. Características:[CR]- Las 500 mejores emisoras.[CR]- Búsqueda por género (y por subgéneros si se habilita en la configuración).[CR]- Búsqueda de emisoras por nombre.[CR]- Búsqueda de emisoras que reproducen una canción.[CR]- Posibilidad de administrar un directorio con "Mis emisoras".[CR]- Directorios ordenados que muestran bitrate y cantidad de oyentes.[CR]- 500 emisoras en cada página (la cantidad puede cambiarse en la configuración).[CR]- Uso de caché (24h género, 1h directorio de emisoras).</description>
        <description lang="fr">Avec cette extension vous pouvez accéder à plus de 50.000 station radio internet gratuite. Possibilités actuelles :[CR]- Top 500 stations[CR]- Naviguer par genre (et sous-genre si le réglage est activé)[CR]- Rechercher une station par nom[CR]- Rechercher une station jouant la piste en cours[CR]- Création d'une liste de stations favorites[CR]- Bitrate et nombre d'auditeurs visibles et triables[CR]- 500 stations par page (modifiable dans les réglages)[CR]- Utilisation d'un cache (24h par genre, 1h par station)</description>
        <description lang="gl">Grazas a este complemento pode buscar máis de 50.000 emisoras de radio por internet de balde. Características:[CR]- Mellores 500 Emisoras[CR]- Buscar por xénero (e subxénero se esta habilitado na configuración)[CR]- Buscar Emisoras por nome[CR]- Buscar Emisoras pola pista en reprodución actual[CR]- Pode xestionar a listaxe "As miñas Emisoras"[CR]- taxa de bits e número de ointes visíbeis e ordenábel[CR]- 500 Emisoras en cada páxina (pódese trocar na configuración)[CR]- usar a caché (24h para xénero, 1h para listaxe de emisoras)</description>
        <description lang="hu">Ezzel a kiegészítővel választhatsz több mint 50.000 ingyenes rádió adó közül. Jelenlegi szolgáltatások:[CR]- Top 500 állomás[CR]-Műfajonkénti (és alműfajonkénti) keresés[CR]- Név szerinti állomáskeresés[CR]- Állomáskeresés az éppen játszott szám alapján[CR]- Az "én állomásaim" lista kezelése[CR]- Minőség és hallgatottság szerinti rendezés[CR]- 500 adó minden oldalon (a szám beállítható)[CR]- Gyorsítótár használata (24óra a műfajokra, 1óra az állomásokra)</description>
        <description lang="it">Con questo Add-on puoi sfogliare più di 50.000 stazioni radio libere su internet. Caratteristiche attuali:[CR]- Migliori 500 stazioni[CR]- Sfoglia per genere (e sottogenere se abilitato nelle impostazioni)[CR]- Cerca le stazioni per nome[CR]- Cerca le stazioni per traccia in esecuzione[CR]- Puoi gestire un lista "Mie Stazioni"[CR]- bitrate e quantità di ascoltatori visibile e riordinabile[CR]- 500 Stazioni in ogni pagina (può essere modificato nelle impostazioni)[CR]- cache utilizzata (24h genere, 1h ascolto)</description>
        <description lang="ko">이 애드온으로 50,000개 이상의 무료 인터넷 라디오 방송을 탐색할 수 있습니다. 현재 기능:[CR]- Top 500 방송국[CR]- 장르(설정에서 활성화하면 하위 장르)로 탐색[CR]- 방송국명으로 검색[CR]- 현재 트랙을 방송중인 방송국 검색[CR]- "내 방송국" 목록 관리[CR]- 비트레이트와 청취자수 표시와 정렬[CR]- 페이지당 500 방송국 표시 (설정에서 변경 가능)[CR]- 캐시 사용 (장르 24시간, 방송국 리스트 1시간)</description>
        <description lang="lt">Su šiuo priedu galite naršyti daugiau kaip 50,000 nemokamų interneto radijo stočių. Dabartinės Įranga:[CR]- 500 geriausių stočių[CR]- Naršyti pagal žanrą (ir porūšį, jei įjungta nustatymuose)[Cr]- Paieška. Stoties pavadinimas[CR]- Ieškoti stočių pagal dabartinį atkuriamajį takelį[CR]- Jūs galite valdyti "Mano radijo stotys" sąrašą[Cr]- 500 stočių kiekviename puslapyje(galima keisti nustatymuose)[Cr]- Naudoja talpyklą (24h žanras, 1H stoties sąrašai)</description>
        <description lang="nl">Met deze Add-on die kunt u door meer dan 50.000 vrije internet radiostations bladeren. Huidige functies: [CR]- Top 500 Stations [CR]- bladeren door genre (en subgenre indien ingeschakeld in instellingen) [CR] - Zoek Station op naam [CR] - Zoek Stations door huidige spelen track [CR]- u kunt een "Mijn Stations" lijst beheren[CR]- bitrate en hoeveelheid luisteraars zichtbaar en sorteerbaar [CR]- 500 Stations op elke pagina (kan gewijzigd worden in de instellingen) [CR]-gebruikte cache (24u genre, 1 uur station luisteren)</description>
        <description lang="pl">Dzięki tej wtyczce możesz przeglądać w ponad 50.000 darmowych stacjach radiowych. Aktualne funkcje:[CR]- Top 500 stacji[CR]- przeglądaj według gatunków (oraz subgatunków jeżeli włączone)[CR]- szukaj stacji po nazwie[CR]- szukaj stacji po granym utworze[CR]- zarządzaj listą Moje stacje[CR]- sortowanie oraz widoczność liczby słuchaczy i bitrate[CR]- 500 stacji na stronie (możliwa edycja)[CR]- pamięć podręczna (24h gatunki, 1h lista stacji)</description>
        <description lang="pt">Com este add-on, pode escolher entre mais de 50.000 estações de rádio da net grátis. Funcionalidades:[CR]- Top 500 Rádios[CR]- Procure por Género (e sub-género, se activo nas preferências)[CR]- Procurar Rádio por nome[CR]- Procurar Rádios por faixa em reprodução[CR]- Pode gerir uma lista de "Minhas Rádios"[CR]- bitrate e quantidade de ouvintes visíveis e ordenáveis[CR]- 500 Rádios em cada Página (pode ser alterado nas preferências)[CR]- usar cache (24h para género, 1h para lista das rádios)</description>
        <description lang="pt_BR">Com este add-on que você pode navegar em mais de 50.000 estações de rádio da Internet gratuitas. Características atuais: [CR] - Top 500 Estações [CR] - Procurar por género (e subgênero se habilitado nas configurações) [CR] - Pesquisar Estação  pelo nome [CR] - Estações de pesquisa por faixa  atual [CR] - Você pode gerenciar uma  lista de "Minhas Estações"  [CR] - bitrate e quantidade de ouvintes visível e classificáveis ​​[CR] - 500 estações em cada página (pode ser alterado nas configurações) [CR] - usa cache (gênero 24h, ouvintes estação 1h)</description>
        <description lang="sk">S týmto doplnok môžete prehliadať vyše 50.000 voľných internetových rádio staníc. Momentálne podporuje:&#10;- Top 500 staníc&#10;- Prehliadanie podľa žánru (a pod-žánru, ak povolené v nastaveniach)&#10;- hľadanie stanice podľa mena&#10;- hľadanie stanice podľa práve hranej skladby&#10;- Môžete spravovať zoznam "Moje stanice"&#10;- zobrazenie a zoradenie podľa dátového toku a počtu poslucháčov&#10;- 500 staníc na každej strane (môže byť zmenené v nastaveniach)&#10;- používa medzi-pamäť (24h pre žánre, 1h pre zoznam staníc)</description>
        <description lang="sv">Med detta tillägg kan du bläddra bland mer än 50.000 fria internetradiostationer. Nuvarande funktioner:[CR]- Topp 500 stationer[CR]- Bläddra efter genre (och undergenre, om det är påslaget i inställningar)[CR]- Sök station efter namn[CR]- Sök stationer som spelar låt[CR]- Du kan hantera "Mina stationer"-lista[CR]- bitrate och antal lyssnare är synligt och sorterbart[CR]- 500 stationer på varje sida (kan ändras i inställningar)[CR]- använder buffert (24 genre, 1 timmes stationlista)</description>
        <description lang="zh">你可以使用本插件浏览超过50.000免费网络电台。当前功能：[CR]- 500强电台[CR]- 按类别浏览（可设置子类）[CR]- 按名字搜索电台[CR]- 按当前播放曲目搜索电台[CR]- 管理“我的电台”-列表[CR]- 按比特率和收听人数排序[CR]- 每页500个电台（可设置）[CR]- 使用缓存（24小时类别，1小时站点列表）</description>
    </extension>
</addon>
