<?xml version="1.0" encoding="UTF-8" standalone="yes"?>
<addon id="plugin.video.ts-tv.ru"
       name="TS-TV.RU"
       version="1.0.7"
       provider-name="HD-Lab Team">
  <requires>
    <import addon="xbmc.python" version="2.1.0"/>
  </requires>
  <extension point="xbmc.python.pluginsource"
             provides="video"
             library="default.py">
    <provides>video</provides>
  </extension>
  <extension point="xbmc.addon.metadata">
    <summary>Телеканалы сайта http://ts-tv.ru/</summary>
    <description>Первое Альтернативное Концептуальное Телевидение "ТВОЙ СТРОЙ ТВ", Многоканальное, Круглосуточное.</description>
    <platform>all</platform>
  </extension>
</addon>
