<?xml version="1.0" encoding="UTF-8" standalone="yes"?>
<addon id="plugin.video.rusd.tv"
       name="RuSD.TV"
       version="1.2.1"
       provider-name="HD-Lab Team">
  <requires>
    <import addon="xbmc.python" version="2.1.0"/>
  </requires>
  <extension point="xbmc.python.pluginsource"
             provides="video"
             library="default.py">
    <provides>video</provides>
  </extension>
  <extension point="xbmc.addon.metadata">
    <summary>Смотрите видео с сайта RuSD.TV</summary>
    <description>Смотрите видео с сайта RuSD.TV</description>
    <platform>all</platform>
  </extension>
</addon>
