<?xml version="1.0" encoding="UTF-8"?>
<addon
  id="plugin.video.videomonkey"
  version="1.4.2"
  name="VideoMonkey"
  provider-name="sfaxman / bootsy">
  <requires>
   <import addon="xbmc.python" version="1.0"/>
  </requires>
  <extension 
    point="xbmc.python.pluginsource"
    library="default.py">
   <provides>video</provides>
  </extension>
  <extension point="xbmc.addon.metadata">
    <summary>Stream videos from different sites</summary>
    <description>Stream videos from YouTube, Clipfish, Kino.de, Computerclub², ARD &amp; ZDF Mediathek, 3sat, Schweizer Fernsehen etc. Also live channels from different regions (DE, EN, FR, NL, SE, SP, THA, VN) and categories (kids, sports, music) are supported.</description>
    <platform>all</platform>
  </extension>
</addon>