<?xml version="1.0" encoding="UTF-8" standalone="yes"?>
<addon id="plugin.video.360daquan"
  name="360影视大全"
  version="0.0.2"
  provider-name="yxblog">
  <requires>
  </requires>
  <extension point="xbmc.python.script" library="default.py">
  <provides>video</provides>
  </extension>
  <extension point="xbmc.addon.metadata">
    <platform>all</platform>
    <description>360影视大全</description>
    <description lang="zh">360影视大全</description>
    <disclaimer>本插件中提供的内容均来自互联网，仅供学习演示使用。</disclaimer>
  </extension>
</addon>
