<?xml version="1.0" encoding="UTF-8" standalone="yes"?>
<addon id="plugin.video.mtv"
       name="MTV Music Videos"
       version="0.0.6"
       provider-name="BlueCop">
  <requires>
    <import addon="xbmc.python" version="1.0"/>
    <import addon="script.module.beautifulsoup" version="3.0.8"/>
    <import addon="script.module.demjson" version="1.4"/>
  </requires>
  <extension point="xbmc.python.pluginsource"
            library="default.py">
  <provides>video audio</provides>
  </extension>
  <extension point="xbmc.addon.metadata">
    <summary>Music Videos from MTV</summary>
    <description>Music Videos from MTV</description>
    <platform>all</platform>
  </extension>
</addon>
