<?xml version="1.0" encoding="UTF-8"?>
<addon id="plugin.video.spiegelonline" name="Spiegel Online" version="1.2.2" provider-name="cdwertmann (credits to peterpanzki and mad-max for previous versions">
    <requires>
        <import addon="xbmc.python" version="2.1.0"/>
    </requires>
    <extension point="xbmc.python.pluginsource" library="default.py">
        <provides>video</provides>
    </extension>
    <extension point="xbmc.addon.metadata">
        <platform>all</platform>
        <language>de</language>
        <summary lang="de">Spiegel Online</summary>
        <summary lang="en">Spiegel Online</summary>
        <description lang="de">Spiegel Online - Videos vom Spiegel Online Portal inkl. Spiegel TV Magazin</description>
        <description lang="en">Spiegel Online - Videos in German language</description>
        <website>https://github.com/cdwertmann/plugin.video.spiegelonline</website>
        <source>git://github.com/cdwertmann/plugin.video.spiegelonline.git</source>
        <license>GNU GENERAL PUBLIC LICENSE. Version 3, 29 June 2007</license>
    </extension>
</addon>
