<?xml version="1.0" encoding="UTF-8" standalone="yes"?>
<addon id="repository.StreamOn" name="StreamOn's add-ons" version="1.0.4" provider-name="StreamOn">
	<extension point="xbmc.addon.repository" name="StreamOn's add-on repository">
		<info compressed="false">https://dl.dropbox.com/u/57491593/repo1/addons.xml</info>
		<checksum>https://dl.dropbox.com/u/57491593/repo1/addons.xml.md5</checksum>
		<datadir zip="true">https://dl.dropbox.com/u/57491593/repo1</datadir>
	</extension>
	<extension point="xbmc.addon.metadata">
		<summary>Install add-ons from StreamOn's repository</summary>
		<summary lang="de">Installiere Add-ons von StreamOn's Repository</summary>
		<description>download and install add-ons from StreamOn's repository.</description>
		<description lang="de">Downloade und installiere Add-ons von StreamOn's Repository.</description>
		<disclaimer></disclaimer>
		<platform>all</platform>
	</extension>
</addon>