﻿<?xml version="1.0" encoding="UTF-8"?>
<addon
  id="plugin.video.shahid"
  version="6"
  name="Shahid MBC!"
  provider-name="">
  <requires>
    <import addon="xbmc.python"
            version="1.0"/>
  </requires>
  <extension point="xbmc.python.pluginsource"
             library="default.py">
    <provides>video</provides>
  </extension>
  <extension point="xbmc.addon.metadata">
    <summary>Shahid MBC! video plugin</summary>
    <description>Shahid MBC! video plugin.</description>
   
    <platform>all</platform>
  </extension>
</addon>