<?xml version="1.0" encoding="UTF-8" standalone="yes"?>
<addon id="script.screensaver.nyancat" name="Nyancat" version="0.1.0" provider-name="Tristan Fischer (sphere@dersphere.de)">
    <requires>
        <import addon="xbmc.python" version="2.1.0"/>
    </requires>
    <extension point="xbmc.ui.screensaver" library="screensaver.py" />
    <extension point="xbmc.addon.metadata">
        <platform>all</platform>
        <language/>
        <website></website>
        <source>https://github.com/dersphere/script.screensaver.nyancat</source>
        <forum>http://forum.xbmc.org/showthread.php?tid=168442</forum>
        <email>sphere@dersphere.de</email>
        <summary lang="en">Simple Nyancat/Pop-Tart Cat Screensaver</summary>
        <description lang="en">Simple Nyancat/Pop-Tart Cat Screensaver</description>
    </extension>
</addon>
