﻿<?xml version="1.0" encoding="UTF-8" standalone="yes"?>
<addon id="plugin.video.zapiks"
       name="Zapiks"
       version="1.1.2"
       provider-name="divingmule">
  <requires>
    <import addon="xbmc.python" version="2.1.0"/>
    <import addon="script.module.beautifulsoup4" version="4.3.1"/>
    <import addon="script.module.xmltodict" version="0.7.0"/>
    <import addon="script.common.plugin.cache" version="2.5.2"/>
  </requires>
  <extension point="xbmc.python.pluginsource" library="default.py">
    <provides>video</provides>
  </extension>
  <extension point="xbmc.addon.metadata">
    <summary>Videos from zapiks.com</summary>
    <description>Extreme sports videos from zapiks.com</description>
    <platform>all</platform>
    <language>en</language>
    <license>GNU GENERAL PUBLIC LICENSE. Version 2, June 1991</license>
    <source>https://github.com/divingmule/plugin.video.zapiks</source>
    <forum>http://forum.xbmc.org/showthread.php?tid=178992</forum>
    <website>http://www.zapiks.com</website>
  </extension>
</addon>