<?xml version="1.0" encoding="UTF-8" standalone="yes"?>
<addon id="plugin.video.earth.touch"
       name="Earth Touch"
       version="1.0.3"
       provider-name="divingmule">
  <requires>
    <import addon="xbmc.python" version="2.1.0"/>
    <import addon="script.module.beautifulsoup" version="3.0.8"/>
    <import addon="script.common.plugin.cache" version="1.3.0"/>
    <import addon="plugin.video.vimeo" version="2.4.0"/>
    <import addon="plugin.video.youtube" version="3.3.0"/>
  </requires>
  <extension point="xbmc.python.pluginsource"
            library="default.py">
        <provides>video</provides>
  </extension>
  <extension point="xbmc.addon.metadata">
    <summary>Videos from earth-touch.com</summary>
    <description>Earth-Touch aspires to be the pre-eminent multimedia company that brings matters of the Earth (including wildlife and the environment) into the offices, homes and daily lives of people around the world by using cutting-edge technology. </description>
    <platform>all</platform>
    <language>en</language>
  </extension>
</addon>
