<?xml version="1.0" encoding="UTF-8" standalone="yes"?>
<addon id="plugin.video.ctv"
       name="CTV"
       version="0.9.1"
       provider-name="jacker">
  <requires>
    <import addon="xbmc.python" version="1.0"/>
  </requires>
  <extension point="xbmc.python.pluginsource"
            library="default.py">
        <provides>video</provides>
  </extension>
  <extension point="xbmc.addon.metadata">
    <summary>CTV: Various CTV video sources</summary>
    <description>Watch your favorite CTV programs online.</description>
    <platform>all</platform>
  </extension>
</addon>
