<?xml version="1.0" encoding="UTF-8"?>
<addon id="plugin.video.upworthy_com" name="Upworthy.com" version="1.0.1" provider-name="AddonScriptorDE">
    <requires>
        <import addon="xbmc.python" version="2.1.0"/>
        <import addon="plugin.video.youtube" version="3.0.0"/>
        <import addon="plugin.video.vimeo" version="2.3.0"/>
    </requires>
    <extension point="xbmc.python.pluginsource" library="default.py">
        <provides>video</provides>
    </extension>
    <extension point="xbmc.addon.metadata">
        <platform>all</platform>
        <summary lang="en">Things that matter. Pass 'em on.</summary>
        <language></language>
        <description lang="en">Upworthy is social media with a mission: to make important stuff as viral as a video of some idiot surfing off his roof. At best, things online are usually either awesome or meaningful, but everything on Upworthy.com has a little of both. Sensational and substantial. Entertaining and enlightening. Shocking and significant.</description>
        <license>GNU GENERAL PUBLIC LICENSE. Version 2, June 1991</license>
        <source>https://github.com/AddonScriptorDE/plugin.video.upworthy_com</source>
        <forum>http://forum.xbmc.org/showthread.php?tid=180294</forum>
        <email>AddonScriptorDE at yahoo dot de</email>
        <website>http://www.upworthy.com</website>
    </extension>
</addon>
