<?xml version="1.0" encoding="UTF-8" standalone="yes"?>
<addon id="service.subtitles.subdivx"
       name="Subdivx.com"
       version="0.0.3"
       provider-name="cramm">
  <requires>
    <import addon="xbmc.python" version="2.14.0"/>
  </requires>
  <extension point="xbmc.subtitle.module"
             library="service.py" />
  <extension point="xbmc.addon.metadata">
    <summary lang="en">Subidivx.com</summary>
    <description lang="en">Search and download subtitles from Subdivx.com</description>
    <disclaimer lang="en"></disclaimer>
    <language>es en</language>
    <platform>all</platform>
    <license>GNU GENERAL PUBLIC LICENSE. Version 2, June 1991</license>
    <forum>http://forum.xbmc.org/forumdisplay.php?fid=143</forum>
    <website></website>
    <email></email>
    <source>https://github.com/ramiro/service.subtitles.subdivx</source>
  </extension>
</addon>
