<?xml version="1.0" encoding="UTF-8" standalone="yes"?>
<addon id="service.scrobbler.lastfm" name="Last.fm" version="0.0.3" provider-name="Team-XBMC">
	<requires>
		<import addon="xbmc.python" version="2.12.0"/>
	</requires>
	<extension point="xbmc.service" library="scrobbler.py" start="login"/>
	<extension point="xbmc.addon.metadata">
		<summary lang="en">Last.fm scrobbler</summary>
		<description lang="en">The Last.fm scrobbler will submit info of the songs you've been listening to in XBMC to last.fm</description>
		<language></language>
		<platform>all</platform>
		<forum>http://forum.xbmc.org/showthread.php?tid=195597</forum>
		<source>https://github.com/XBMC-Addons/service.scrobbler.lastfm/</source>
		<license>GNU GENERAL PUBLIC LICENSE Version 2</license>
		<website></website>
		<email></email>
	</extension>
</addon>
