<?xml version="1.0" encoding="UTF-8" standalone="yes"?>
<addon id="plugin.video.ilLive.video" name="בשידור חי" version="1.0.2" provider-name="sbentin">
    <requires>
        <import addon="xbmc.python" version="1.0"/>
    </requires>
    <extension point="xbmc.python.pluginsource" library="live.py">
        <provides>video</provides>
    </extension>
    <extension point="xbmc.addon.metadata">
        <platform>all</platform>
        <minversion>31632</minversion>
        <summary lang="en">Watch Live video contents from several Israeli TV Channels.</summary>
        <summary lang="he">צפה בוידאו חי מערוצי טלויזיה ישראליים</summary>
        <description lang="en">Watch channel 2, Channel 10, IBA, Music 24 live streaming data</description>
        <description lang="he">צפה בוידאו חי מערוץ 2, ערוץ 10, מוסיקה 24 וערוץ 1</description>
        <disclaimer>This addon parse Several different sites which may or may not be up all the time. The live video and contents of the video is the property of these channels and their responsibility. This plugin simply channels the data through to xbmc as is.</disclaimer>
        <supportedcontent>
          <content>movies</content>
        </supportedcontent>	
    </extension>
</addon>
