<?xml version="1.0" encoding="UTF-8"?>
<addon id="plugin.video.vctv" version="1.1.3" name="VCTV" provider-name="CWAL">
    <requires>
        <import addon="xbmc.python" version="2.1.0"/>
		<import addon="script.module.beautifulsoup" version="3.0.8" />
    </requires>
    <extension point="xbmc.python.pluginsource" library="Default.py">
        <provides>video</provides>
    </extension>
  <extension point="xbmc.addon.repository"
              name="XBMC add on for VC">
    <info compressed="false">http://cwal.me/xbmc/repository.vc.net.cwal.v1/addons.xml</info>
    <checksum>http://cwal.me/xbmc/repository.vc.net.cwal.v1/addons.xml.md5</checksum>
    <datadir zip="true">http://cwal.me/xbmc/repository.vc.net.cwal.v1/zip</datadir>
  </extension>
    <extension point="xbmc.addon.metadata">
        <summary>VCORG for XBMC</summary>
        <description>Ability to browse and stream VC.</description>
        <platform>all</platform>
    </extension>
</addon>