<?xml version="1.0" encoding="UTF-8" standalone="yes"?>
<addon id="plugin.video.hdpvod"
  name="HDP影视全聚合"
  version="1.0.1"
  provider-name="Wenl">
  <extension point="xbmc.python.pluginsource" library="default.py">
  <provides>video</provides>
  </extension>
  <extension point="xbmc.addon.metadata">
    <platform>all</platform>
    <summary>HDPfans VOD</summary>
    <summary lang="zh">HDPfans影视全聚合</summary>
    <description>HDPfans VOD</description>
    <description lang="zh">高清范影视聚合插件，涵盖优酷，搜狐，腾讯，土豆等多个视频网站内容。更多xbmc优秀插件分享，插件编写教程请上高清范网站 http://www.hdpfans.com</description>
    <disclaimer>本插件数据均源自互联网数据聚合，仅供学习和研究使用。</disclaimer>
  </extension>
</addon>
