<?xml version="1.0" encoding="UTF-8" standalone="yes"?>
<addon id="plugin.video.happyfeetsosahne"
       name="[COLOR orange]O SAHNE[/COLOR]"
       version="0.1.4"
       provider-name="xbmcTR Team">
  <requires>
    <import addon="xbmc.python" version="2.1.0"/>
	  </requires>
  <extension point="xbmc.python.pluginsource" library="default.py">
        <provides>video</provides>
  </extension>
  <extension point="xbmc.addon.metadata">
    <summary>Tam O Ani Hatirlarsinya. Artik Neydi,Neredeydi Diye Aramaya Son</summary>
    <description>[COLOR orange]xbmcTR Team HappyFeets... [COLOR lightyellow]repodan kaldirilmistir. indirirseniz calismaz.[/COLOR]</description>
	<platform>all</platform>
  </extension>
</addon>
