<?xml version="1.0" encoding="UTF-8"?>
<addon id="plugin.audio.mp3tales"
       name="MP3 Tales"
       version="1.4.0"
       provider-name="Leopold">
  <requires>
    <import addon="xbmc.python" version="2.1.0"/>
    <import addon="script.module.xbmcswift2" version="2.4.0" optional="false"/>
    <import addon="script.module.beautifulsoup4" version="4.3.1" optional="false"/>
    <import addon="script.module.requests2" version="2.2.1" optional="false"/>
  </requires>
  <extension point="xbmc.python.pluginsource" library="addon.py">
    <provides>audio</provides>
  </extension>
  <extension point="xbmc.addon.metadata">
    <platform>all</platform>
    <summary lang="en">MP3 Tales</summary>
    <summary lang="ru">Аудиосказки</summary>
    <description lang="en">This plugin provides access to mp3 audio books from mp3tales.info</description>
    <description lang="ru">Этот плагин предоставляет доступ к mp3 аудиокнигам на mp3tales.info</description>
    <language>ru</language>
    <website>http://mp3tales.info/tales</website>
    <source>https://github.com/LS80/plugin.audio.mp3tales.git</source>
    <license>GNU GENERAL PUBLIC LICENSE. Version 3, 29 June 2007</license>
  </extension>
</addon>
