<?xml version="1.0" encoding="UTF-8" standalone="yes"?>
<addon id="screensaver.clock"
       name="Clock Screensaver"
       version="0.5.0"
       provider-name="brantje,kibje">
  <requires>
    <import addon="xbmc.python"
            version="2.0"/>
  </requires>
  <extension point="xbmc.ui.screensaver"
             library="default.py" />
  <extension point="xbmc.addon.metadata">
    <platform>all</platform>
    <summary lang="en">A simple clock Screensaver.</summary>
    <description lang="en">A simple clock Screensaver.</description>
  </extension>
</addon>
