<?xml version="1.0" encoding="UTF-8"?>
<addon id="plugin.video.youtube.channels" name="YouTube Channels" version="2.0.2" provider-name="AddonScriptorDE">
    <requires>
        <import addon="xbmc.python" version="2.1.0"/>
    </requires>
    <extension point="xbmc.python.pluginsource" library="default.py">
        <provides>video</provides>
    </extension>
    <extension point="xbmc.addon.metadata">
        <platform>all</platform>
        <summary lang="en">Organize and watch your favourite YouTube channels</summary>
        <language></language>
        <description lang="en">Organize and watch your favourite YouTube channels</description>
    </extension>
</addon>
