<?xml version="1.0" encoding="utf-8"?>
<window>
  <controls>
    <control type="image" id="30020">
      <description>Black Background</description>
      <posx>0</posx>
      <posy>0</posy>
      <width>1280</width>
      <height>720</height>
      <texture>black.png</texture>
    </control>
	<control type="multiimage" id="30030">
			<posx>0</posx>
			<posy>0</posy>
			<width>1280</width>
			<height>720</height>
			<imagepath background="true">$INFO[Control.GetLabel(30107)]</imagepath>
			<timeperimage>10000</timeperimage>
			<randomize>true</randomize>
			<fadetime>1000</fadetime>
			<include>VisibleFadeEffect</include>
			<aspectratio>stretch</aspectratio>
			<loop>true</loop>
			<animation effect="fade" time="200">WindowClose</animation>
	</control>
    <control type="group" id="30002">
      <description>24h view</description>
      <posx>0</posx>
      <posy>0</posy>
	  <width>450</width>
	  <height>230</height>
      <visible>true</visible>
      <control type="image" id="30003">
        <description>Hour image</description>
        <posx>1</posx>
        <posy>1</posy>
        <width>200</width>
        <height>200</height>
        <colordiffuse>FFFFFFFF</colordiffuse>
        <fadetime>200</fadetime>
        <texture></texture>
        <aspectratio>keep</aspectratio>
      </control>
      <control type="image" id="30004">
        <description>time seperator</description>
        <posx>201</posx>
        <posy>1</posy>
        <width>50</width>
        <height>200</height>
        <colordiffuse>FFFFFFFF</colordiffuse>
        <texture></texture>
        <aspectratio>keep</aspectratio>
      </control>
      <control type="image" id="30005">
        <description>Minute image</description>
        <posx>251</posx>
        <posy>1</posy>
        <width>200</width>
        <height>200</height>
        <colordiffuse>FFFFFFFF</colordiffuse>
        <fadetime>200</fadetime>
        <texture></texture>
        <aspectratio>keep</aspectratio>
      </control>
      <control type="image" id="30007">
        <description>AM/PM</description>
        <posx>451</posx>
        <posy>1</posy>
        <width>100</width>
        <height>200</height>
        <colordiffuse>FFFFFFFF</colordiffuse>
        <fadetime>200</fadetime>
        <texture></texture>
        <aspectratio>keep</aspectratio>
      </control>

      <control type="label" id="30106">
        <description>Date</description>
        <posx>1</posx>
        <posy>201</posy>
        <width>450</width>
        <height>100</height>
        <textcolor>FFFFFFFF</textcolor>
        <align>center</align>
        <label></label>
        <font>font14</font>
      </control>  
	  <control type="label" id="30107">
        <description>Dir container for slide show</description>
        <posx>0</posx>
        <posy>0</posy>
        <width>0</width>
        <height>0</height>
        <align>center</align>
        <label></label>
        <font>font14</font>
		<visible>false</visible>
      </control>	 
    </control>
  </controls>
</window>