<?xml version="1.0" encoding="UTF-8" standalone="yes"?>
<addon id="service.mpris.soundmenu"
       name="MPRIS D-Bus interface"
       version="1.0.2"
       provider-name="Team XBMC">
  <requires>
    <import addon="xbmc.python" version="2.1.0"/>
  </requires>
  <extension point="xbmc.service"
             library="default.py" start="startup">
  </extension>
  <extension point="xbmc.addon.metadata">
    <summary lang="en">XBMC MPRIS D-Bus interface</summary>
    <summary lang="de">XBMC MPRIS D-Bus Schnittstelle</summary>
    <description lang="en">Control XBMC using the MPRIS D-Bus interface (with Ubuntu sound-menu integration).</description>
    <description lang="de">XBMC über die MPRIS D-Bus Schnittstelle steuern (mit Ubuntu Sound-Menü Integration).</description>
    <platform>linux</platform>
    <license>GPL v2</license>
  </extension>
</addon>
