<?xml version="1.0" encoding="UTF-8" standalone="yes"?>
<addon id="plugin.video.rutube.ru"
       name="RuTube"
       version="1.0.6"
       provider-name="HD-Lab Team">
  <requires>
    <import addon="xbmc.python" version="2.1.0"/>
  </requires>
  <extension point="xbmc.python.pluginsource"
             provides="video"
             library="default.py">
    <provides>video</provides>
  </extension>
  <extension point="xbmc.addon.metadata">
    <summary>Лучшие онлайн видео ролики, приколы, аниме и клипы.</summary>
    <description>На RuTube Вы всегда сможете найти интересные ролики, новые клипы, anime и другое интересное видео. Каждый день наши пользователи загружают на сайт более 3500 новых роликов, лучшие из которых редакция сайта отбирает на главную страницу.
Особой популярностью пользуются авторские видеоприколы. Если Вы снимаете действительно смешное видео и не боитесь выставить себя или друзей в нелепом свете - то быстро станете звездой RuTube. При загрузке видео желательно указать категорию, к которой он относится (например, "Юмор, развлечения"), чтобы пользователи, интересующиеся этой темой, могли быстро найти ваш видеоролик.
RuTube - отличная стартовая площадка для независимых студий, начинающих кинорежиссеров и музыкальных групп. Концертное видео всегда привлекает внимание меломанов, которые любят слушать музыку онлайн и смотреть на выступление своей любимой команды. Помимо видео с концертов на RuTube есть музыкальные клипы, а также видео блоги популярных исполнителей, которые всегда рады непосредственному общению со своими фанатами. Один из самых популярных разделов RuTube - раздел кинотрейлеров. Раздел обновляется каждую неделю, в нем вы всегда можете посмотреть свежие трейлеры самых актуальных фильмов. Не обделены вниманием и мультики. Есть все: anime, современные интернет мульты, а также классические советские мультфильмы
Видео хостинг RuTube занимает лидирующие позиции среди российских видео сайтов и входит в десятку самых посещаемых сайтов рунета. Здесь можно посмотреть видео ролики на любой вкус: от интервью с деятелями культуры и серьезных политических передач до видео приколов, записей автокатастроф и аварий. Смотрите в онлайн аниме, передачу "Наша Раша" и самое смешное видео из репертуара Comedy Club.</description>
    <platform>all</platform>
  </extension>
</addon>
