<?xml version="1.0" encoding="UTF-8" standalone="yes"?>
<addon id="script.playlists" name="Playlists Script" version="2.0.1" provider-name="ronie">
	<requires>
		<import addon="xbmc.python" version="2.12.0"/>
	</requires>
	<extension point="xbmc.python.library" library="default.py"/>
	<extension point="xbmc.addon.metadata">	
		<language></language>
		<summary lang="en">Playlist script</summary>
		<description lang="en">Creates a list of available Video or Music playlists</description>
		<platform>all</platform>
		<forum>http://forum.xbmc.org/showthread.php?tid=112739</forum>
		<source>https://code.google.com/p/ronie/source/</source>
	</extension>
</addon>
