<?xml version="1.0" encoding="UTF-8" standalone="yes"?>
<addon id="script.gmail.checker"
       name="Gmail Checker"
       version="2.0.1"
       provider-name="Amet">
  <requires>
    <import addon="xbmc.python" version="2.0"/>
  </requires>
  <extension point="xbmc.python.script"
             library="default.py" />
  <extension point="xbmc.addon.metadata">
    <summary lang="en">Gmail Checker</summary>
    <summary lang="hu">Gmail ellenörző</summary> 
    <description lang="en">View Gmail e-mails</description>
    <description lang="hu">Gmail leveleid olvasása</description>
    <platform>all</platform>
  </extension>
</addon>
