<?xml version="1.0" encoding="UTF-8" standalone="yes"?>
<addon id="plugin.video.happyfeetskarma"
       name="[COLOR orange]Karma[/COLOR]"
       version="0.0.3"
       provider-name="HappyFeets">
  <requires>
    <import addon="xbmc.python" version="1.0"/>
	  </requires>
    <extension point="xbmc.python.pluginsource"
            library="default.py">
        <provides>video</provides>
  </extension>
  <extension point="xbmc.addon.metadata">
    <summary>HappyFeets KARMA ile Yerli - Yabanci Dizi, Film, Muzik, Sanatci Aratabilirsiniz.</summary>
    <description>Dream icerisine tasinmistir.</description>
	<platform>all</platform>
  </extension>
</addon>
