<?xml version="1.0" encoding="UTF-8"?>
<addon
  id="plugin.video.swiss.podcast"
  version="0.1.3"
  name="Swiss Podcast"
  provider-name="linuxluemmel.ch@gmail.com">
  <requires>
   <import addon="xbmc.python" version="1.0"/>
  </requires>
  <extension
    point="xbmc.python.pluginsource"
    library="default.py">
   <provides>audio video</provides>
  </extension>
  <extension point="xbmc.addon.metadata">
    <summary>Plays several switzerland podcasts</summary>
    <description></description>
    <platform>all</platform>
  </extension>
</addon>
