<?xml version="1.0" encoding="UTF-8" standalone="yes"?>
<addon id="plugin.audio.181fm" name="181.FM" version="1.0.4" provider-name="xbmchub.com">
    <requires>
        <import addon="xbmc.python" version="2.1.0"/>
    </requires>
    <extension point="xbmc.python.pluginsource" library="default.py">
        <provides>audio</provides>
    </extension>
    <extension point="xbmc.addon.metadata">
    <summary lang="en">Browse 181.fm</summary>
    <description lang="en">Browse and play a wide selection of stations from 181.fm.</description>
    <platform>all</platform>
    <forum>http://www.xbmchub.com/forums/official-xbmc-hub-repo/</forum>
    <website>http://www.xbmchub.com/</website>
  </extension>
</addon>
