<?xml version="1.0" encoding="UTF-8" standalone="yes"?>
<addon id="script.module.YaTv"
       name="YaTv"
       version="2.1.4"
       provider-name="TDW, -=St.Anger=-">
  <requires>
    <import addon="xbmc.python" version="2.1.0"/>
  </requires>
  <extension point="xbmc.addon.metadata">
    <summary>YaTv</summary>
    <description>Ya TV Guid</description>
    <platform>all</platform>
  </extension>
  <extension library="default.py" point="xbmc.service" />
  <extension point='xbmc.python.module' library='lib' />
</addon>
