<?xml version="1.0" encoding="UTF-8" standalone="yes"?>
<addon id="plugin.video.nhl-gamecenter" name="NHL Gamecenter" version="0.6.0" provider-name="Carb0">
  <requires>
    <import addon="xbmc.python" version="2.1.0"/>
    <import addon="script.module.httplib2" version="0.7.1"/>
  </requires>
  <extension point="xbmc.python.pluginsource" library="gamecenter.py">
        <provides>video</provides>
  </extension>
  <extension point="xbmc.addon.metadata">
    <platform>all</platform>
    <summary>NHL GameCenter LIVE™ is an online service offering streaming video of live games.</summary>
    <description>NHL GameCenter LIVE™ is an online service offering streaming video of live games.</description>
  </extension>
</addon>
