<?xml version="1.0" encoding="UTF-8" standalone="yes"?>
<addon id="plugin.video.slooh"
       name="Slooh Community Observatory"
       version="1.0.1"
       provider-name="t1m">
  <requires>
    <import addon="xbmc.python" version="2.1.0"/>
    <import addon="plugin.video.youtube" version="4.4.0"/>
  </requires>
  <extension point="xbmc.python.pluginsource"
            library="default.py">
        <provides>video</provides>
  </extension>
  <extension point="xbmc.addon.metadata">
    <summary lang="en">Slooh Community Observatory Video Addon</summary>
    <description lang="en">Since 2003 Slooh has connected land based telescopes to the internet for access by the broader public. Slooh members have taken 2.4m photos of over 40,000 celestial objects, and participated in numerous discoveries with leading astronomical institutions. Slooh automated observatories develop celestial images in real time for broadcast to the internet.</description>
    <disclaimer lang="en">Feel free to use this script. For information visit the wiki.</disclaimer>
    <platform>all</platform>
    <language>en</language>
    <license>GNU GENERAL PUBLIC LICENSE. Version 2, June 1991</license>
    <forum></forum>
    <website>events.slooh.com</website>
    <email></email>
    <source>https://github.com/learningit/plugin.video.slooh/</source>
  </extension>
</addon>
