<?xml version="1.0" encoding="UTF-8" standalone="yes"?>
<addon id="plugin.video.VICTORIASSECRET"
	name="Victoria's Secret"
	version="1.0.2"
	provider-name="xbmchub.com">
  <requires>
    <import addon="xbmc.python" version="2.1.0"/>
    <import addon="plugin.video.youtube" version="3.0.0"/>
  </requires>
  <extension point="xbmc.python.pluginsource" library="default.py">
    <provides>video</provides>
  </extension>
  <extension point="xbmc.addon.metadata">
    <summary lang="en">Victoria's Secret</summary>
    <description lang="en">Welcome to the official Victoria's Secret YouTube page. Go behind the scenes with our Supermodels, watch the world's sexiest TV spots, catch highlights from the Victoria's Secret Fashion Show and more!</description>
    <platform>all</platform>
    <forum>http://www.xbmchub.com/forums/official-xbmc-hub-repo/</forum>
    <website>http://www.xbmchub.com/</website>
  </extension>
</addon>
