﻿<?xml version="1.0" encoding="UTF-8" standalone="yes"?>
<addon id="plugin.video.dianyingFM"
    name="电影来了(电影FM)"
    version="0.5.3"
    provider-name="jindaxia">
	<requires>
		<import addon="script.thunder.player"  version="0.1.5"  optional="false"/>
		<import addon="script.module.keyboard.chinese"  version="1.2.8"  optional="true"/>	
	</requires>
    <extension
        point="xbmc.python.pluginsource"
        library="default.py">
        <provides>video</provides>
    </extension>
    <extension point="xbmc.addon.metadata">
        <summary lang="en">电影ＦＭ</summary>
        <summary lang="zh">电影ＦＭ</summary>
        <description lang="en">找电影，来电影FM！ (30万电影，50万电影资源)</description>
        <description lang="zh">找电影，来电影FM！ (30万电影，50万电影资源)</description>
        <platform>all</platform>
    </extension>
</addon>