<?xml version="1.0" encoding="UTF-8" standalone="yes"?>
<addon id="service.playitx" name="PlayIt" version="0.6.2"
	provider-name="AJ">
	<requires>
		<import addon="xbmc.python" version="2.1.0" />
		<import addon="script.module.simplejson"  />
		<import addon="script.module.beautifulsoup" />
		<import addon="script.module.turtlex"  />
		<import addon="plugin.playitx" />
	</requires>
	<extension point="xbmc.service" library="TurtleMain.py"
		start="login">
	</extension>
	<extension point="xbmc.addon.metadata">
		<summary>Play the video received from PlayIt service clients like Web Browser extensions</summary>
		<description>PlayIt is capable of playing almost all type of videos from most of hosted video sources.</description>
		<disclaimer>This addon makes no warranties, expressed or implied, and
			hereby disclaims and negates all other warranties, including without
			limitation, implied warranties or conditions of merchantability,
			fitness for a particular purpose, or non-infringement of intellectual
			property or other violation of rights. Further, PlayIt addon does not
			warrant or make any representations concerning the accuracy, likely
			results, or reliability of the use of the materials on the Internet
			web site where from data is retrieved or otherwise relating to such
			materials or on any sites linked to this addon. Videos are soruced
			from video-hosting websites that are having full rights to remove
			such access to video if required.</disclaimer>
		<license>GNU GPL v3</license>
		<platform>all</platform>
	</extension>
</addon>
