<?xml version="1.0" encoding="UTF-8" standalone="yes"?>
<addon id="plugin.video.StreamOn"

       name="StreamOn"

       version="1.0.14.b"

       provider-name="StreamOn">
  <requires>

        <import addon="xbmc.python" version="1.0"/>

        <import addon="script.module.urlresolver" version="0.0.1"/>

        <import addon="script.module.t0mm0.common" version="0.0.1"/>

  </requires>



  <extension point="xbmc.python.pluginsource" library="default.py">
    <provides>video</provides>
  </extension>
  <extension point="xbmc.addon.metadata">
    <summary lang="en">StreamOn</summary>
    <description lang="en">Plugin to watch streams from various indian, pakistani, bangladeshi sites as well as sports</description>
    <platform>all</platform>
  </extension>
</addon>