<?xml version="1.0" encoding="UTF-8" standalone="yes"?>
<addon id="plugin.video.theberrics" name="The Berrics"
    version="1.0.0" provider-name="boralyl">
<requires>
    <import addon="xbmc.python" version="2.1.0" />
    <import addon="script.common.plugin.cache" version="2.5.2" />
    <import addon="script.module.requests" version="1.1.0" />
    <import addon="script.module.xbmcswift2" version="2.4.0" />
    <import addon="script.module.beautifulsoup" version="3.0.8" />
</requires>
<extension point="xbmc.python.pluginsource" library="addon.py">
    <provides>video</provides>
</extension>
<extension point="xbmc.addon.metadata">
    <summary lang="en">The Berrics</summary>
    <description lang="en">Browse and play videos from theberrics.com.  The Berrics is a privately owned, indoor skatepark owned by professional skateboarders Steve Berra and Eric Koston. It is also a website providing content filmed in the skatepark, as well other skateboard-related media.</description>
    <platform>all</platform>
    <language>en</language>
    <email>aaronjg@gmail.com</email>
</extension>
</addon>

