<?xml version="1.0" encoding="UTF-8" standalone="yes"?>
<addon id="plugin.video.reddit.bc"
       name="Reddit Videos"
       version="0.0.3"
       provider-name="BlueCop">
  <requires>
    <import addon="xbmc.python" version="1.0"/>
    <import addon="script.module.beautifulsoup" version="3.0.8"/>
    <import addon="script.module.demjson" version="1.4"/>
  </requires>
  <extension point="xbmc.python.pluginsource"
            library="default.py">
  <provides>video</provides>
  </extension>
  <extension point="xbmc.addon.metadata">
    <summary>Videos from reddit.com</summary>
    <description>Videos from reddit.com</description>
    <platform>all</platform>
  </extension>
</addon>
