<?xml version="1.0" encoding="UTF-8" standalone="yes"?>
<addon id="plugin.video.day9"
       name="Day[9].tv archive"
       version="2.1.5"
       provider-name="Robert">
  <requires>
    <import addon="xbmc.python" version='2.1.0'/>
    <import addon="script.module.beautifulsoup" version='3.0.8'/>
    <import addon="plugin.video.youtube" version='3.2.0'/>
    <import addon='script.module.parsedom' version='1.3.0'/>
  </requires>
  <extension point="xbmc.python.pluginsource"
            library="default.py">
        <provides>video</provides>
  </extension>
  <extension point="xbmc.addon.metadata">
    <language>en</language>
    <platform>all</platform>
    <summary>Day[9].tv Archive</summary>
    <description>Casts from the awesome guy Sean "Day[9]" Plott teaching "How to be a better gamer" in Starcraft.</description>
    <license>GNU AFFERO GENERAL PUBLIC LICENSE.  Version 3, November
2007</license>
    <forum>http://forum.xbmc.org/showthread.php?tid=143022</forum>
    <website>https://github.com/rfdrake/xbmc-plugin-day9tv</website>
    <source>https://github.com/rfdrake/xbmc-plugin-day9tv.git</source>
    <email>rfdrake at gmail</email>
  </extension>
</addon>
