<?xml version="1.0" encoding="UTF-8"?>
<addon id="plugin.video.extreme-vidz" name="Extreme-Vidz" version="1.0.0" provider-name="SpAiK">
    <requires>
        <import addon="xbmc.python" version="2.1.0"/>
		<import addon="plugin.video.vimeo" version="3.5.2"/>
		<import addon="plugin.video.youtube" version="3.0.0"/>
    </requires>
    <extension point="xbmc.python.pluginsource" library="default.py">
        <provides>video</provides>
    </extension>
    <extension point="xbmc.addon.metadata">
        <platform>all</platform>
        <summary lang="en">Extreme Movie Database. BMX · MTB · Inline · Surf · Ski · Snowboard · Skateboard · Graffiti · Auto · Wakeboard · Climbing · MotoX</summary>
        <language>en</language>
        <description lang="en">Extreme Movie Database. BMX · MTB · Inline · Surf · Ski · Snowboard · Skateboard · Graffiti · Auto · Wakeboard · Climbing · MotoX</description>
        <forum></forum>
		<source>http://code.google.com/p/spaik/source/</source>
		<email>ospaiko@gmail.com</email>
    </extension>
</addon>
