<?xml version="1.0" encoding="UTF-8" standalone="yes"?>
<addon id="script.vst"
       name="VST全聚合"
       version="0.0.5"
       provider-name="yxblog">
  <requires>
    <import addon="xbmc.python" version="2.1.0"/>
  </requires>
  <extension point="xbmc.python.script" library="default.py">
        <provides>video</provides>
  </extension>
  <extension point="xbmc.addon.metadata">
    <summary lang="en">VST全聚合是华人用户数最多的聚合平台软件，集合视频点播、网络直播、电视回播、应用程序、我的设置于一身，聚合了国内主流的十八个视频网站的内容，最新影视大片、同步电视剧集、热点新闻、动漫、教育内容应有尽有，Win8 Metro UI风格，只需要遥控器七个按键就能操作观看，极致体验，视觉盛宴，让电视变智能，让娱乐更尽兴。 \u0009VST小组是一个非盈利性的非商业兴趣小组，主要根据网络各大视频网络内容进行聚合整理，本服务未对内容做存储分发及编辑重压缩处理，所有的影视、歌曲、新闻视频版权归属于原版权所有人所有。</summary>
    <description lang="en"></description>
    <platform>all</platform>
  </extension>
</addon>
