<?xml version="1.0" encoding="UTF-8" standalone="yes"?>
<addon id="plugin.moje.polskieradio" name="Moje Polskie Radio" version="0.0.2" provider-name="SD-XBMC Team">
	<requires>
    	<import addon="xbmc.python" version="2.1.0"/>
    	<import addon="script.module.simplejson" version="2.0.10"/>
  	</requires>
  	<extension point="xbmc.python.pluginsource" library="default.py">
        <provides>audio</provides>
  	</extension>
  	<extension point="xbmc.addon.metadata">
    	<summary>Moje Polskie Radio</summary>
    	<description>Moje Polskie Radio</description>
    	<platform>all</platform>
  		<language>pl en</language>
		<license>GNU GENERAL PUBLIC LICENSE. Version 2, June 1991</license>
		<forum>http://sd-xbmc.org/pl/forum</forum>
		<website>http://sd-xbmc.org</website>
		<email>support@sd-xbmc.org</email>	
	</extension>
</addon>