<?xml version="1.0" encoding="UTF-8"?>
<addon id="plugin.video.skyaccess.se"
       name="Sky Access"
       version="0.0.6"
       provider-name="the-one">
  <requires>
    <import addon="xbmc.python" version="2.1.0"/>
	<import addon="script.module.t0mm0.common" version="0.0.1"/>
  </requires>
  <extension point="xbmc.python.pluginsource"
            library="default.py">
        <provides>video</provides>
  </extension>
  <extension point="xbmc.addon.metadata">
    <summary lang="en">Sky Access (skyaccess.se)</summary>
    <description lang="en">Sky Access (skyaccess.se)</description>
    <platform>all</platform>
  </extension>
</addon>
