<?xml version="1.0" encoding="UTF-8" standalone="yes"?>
<addon id="service.subtitles.subscenter"
       name="Subscenter.org"
       version="3.2.3"
       provider-name="CaTz">
  <requires>
    <import addon="xbmc.python" version="2.14.0"/>
	<import addon="script.common.plugin.cache" version="0.9.1"/>
  </requires>
  <extension point="xbmc.subtitle.module"
             library="service.py" />
  <extension point="xbmc.addon.metadata">
    <summary lang="en">Subscenter.org</summary>
    <description lang="en">Search and Download subtitles from subscenter.org. Contributors: rabak, Ori Varon, sagiben</description>
    <source>https://github.com/XBMCil/service.subtitles.subscenter</source>
    <language></language>
	<email></email>
	<forum></forum>
	<website></website>
    <license>GNU GENERAL PUBLIC LICENSE. Version 2, June 1991</license>
  </extension>
</addon>
