<?xml version="1.0" encoding="UTF-8" standalone="yes"?>
<addon id="plugin.video.rsa" name="RSA" version="1.0.1" provider-name="Lex Toumbourou">
    <requires>
        <import addon="xbmc.python" version="2.1.0"/>
        <import addon="script.module.beautifulsoup" version="3.2.1"/>
        <import addon="script.module.requests" version="1.1.0"/>
        <import addon="plugin.video.youtube" version="4.4.6"/>
        <import addon="script.module.xbmcswift2" version="2.4.0"/>
    </requires>
    <extension point="xbmc.python.pluginsource" library="addon.py">
        <provides>video</provides>
    </extension>
<extension point="xbmc.addon.metadata">
        <platform>all</platform>
        <language></language>
        <summary lang="en">Browse and stream videos from RSA (Royal Society for the encouragement of Arts, Manufactures and Commerce)</summary>
        <description lang="en">Video content from RSA (Royal Society for the encouragement of Arts, Manufactures and Commerce): an enlightenment organisation committed to finding innovative practical solutions to today’s social challenges. Get your knowledge on.</description>
        <license>The MIT License (MIT)</license>
        <forum>http://forum.xbmc.org/showthread.php?tid=128173</forum>
        <website></website>
        <email>lextoumbourou@gmail.com</email>
        <source>https://github.com/lextoumbourou/plugin.video.rsa</source>
</extension>
</addon>
