<?xml version="1.0" encoding="utf-8" standalone="yes"?>
<window id="5600">
	<defaultcontrol>5201</defaultcontrol>
	<include>dialogeffect</include>
	<coordinates>
		<system>1</system>
		<posx>280</posx>
		<posy>75</posy>
	</coordinates>
	
	<controls>
		<!-- Window -->
		<control type="image">
			<description>background top image</description>
			<posx>0</posx>
			<posy>-65</posy>
			<width>720</width>
			<height>65</height>
			<texture border="45,45,45,0">rcb-DialogContextTop.png</texture>
		</control>
		<control type="label">
			<posx>0</posx>
			<posy>-30</posy>
			<width>720</width>
			<height>30</height>
			<font>font24_title</font>
			<textcolor>white</textcolor>
			<align>center</align>
			<aligny>center</aligny>
			<label>$ADDON[script.games.rom.collection.browser 32850]</label>
		</control>
		<control type="button" id="5101">
			<description>Close Window button</description>
			<posx>640</posx>
			<posy>-30</posy>
			<width>40</width>
			<height>25</height>
			<label>-</label>
			<font>-</font>
			<texturefocus>rcb-DialogCloseButton-focus.png</texturefocus>
			<texturenofocus>rcb-DialogCloseButton.png</texturenofocus>
			<onleft>5201</onleft>
			<onright>5201</onright>
			<onup>6000</onup>
			<ondown>5201</ondown>
			<visible>system.getbool(input.enablemouse)</visible>
		</control>
		<control type="image">
			<description>background image</description>
			<posx>0</posx>
			<posy>0</posy>
			<width>720</width>
			<height>550</height>
			<texture border="45,0,45,0">rcb-DialogContextMiddle.png</texture>				
		</control>
		<control type="image">
			<description>background image</description>
			<posx>35</posx>
			<posy>0</posy>
			<width>640</width>
			<height>550</height>				
			<texture border="0,0,0,0">rcb-floor.png</texture>
		</control>
		<control type="image">
			<description>background bottom image</description>
			<posx>0</posx>
			<posy>550</posy>
			<width>720</width>
			<texture border="45,0,45,49">rcb-DialogContextBottom.png</texture>
		</control>				
		
		<!-- Show/Hide missing info list -->
		<control type="list" id="5200">
			<hitrect x="0" y="0" w="0" h="0" />
			<posx>40</posx>
			<posy>50</posy>
			<width>630</width>
			<height>30</height>
			<onleft>5200</onleft>
			<onright>5200</onright>
			<onup>5200</onup>
			<ondown>5200</ondown>
			<pagecontrol>-</pagecontrol>
			<scrolltime>0</scrolltime>
			<itemlayout height="1" width="750"></itemlayout>
			<focusedlayout height="30" width="670">
				<control type="image">
					<posx>0</posx>
					<posy>0</posy>
					<width>630</width>
					<height>30</height>
					<texture>rcb-MenuItemNF.png</texture>
					<visible>![Control.HasFocus(5201) | Control.HasFocus(5202)]</visible>
				</control>
				<control type="image">
					<posx>0</posx>
					<posy>0</posy>
					<width>630</width>
					<height>30</height>
					<texture>rcb-MenuItemFO.png</texture>
					<visible>[Control.HasFocus(5201) | Control.HasFocus(5202)]</visible>
				</control>
				<control type="label">
					<posx>7</posx>
					<posy>5</posy>
					<width>300</width>
					<height>20</height>
					<font>font13</font>
					<textcolor>88FFFFFF</textcolor>
					<align>left</align>
					<aligny>center</aligny>
					<label>$ADDON[script.games.rom.collection.browser 32851]</label>
					<visible>![Control.HasFocus(5201) | Control.HasFocus(5202)]</visible>
				</control>
				<control type="label">
					<posx>7</posx>
					<posy>5</posy>
					<width>300</width>
					<height>20</height>
					<font>font13</font>
					<textcolor>FFFFFFFF</textcolor>
					<align>left</align>
					<aligny>center</aligny>
					<label>$ADDON[script.games.rom.collection.browser 32851]</label>
					<visible>[Control.HasFocus(5201) | Control.HasFocus(5202)]</visible>
				</control>
				<control type="label">
					<posx>570</posx>
					<posy>5</posy>
					<width>370</width>
					<height>20</height>
					<font>font13</font>
					<textcolor>88FFFFFF</textcolor>
					<align>right</align>
					<aligny>center</aligny>
					<label>$INFO[ListItem.Label]</label>
					<visible>![Control.HasFocus(5201) | Control.HasFocus(5202)]</visible>
				</control>
				<control type="label">
					<posx>570</posx>
					<posy>5</posy>
					<width>370</width>
					<height>20</height>
					<font>font13</font>
					<textcolor>FFFFFFFF</textcolor>
					<align>right</align>
					<aligny>center</aligny>
					<label>$INFO[ListItem.Label]</label>
					<visible>[Control.HasFocus(5201) | Control.HasFocus(5202)]</visible>
				</control>
			</focusedlayout>
		</control>
		<control type="button" id="5201">
			<description>Menu Item Next Button</description>
			<posx>630</posx>
			<posy>55</posy>
			<width>20</width>
			<height>20</height>
			<label>-</label>
			<font>-</font>
			<texturenofocus>rcb-scroll-down-2.png</texturenofocus>
			<texturefocus>rcb-scroll-down-focus-2.png</texturefocus>
			<onclick>Control.Move(5200,1)</onclick>
			<onleft>6000</onleft>
			<onright>5202</onright>
			<onup>5101</onup>
			<ondown>5230</ondown>
		</control>
		<control type="button" id="5202">
			<description>Menu Item Prev Button</description>
			<posx>650</posx>
			<posy>55</posy>
			<width>20</width>
			<height>20</height>
			<label>-</label>
			<font>-</font>
			<texturenofocus>rcb-scroll-up-2.png</texturenofocus>
			<texturefocus>rcb-scroll-up-focus-2.png</texturefocus>
			<onclick>Control.Move(5200,-1)</onclick>
			<onleft>5201</onleft>
			<onright>6000</onright>
			<onup>5101</onup>
			<ondown>5230</ondown>
		</control>
			
		<!-- Artwork -->
		<control type="group">
			<posx>40</posx>
			<posy>100</posy>
			<control type="label">
				<posx>7</posx>
				<posy>0</posy>
				<width>370</width>
				<height>20</height>
				<font>font13</font>
				<textcolor>88FFFFFF</textcolor>
				<align>left</align>
				<aligny>center</aligny>
				<label>$ADDON[script.games.rom.collection.browser 32852]</label>
			</control>
			<control type="group">
				<posx>20</posx>
				<posy>30</posy>
				<control type="label">
					<posx>0</posx>
					<posy>0</posy>
					<width>370</width>
					<height>20</height>
					<font>font13</font>
					<textcolor>88FFFFFF</textcolor>
					<align>left</align>
					<aligny>center</aligny>
					<label>$ADDON[script.games.rom.collection.browser 32853]:</label>
				</control>
				<control type="label" id="5220">
					<posx>605</posx>
					<posy>0</posy>
					<width>300</width>
					<height>20</height>
					<font>font13</font>
					<textcolor>88FFFFFF</textcolor>
					<align>right</align>
					<aligny>center</aligny>
					<label>$ADDON[script.games.rom.collection.browser 32854]</label>
				</control>
				<control type="button" id="5230"> 
					<description>Add item</description>
					<posx>15</posx>
					<posy>25</posy>
					<width>613</width>
					<height>30</height>				
					<font>font13</font>
					<colordiffuse>DDFFFFFF</colordiffuse>
					<texturefocus>rcb-MenuItemFO.png</texturefocus>
					<texturenofocus>rcb-MenuItemNF.png</texturenofocus>
					<label>- $ADDON[script.games.rom.collection.browser 32855]</label>
					<textcolor>88FFFFFF</textcolor>
					<focusedcolor>FFFFFFFF</focusedcolor>
					<disabledcolor>80FFFFFF</disabledcolor>
					<align>left</align>
					<aligny>center</aligny>
					<onup>5201</onup>
					<ondown>5240</ondown>
					<onleft>6000</onleft>
					<onright>6000</onright>
				</control>
				<control type="button" id="5240"> 
					<description>Remove item</description>
					<posx>15</posx>
					<posy>50</posy>
					<width>613</width>
					<height>30</height>				
					<font>font13</font>
					<colordiffuse>DDFFFFFF</colordiffuse>
					<texturefocus>rcb-MenuItemFO.png</texturefocus>
					<texturenofocus>rcb-MenuItemNF.png</texturenofocus>
					<label>- $ADDON[script.games.rom.collection.browser 32856]</label>
					<textcolor>88FFFFFF</textcolor>
					<focusedcolor>FFFFFFFF</focusedcolor>
					<disabledcolor>80FFFFFF</disabledcolor>
					<align>left</align>
					<aligny>center</aligny>
					<onup>5230</onup>
					<ondown>5260</ondown>
					<onleft>6000</onleft>
					<onright>6000</onright>
				</control>
			</control>
			<control type="group">
				<posx>20</posx>
				<posy>120</posy>
				<control type="label">
					<posx>0</posx>
					<posy>0</posy>
					<width>370</width>
					<height>20</height>
					<font>font13</font>
					<textcolor>88FFFFFF</textcolor>
					<align>left</align>
					<aligny>center</aligny>
					<label>$ADDON[script.games.rom.collection.browser 32857]:</label>
				</control>
				<control type="label" id="5250">
					<posx>605</posx>
					<posy>0</posy>
					<width>300</width>
					<height>20</height>
					<font>font13</font>
					<textcolor>88FFFFFF</textcolor>
					<align>right</align>
					<aligny>center</aligny>
					<label>$ADDON[script.games.rom.collection.browser 32854]</label>
				</control>
				<control type="button" id="5260"> 
					<description>Add item</description>
					<posx>15</posx>
					<posy>25</posy>
					<width>613</width>
					<height>30</height>				
					<font>font13</font>
					<colordiffuse>DDFFFFFF</colordiffuse>
					<texturefocus>rcb-MenuItemFO.png</texturefocus>
					<texturenofocus>rcb-MenuItemNF.png</texturenofocus>
					<label>- $ADDON[script.games.rom.collection.browser 32855]</label>
					<textcolor>88FFFFFF</textcolor>
					<focusedcolor>FFFFFFFF</focusedcolor>
					<disabledcolor>80FFFFFF</disabledcolor>
					<align>left</align>
					<aligny>center</aligny>
					<onup>5240</onup>
					<ondown>5270</ondown>
					<onleft>6000</onleft>
					<onright>6000</onright>
				</control>
				<control type="button" id="5270"> 
					<description>Remove item</description>
					<posx>15</posx>
					<posy>50</posy>
					<width>613</width>
					<height>30</height>				
					<font>font13</font>
					<colordiffuse>DDFFFFFF</colordiffuse>
					<texturefocus>rcb-MenuItemFO.png</texturefocus>
					<texturenofocus>rcb-MenuItemNF.png</texturenofocus>
					<label>- $ADDON[script.games.rom.collection.browser 32856]</label>
					<textcolor>88FFFFFF</textcolor>
					<focusedcolor>FFFFFFFF</focusedcolor>
					<disabledcolor>80FFFFFF</disabledcolor>
					<align>left</align>
					<aligny>center</aligny>
					<onup>5260</onup>
					<ondown>5290</ondown>
					<onleft>6000</onleft>
					<onright>6000</onright>
				</control>
			</control>
		</control>
		
		<!-- Info -->
		<control type="group">
			<posx>40</posx>
			<posy>320</posy>
			<control type="label">
				<posx>7</posx>
				<posy>0</posy>
				<width>370</width>
				<height>20</height>
				<font>font13</font>
				<textcolor>88FFFFFF</textcolor>
				<align>left</align>
				<aligny>center</aligny>
				<label>$ADDON[script.games.rom.collection.browser 32858]</label>
			</control>
			<control type="group">
				<posx>20</posx>
				<posy>30</posy>
				<control type="label">
					<posx>0</posx>
					<posy>0</posy>
					<width>370</width>
					<height>20</height>
					<font>font13</font>
					<textcolor>88FFFFFF</textcolor>
					<align>left</align>
					<aligny>center</aligny>
					<label>$ADDON[script.games.rom.collection.browser 32853]:</label>
				</control>
				<control type="label" id="5280">
					<posx>605</posx>
					<posy>0</posy>
					<width>300</width>
					<height>20</height>
					<font>font13</font>
					<textcolor>88FFFFFF</textcolor>
					<align>right</align>
					<aligny>center</aligny>
					<label>$ADDON[script.games.rom.collection.browser 32854]</label>
				</control>
				<control type="button" id="5290"> 
					<description>Add item</description>
					<posx>15</posx>
					<posy>25</posy>
					<width>613</width>
					<height>30</height>				
					<font>font13</font>
					<colordiffuse>DDFFFFFF</colordiffuse>
					<texturefocus>rcb-MenuItemFO.png</texturefocus>
					<texturenofocus>rcb-MenuItemNF.png</texturenofocus>
					<label>- $ADDON[script.games.rom.collection.browser 32855]</label>
					<textcolor>88FFFFFF</textcolor>
					<focusedcolor>FFFFFFFF</focusedcolor>
					<disabledcolor>80FFFFFF</disabledcolor>
					<align>left</align>
					<aligny>center</aligny>
					<onup>5270</onup>
					<ondown>5300</ondown>
					<onleft>6000</onleft>
					<onright>6000</onright>
				</control>
				<control type="button" id="5300"> 
					<description>Remove item</description>
					<posx>15</posx>
					<posy>50</posy>
					<width>613</width>
					<height>30</height>				
					<font>font13</font>
					<colordiffuse>DDFFFFFF</colordiffuse>
					<texturefocus>rcb-MenuItemFO.png</texturefocus>
					<texturenofocus>rcb-MenuItemNF.png</texturenofocus>
					<label>- $ADDON[script.games.rom.collection.browser 32856]</label>
					<textcolor>88FFFFFF</textcolor>
					<focusedcolor>FFFFFFFF</focusedcolor>
					<disabledcolor>80FFFFFF</disabledcolor>
					<align>left</align>
					<aligny>center</aligny>
					<onup>5290</onup>
					<ondown>5320</ondown>
					<onleft>6000</onleft>
					<onright>6000</onright>
				</control>
			</control>
			<control type="group">
				<posx>20</posx>
				<posy>120</posy>
				<control type="label">
					<posx>0</posx>
					<posy>0</posy>
					<width>370</width>
					<height>20</height>
					<font>font13</font>
					<textcolor>88FFFFFF</textcolor>
					<align>left</align>
					<aligny>center</aligny>
					<label>$ADDON[script.games.rom.collection.browser 32857]:</label>
				</control>
				<control type="label" id="5310">
					<posx>605</posx>
					<posy>0</posy>
					<width>300</width>
					<height>20</height>
					<font>font13</font>
					<textcolor>88FFFFFF</textcolor>
					<align>right</align>
					<aligny>center</aligny>
					<label>$ADDON[script.games.rom.collection.browser 32854]</label>
				</control>
				<control type="button" id="5320"> 
					<description>Add item</description>
					<posx>15</posx>
					<posy>25</posy>
					<width>613</width>
					<height>30</height>				
					<font>font13</font>
					<colordiffuse>DDFFFFFF</colordiffuse>
					<texturefocus>rcb-MenuItemFO.png</texturefocus>
					<texturenofocus>rcb-MenuItemNF.png</texturenofocus>
					<label>- $ADDON[script.games.rom.collection.browser 32855]</label>
					<textcolor>88FFFFFF</textcolor>
					<focusedcolor>FFFFFFFF</focusedcolor>
					<disabledcolor>80FFFFFF</disabledcolor>
					<align>left</align>
					<aligny>center</aligny>
					<onup>5300</onup>
					<ondown>5330</ondown>
					<onleft>6000</onleft>
					<onright>6000</onright>
				</control>
				<control type="button" id="5330"> 
					<description>Remove item</description>
					<posx>15</posx>
					<posy>50</posy>
					<width>613</width>
					<height>30</height>				
					<font>font13</font>
					<colordiffuse>DDFFFFFF</colordiffuse>
					<texturefocus>rcb-MenuItemFO.png</texturefocus>
					<texturenofocus>rcb-MenuItemNF.png</texturenofocus>
					<label>- $ADDON[script.games.rom.collection.browser 32856]</label>
					<textcolor>88FFFFFF</textcolor>
					<focusedcolor>FFFFFFFF</focusedcolor>
					<disabledcolor>80FFFFFF</disabledcolor>
					<align>left</align>
					<aligny>center</aligny>
					<onup>5320</onup>
					<ondown>6000</ondown>
					<onleft>6000</onleft>
					<onright>6000</onright>
				</control>
			</control>
		</control>
			
		<!-- Save and Cancel -->
		<control type="button" id="6000"> 
			<description>Delete</description>
			<posx>150</posx>
			<posy>540</posy>
			<width>200</width>
			<height>30</height>
			<visible>true</visible>
			<font>font13</font>
			<colordiffuse>DDFFFFFF</colordiffuse>
			<texturefocus>rcb-button-focus.png</texturefocus>
			<texturenofocus>rcb-button-nofocus.png</texturenofocus>
			<label>$ADDON[script.games.rom.collection.browser 32634]</label>
			<textcolor>88FFFFFF</textcolor>
			<disabledcolor>80FFFFFF</disabledcolor>
			<align>center</align>
			<aligny>center</aligny>
			<textoffsetx></textoffsetx>
			<textoffsety></textoffsety>
			<pulseonselect></pulseonselect>
			<onup>5330</onup>
			<ondown>5101</ondown>
			<onleft>6010</onleft>
			<onright>6010</onright>
		</control>
		<control type="button" id="6010"> 
			<description>Cancel</description>
			<posx>370</posx>
			<posy>540</posy>
			<width>200</width>
			<height>30</height>
			<visible>true</visible>
			<font>font13</font>
			<colordiffuse>DDFFFFFF</colordiffuse>
			<texturefocus>rcb-button-focus.png</texturefocus>
			<texturenofocus>rcb-button-nofocus.png</texturenofocus>
			<label>$ADDON[script.games.rom.collection.browser 32635]</label>			
			<textcolor>88FFFFFF</textcolor>
			<disabledcolor>80FFFFFF</disabledcolor>
			<align>center</align>
			<aligny>center</aligny>
			<textoffsetx></textoffsetx>
			<textoffsety></textoffsety>
			<pulseonselect></pulseonselect>
			<onup>5330</onup>
			<ondown>5101</ondown>
			<onleft>6000</onleft>
			<onright>6000</onright>
		</control>		
	</controls>
</window>