<?xml version="1.0" encoding="UTF-8" standalone="yes"?>
<addon id="plugin.video.gfq"
       name="GFQ"
       version="2.0.0"
       provider-name="Bawitdaba">
  <requires>
    <import addon="xbmc.python" version="2.1.0"/>
    <import addon="script.module.beautifulsoup4" version="4.3.1"/>
    <import addon="script.common.plugin.cache" version="2.5.2"/>
  </requires>
  <extension point="xbmc.python.pluginsource" library="default.py">
    <provides>audio video</provides>
  </extension>
  <extension point="xbmc.addon.metadata">
    <summary lang="en">Guys From Queens Network</summary>
    <description lang="en">Watch live shows and previously recorded podcasts from the Guys From Queens (GFQ) Network

http://www.gfqnetwork.com</description>
    <platform>all</platform>
	<language>en</language>
    <license>GNU GENERAL PUBLIC LICENSE. Version 2, June 1991</license>
    <source>https://code.google.com/p/gfq-xbmc/</source>
    <forum></forum>
    <website>http://www.gfqnetwork.com/</website>
  </extension>
</addon>