<?xml version="1.0" encoding="UTF-8" standalone="yes"?>
<addon id="plugin.video.oodnurdtv" name="drundootv" version="0.0.7" provider-name="pesheto">
  <requires>
    <import addon="xbmc.python" version="2.1.0"/>
    <import addon="script.module.xbmcswift2" version="2.4.0"/>
    <import addon="script.module.requests2" version="2.2.1"/>
    <import addon="script.module.beautifulsoup4" version="4.3.2"/>
  </requires>
  <extension point="xbmc.python.pluginsource" library="addon.py">
    <provides>video</provides>
  </extension>
  <extension point="xbmc.addon.metadata">
    <platform>all</platform>
    <language></language>
    <summary>Summary for "drundoo"</summary>
    <description>Plugin for watching television from Drundoo</description>
    <license>GNU GENERAL PUBLIC LICENSE. Version 2, June 1991</license>
    <forum></forum>
    <website>http://www.drundoo.com</website>
    <email>pesheto@yahoo.com</email>
    <source>https://github.com/pesheto/plugin.video.oodnurdtv.git</source>
  </extension>

</addon>
