<?xml version="1.0" encoding="UTF-8"?>
<addon id="plugin.video.drdish-tv_de" name="DrDish-TV.de" version="1.0.4" provider-name="AddonScriptorDE">
    <requires>
        <import addon="xbmc.python" version="2.1.0"/>
    </requires>
    <extension point="xbmc.python.pluginsource" library="default.py">
        <provides>video</provides>
    </extension>
    <extension point="xbmc.addon.metadata">
        <platform>all</platform>
        <summary lang="de">Der Multimedia-Kanal</summary>
        <summary lang="en">Der Multimedia-Kanal</summary>
        <language>de</language>
        <description lang="de">Der Multimedia-Kanal</description>
        <description lang="en">The Multimedia Channel</description>
        <license>GNU GENERAL PUBLIC LICENSE. Version 2, June 1991</license>
        <source>https://github.com/AddonScriptorDE/plugin.video.drdish-tv_de</source>
        <forum>http://forum.xbmc.org/showthread.php?tid=132563</forum>
        <email>AddonScriptorDE at yahoo dot de</email>
        <website>http://www.drdish-tv.de</website>
    </extension>
</addon>
