<?xml version="1.0" encoding="UTF-8" standalone="yes"?>
<addon id="script.smoothstreams" name="SmoothStreams.tv EPG" version="0.5.4" provider-name="SmoothStreams.tv">
    <requires>
        <import addon="xbmc.python" version="2.0"/>
        <import addon="script.module.simplejson" version="2.0.10"/>
        <import addon="script.module.elementtree" version="1.2.7"/>
        <import addon="script.module.buggalo" version="1.1.2"/>
        <import addon="plugin.video.mystreamstv.beta" version="0.8.214"/>
    </requires>

    <extension point="xbmc.python.script" library="addon.py"/>
    <extension point="xbmc.service" library="service.py" start="login" />
    <extension point="xbmc.addon.metadata">
        <summary lang="en">TV Guide with XMLTV and streaming support</summary>
        <summary lang="da">TV Guide med XMLTV og streaming support</summary>
        <summary lang="pl">Program TV obsługujący XMLTV oraz transmisję</summary>
        <description lang="en">The TV guide gives you an overview on whats on TV right now, so you don't have to change the channel away from XBMC![CR]EPG data can be retrieved from YouSee.tv, DR.dk, TvTid.dk, XMLTV file or remote JSON source.[CR][CR]Navigate using the arrow keys and change page using channel + / -.[CR][CR]If you have comments or suggestions for this addon, please feel free to participate in the debate on my blog at http://tommy.winther.nu</description>
        <description lang="da">TV guiden giver dig et overblik over hvad der er på TV lige nu, så slipper du for at zappe væk fra XBMC![CR]EPG data kan indlæses fra YouSee.tv, DR.dk, TvTid.dk, XMLTV fil,  eller en ekstern JSON kilde.[CR][CR]Naviger med piletasterne og skift side med kanal + og -.[CR][CR]Har du kommentarer, ris eller ros til denne addon er du velkommen til at delta    ge i debatten på min blog på http://tommy.winther.nu</description>
        <description lang="pl">Program TV Guide pokazuje Ci co aktualnie leci w telewizji - teraz już nie musisz zmieniać kanału z XBMC![CR]Dane na temat EPG mogą być pobierane z YouSee.tv, DR.dk, TvTid.dk, pliuk XMLTV lub zewnętrznego źródła JSON.[CR][CR]Aby poruszać się po interfejsie użyj klawiszy strzałek, możesz także zmieniać kanały za pomocą + / -.[CR][CR]Jeśli masz jakiś komentarz lub sugestie dotyczące tego dodatku będę wdzięczny jeśli podzielisz się nimi z e mną na blogu http://tommy.winther.nu</description>
        <platform>all</platform>
        <language></language>
    </extension>
</addon>
