<?xml version="1.0" encoding="UTF-8"?>
<addon id="plugin.video.infinitylist_com" name="InfinityList.com" version="2.0.3" provider-name="AddonScriptorDE">
    <requires>
        <import addon="xbmc.python" version="2.1.0"/>
        <import addon="plugin.video.youtube" version="3.0.0"/>
        <import addon="plugin.video.vimeo" version="2.3.0"/>
    </requires>
    <extension point="xbmc.python.pluginsource" library="default.py">
        <provides>video</provides>
    </extension>
    <extension point="xbmc.addon.metadata">
        <platform>all</platform>
        <summary lang="en">The Cinematic Action Sports Experience</summary>
        <language></language>
        <description lang="en">The Cinematic Action Sports Experience</description>
        <license>GNU GENERAL PUBLIC LICENSE. Version 2, June 1991</license>
        <source>https://github.com/AddonScriptorDE/plugin.video.infinitylist_com</source>
        <forum>http://forum.xbmc.org/showthread.php?tid=169687</forum>
        <email>AddonScriptorDE at yahoo dot de</email>
        <website>http://www.infinitylist.com</website>
    </extension>
</addon>
