<?xml version="1.0" encoding="UTF-8" standalone="yes"?>
<addon id="plugin.video.Machinima"
	name="Machinima"
	version="1.0.2"
	provider-name="xbmchub.com">
  <requires>
    <import addon="xbmc.python" version="2.1.0"/>
    <import addon="plugin.video.youtube" version="3.0.0"/>
  </requires>
  <extension point="xbmc.python.pluginsource" library="default.py">
    <provides>video</provides>
  </extension>
  <extension point="xbmc.addon.metadata">
    <summary lang="en">Machinima</summary>
    <description lang="en">Machinima is the number one video entertainment network for gamers around the world, featuring gameplay videos, trailers, original series, livestreams, and the most up-to-date news for the gamer generation.</description>
    <platform>all</platform>
    <forum>http://www.xbmchub.com/forums/official-xbmc-hub-repo/</forum>
    <website>http://www.xbmchub.com/</website>
  </extension>
</addon>
