<?xml version="1.0" encoding="UTF-8" standalone="yes"?>
<addon id="plugin.program.jdownloader"
       name="JDownloader"
       version="1.3.1"
       provider-name="pgoeri">
  <requires>
    <import addon="xbmc.python" version="2.1.0"/>
  </requires>
  <extension point="xbmc.python.pluginsource"
             library="default.py">
    <provides>executable</provides>
  </extension> 
  <extension point="xbmc.addon.metadata">
    <summary lang="en">A client for the popular JDownloader application</summary>
    <summary lang="de">Ein Client für die populäre JDownloader Anwendung</summary>
    <description lang="en">This plugin displays the current status of JDownloader. The following actions are supported: start, stop, pause, set limit, set max. downloads.
It is also possible to update, restart and shutdown the JDownloader application.</description>
    <description lang="de">Dieses Plugin zeigt den aktuellen JDownloader-Status an. Die folgenden Aktionen werden unterstützt: Start, Stop, Pause, Speedlimit festlegen, max. gleichzeitige Downloads festlegen.
Es ist weiters möglich die JDownloader Anwendung zu aktualisieren, neu zu starten oder zu schließen.</description>
    <platform>all</platform>
    <language></language>
    <license>GNU GENERAL PUBLIC LICENSE. Version 3, 29 June 2007</license>
    <forum>http://forum.xbmc.org/showthread.php?pid=600896</forum>
    <website>http://pgoeri-xbmc-plugins.googlecode.com/</website>
    <source>http://pgoeri-xbmc-plugins.googlecode.com/svn/trunk/plugin.program.jdownloader/</source>
    <email> pgoeri85 at gmail dot com</email>
    <disclaimer lang="en">Make sure to enable the 'Remote Control' extension (default port 10025) in JDownloader!</disclaimer>
    <disclaimer lang="de">Die 'Remote Control'-Erweiterung (Defaultport 10025) muss im JDownloader aktiviert sein!</disclaimer>
  </extension>
</addon>
