<?xml version="1.0" encoding="UTF-8" standalone="yes"?>
<addon id="plugin.video.elisa.viihde" name="Elisa Viihde" version="0.0.6" provider-name="zippoman, purtsi, teerytko, anylonen">
    <requires>
        <import addon="xbmc.python" version="2.1.0"/>
        <import addon="script.module.simplejson"/>
        <import addon="script.module.beautifulsoup"/>
    </requires>
    <extension point="xbmc.python.pluginsource" library="addon.py">
        <provides>video</provides>
    </extension>
    <extension point="xbmc.addon.metadata">
        <platform>all</platform>
	<language>en fi</language>
        <summary lang="en">Elisa Viihde</summary>
        <summary lang="fi">Elisa Viihde</summary>
        <description lang="en">This XBMC plugin enables viewing Elisa Viihde recordings</description>
        <description lang="fi">Tämän XBMC-pluginin avulla voit katsella Elisa Viihde-tallenteita</description>
	<license>GNU GENERAL PUBLIC LICENSE. Version 2, June 1991</license>
	<website>https://github.com/anylonen/XBMC-Elisa-Viihde-plugin</website>
	<source>https://github.com/anylonen/XBMC-Elisa-Viihde-plugin.git</source>
    </extension>
</addon>
