<?xml version="1.0" encoding="UTF-8" standalone="yes"?>
<addon id="repository.causal.ca"
		name="Jacker XBMC Add-ons"
		version="2.1.0"
		provider-name="Team Jacker">
	<extension point="xbmc.addon.repository" name="Jacker XBMC Add-on Repository">
		<info compressed="true">http://aur.causal.ca/xbmc/addons/addons.xml</info>
		<checksum>http://aur.causal.ca/xbmc/addons/addons.xml.md5</checksum>
		<datadir zip="true">http://aur.causal.ca/xbmc/addons/</datadir>
		<hashes>true</hashes>
	</extension>
	<extension point="xbmc.addon.metadata">
		<summary lang="en">Install XBMC Add-ons from Jacker</summary>
		<description lang="en">Download and install add-ons from the Jacker XBMC addon repository. All addons on this repository have under gone basic testing, if you find a broken or not working addon please report it to xbmc@causal.ca .</description>
		<disclaimer lang="en">Team Jacker did not make all the add-ons on this repository and are not responsible for their content</disclaimer>
		<platform>all</platform>
	</extension>
</addon>
