<?xml version="1.0" encoding="UTF-8"?>
<addon id="plugin.video.wweonline"
       name="WWE Online"
       version="0.1.3"
       provider-name="the-one">
  <requires>
    <import addon="xbmc.python" version="2.0"/>
	<import addon="script.module.urlresolver" version="0.0.1"/>
	<import addon="script.module.t0mm0.common" version="0.0.1"/>
	<import addon="script.module.universal" version="0.0.1" />
  </requires>
  <extension point="xbmc.python.pluginsource"
            library="default.py">
        <provides>video</provides>
  </extension>
  <extension point="xbmc.addon.metadata">
    <summary lang="en">WWE Online (wweo.net)</summary>
    <description lang="en">WWE Online (wweo.net) - The biggest WWE and Wrestling TV Show and videos Database. Watch WWE, TNA, UFC, FCW, ROH for free.</description>
    <platform>all</platform>
  </extension>
</addon>
