<?xml version="1.0" encoding="UTF-8" standalone="yes"?>
<addon id="plugin.video.tvkaista" name="TVKaista" version="4.1.0" provider-name="Viljo Viitanen">
    <requires>
        <import addon="xbmc.python" version="2.1.0"/>
    </requires>
    <extension point="xbmc.python.pluginsource" library="default.py">
        <provides>video</provides>
    </extension>
    <extension point="xbmc.addon.metadata">
        <platform>all</platform>
        <language>fi</language>
        <summary lang="en">Watch TVKaista.com with XBMC</summary>        
        <summary lang="fi">Katso TVKaista.com:ia XBMC:llä</summary>        
        <description lang="en">Watch Finnish commercial TVKaista streaming services with XBMC. Requires a TVKaista user account. See http://www.tvkaista.com for more details.</description>
        <description lang="fi">Katso kaupallista TVKaista-tv-tallenninta XBMC:llä. Tarvitsee TVKaista-käyttäjätunnuksen. Lisätietoja: http://www.tvkaista.com</description>
        <disclaimer lang="en">Updated for XBMC Dharma beta 1 by stilester</disclaimer>
        <disclaimer lang="fi">Päivittänyt XBMC Dharma beta 1:lle stilester</disclaimer>
        <license>GNU GENERAL PUBLIC LICENSE. Version 2, June 1991</license>
        <source>https://github.com/viljoviitanen/plugin.video.tvkaista</source>
        <website>https://github.com/viljoviitanen/plugin.video.tvkaista</website>
        <email>viljo.viitanen@gmail.com</email>
    </extension>
</addon>
