<window type="window">
	<defaultcontrol>2</defaultcontrol>
	<coordinates>
		<system>1</system>
		<posx>0</posx>
		<posy>0</posy>
	</coordinates>
	<allowoverlay>no</allowoverlay>
	<controls>
		<control type="image" id='1'>
			<posx>0</posx>
			<posy>0</posy>
			<width>1280</width>
			<height>720</height>
			<texture>video_details_bg.png</texture>
		</control>
<control type="panel" id="2">
	<posx>300</posx>
	<posy>450</posy>
	<width>900</width>
	<height>425</height>
	<onleft>9000</onleft>
	<onright>60</onright>
	<onup>52</onup>
	<ondown>52</ondown>
	<scrolltime tween="sine" easing="out">200</scrolltime>
	<viewtype label="536">icon</viewtype>
	<pagecontrol>60</pagecontrol>
	<orientation>horizontal</orientation>
	<itemlayout height="241" width="220">
		<control type="image">
			<posx>10</posx>
			<posy>0</posy>
			<width>210</width>
			<height>220</height>
			<texture>osd_haibao_bg.png</texture>
		</control>
		<control type="image">
			<posx>10</posx>
			<posy>10</posy>
			<width>200</width>
			<height>200</height>
			<info>ListItem.Icon</info>
		</control>
		<control type="image">
			<posx>20</posx>
			<posy>185</posy>
			<width>190</width>
			<height>30</height>
			<texture>filter_sleted.png</texture>
		</control>
		<control type="image">
			<posx>80</posx>
			<posy>75</posy>
			<width>32</width>
			<height>32</height>
			<info>ListItem.Overlay</info>
		</control>
		<control type="label">
			<posx>80</posx>
			<posy>185</posy>
			<width>200</width>
			<height>22</height>
			<font>font13</font>
			<align>center</align>
			<info>ListItem.Label</info>
		</control>
	</itemlayout>
	<focusedlayout height="241" width="220">
		<control type="image">
			<width>210</width>
			<height>210</height>
			<posx>5</posx>
			<posy>5</posy>
			<texture>folder-focus.png</texture>
			<animation effect="zoom" end="0,0,220,220" time="100">focus</animation>
		</control>
		<control type="image">
			<posx>10</posx>
			<posy>10</posy>
			<width>200</width>
			<height>200</height>
			<info>ListItem.Icon</info>
			<animation effect="zoom" end="5,5,210,210" time="100">focus</animation>
		</control>
		<control type="image">
			<posx>80</posx>
			<posy>75</posy>
			<width>32</width>
			<height>32</height>
			<info>ListItem.Overlay</info>
			<animation effect="slide" end="5,5" time="100">focus</animation>
		</control>
		<control type="image">
			<posx>5</posx>
			<posy>185</posy>
			<width>210</width>
			<height>30</height>
			<texture>filter_sleted.png</texture>
		</control>
		<control type="label">
			<posx>80</posx>
			<posy>185</posy>
			<width>200</width>
			<height>22</height>
			<font>font13</font>
			<align>center</align>
			<info>ListItem.Label</info>
		</control>
	</focusedlayout>
	</control>
      </controls>
</window>
