<window type="window">
	<defaultcontrol>11</defaultcontrol>
	<coordinates>
		<system>1</system>
		<posx>0</posx>
		<posy>0</posy>
	</coordinates>
	<allowoverlay>no</allowoverlay>
	<controls>
		<control type="image">
			<posx>0</posx>
			<posy>0</posy>
			<width>1280</width>
			<height>720</height>
			<texture>video_details_bg.png</texture>
		</control>
		<control type="image">
			<posx>0</posx>
			<posy>50</posy>
			<width>1280</width>
			<height>2</height>
			<texture>line1280.png</texture>
		</control>
		<control type="label">
			<posx>10</posx>
			<posy>10</posy>
			<width>200</width>
			<height>22</height>
			<font>font30</font>
			<align>center</align>
			<label>电视回放</label>
		</control>
		<control type="image">
			<posx>0</posx>
			<posy>50</posy>
			<width>300</width>
			<height>670</height>
			  <texture>tv_back_300x670.png</texture>
		</control>
<control type="list" id="11">
	<posx>0</posx>
	<posy>60</posy>
	<width>300</width>
	<height>650</height>
	<onleft>9000</onleft>
	<onright>12</onright>
	<scrolltime tween="sine" easing="out">200</scrolltime>
	<pagecontrol>60</pagecontrol>
	<itemlayout height="50" width="270">
		<control type="image">
			<posx>0</posx>
			<posy>0</posy>
			<width>270</width>
			<height>50</height>
			<texture>so_box.9.png</texture>
		</control>
		<control type="label">
			<posx>20</posx>
			<posy>5</posy>
			<width>250</width>
			<height>30</height>
			<font>font30</font>
			<align>left</align>
			<textcolor>black</textcolor>
			<info>ListItem.Label</info>
		</control>
	</itemlayout>
	<focusedlayout height="50" width="270">
		<control type="image">
			<posx>0</posx>
			<posy>0</posy>
			<width>270</width>
			<height>50</height>
			<texture>so_box.9.png</texture>
		</control>
		<control type="image">
			<posx>0</posx>
			<posy>0</posy>
			<width>270</width>
			<height>50</height>
			 <visible>Control.HasFocus(11)</visible>

			<texture>remd_exit_bg_focu.png</texture>
		</control>
		<control type="label">
			<posx>20</posx>
			<posy>5</posy>
			<width>250</width>
			<height>30</height>
			<font>font30</font>
			<align>left</align>
			<textcolor>black</textcolor>
			<info>ListItem.Label</info>
		</control>
	</focusedlayout>
	</control>
<control type="list" id="12">
	<posx>350</posx>
	<posy>390</posy>
	<width>800</width>
	<height>80</height>
	<onleft>11</onleft>
	<onup>17</onup>
	<ondown>13</ondown>
	<orientation>horizontal</orientation>
	<scrolltime tween="sine" easing="out">200</scrolltime>
	<pagecontrol>60</pagecontrol>
	<itemlayout height="60" width="110">
		<control type="image">
			<posx>0</posx>
			<posy>0</posy>
			<width>100</width>
			<height>60</height>
			<texture>date_$INFO[ListItem.Thumb]_n.png</texture>
		</control>
		<control type="image">
			<posx>0</posx>
			<posy>0</posy>
			<width>100</width>
			<height>60</height>
		    <visible>ListItem.IsSelected</visible>
			<texture>date_$INFO[ListItem.Thumb]_f.png</texture>
		</control>
		<control type="label">
			<posx>20</posx>
			<posy>25</posy>
			<width>250</width>
			<height>30</height>
			<font>font18</font>
			<align>left</align>
			<selectedcolor>FFFFFFFF</selectedcolor>
			<textcolor>FFFFFFFF</textcolor>
			<info>ListItem.Label</info>
		</control>
	</itemlayout>
	<focusedlayout height="60" width="110">
		<control type="image">
			<posx>0</posx>
			<posy>0</posy>
			<width>100</width>
			<height>60</height>
			<texture>date_$INFO[ListItem.Thumb]_n.png</texture>
		</control>
		<control type="image">
			<posx>0</posx>
			<posy>0</posy>
			<width>100</width>
			<height>60</height>
		    <visible>ListItem.IsSelected</visible>
			<texture>date_$INFO[ListItem.Thumb]_f.png</texture>
		</control>
		<control type="image">
			<posx>0</posx>
			<posy>0</posy>
			<width>100</width>
			<height>60</height>
			 <visible>Control.HasFocus(12)</visible>
			<texture>date_$INFO[ListItem.Thumb]_s.png</texture>
		</control>
		<control type="label">
			<posx>20</posx>
			<posy>25</posy>
			<width>250</width>
			<height>30</height>
			<font>font18</font>
			<align>left</align>
			<selectedcolor>FFFFFFFF</selectedcolor>
			<textcolor>FFFFFFFF</textcolor>
			<info>ListItem.Label</info>
		</control>
	</focusedlayout>
	</control>
<control type="list" id="13">
	<posx>320</posx>
	<posy>460</posy>
	<width>800</width>
	<height>250</height>
	<onleft>11</onleft>
	<onup>12</onup>
	<scrolltime tween="sine" easing="out">200</scrolltime>
	<pagecontrol>60</pagecontrol>
	<itemlayout height="50" width="800">
		<control type="image">
			<posx>0</posx>
			<posy>0</posy>
			<width>800</width>
			<height>50</height>
			<texture>so_box.9.png</texture>
		</control>
		<control type="label">
			<posx>20</posx>
			<posy>5</posy>
			<width>600</width>
			<height>30</height>
			<font>font30</font>
			<align>left</align>
			<textcolor>black</textcolor>
			<info>ListItem.Label</info>
		</control>
	</itemlayout>
	<focusedlayout height="50" width="800">
		<control type="image">
			<posx>0</posx>
			<posy>0</posy>
			<width>800</width>
			<height>50</height>
			<texture>so_box.9.png</texture>
		</control>
		<control type="image">
			<posx>0</posx>
			<posy>0</posy>
			<width>800</width>
			<height>50</height>
           <visible>Control.HasFocus(13)</visible>
			<texture>remd_exit_bg_focu.png</texture>
		</control>
		<control type="label">
			<posx>20</posx>
			<posy>5</posy>
			<width>600</width>
			<height>30</height>
			<font>font30</font>
			<align>left</align>
			<textcolor>black</textcolor>
			<info>ListItem.Label</info>
		</control>
	</focusedlayout>
	</control>  
	<control type="image">
			<posx>350</posx>
			<posy>70</posy>
			<width>500</width>
			<height>300</height>
			<texture>tv_back_tv.9.png</texture>
		</control>	
		<control type="button" id="17">
			<posx>330</posx>
			<posy>60</posy>
			<width>540</width>
			<height>320</height>
			  <visible>true</visible>
			  <colordiffuse>FFFFFFFF</colordiffuse>
			  <texturefocus>small_bg.png</texturefocus>
			  <texturenofocus>tv_back_tv.png</texturenofocus>
			  <onclick>XBMC.ActivateWindow(fullscreenvideo)</onclick>
			  <ondown>12</ondown>
		</control>	
		<control type="label">
			<posx>880</posx>
			<posy>70</posy>
			<width>300</width>
			<height>30</height>
			<font>font30</font>
			<align>left</align>
			<textcolor>FFFFFFFF</textcolor>
			<label>当前频道:</label>
		</control>	
		<control type="label" id='14'>
			<posx>880</posx>
			<posy>120</posy>
			<width>200</width>
			<height>30</height>
			<font>font26</font>
			<align>left</align>
			<textcolor>FFFFFFFF</textcolor>
			<label></label>
		</control>	
		<control type="label">
			<posx>880</posx>
			<posy>170</posy>
			<width>200</width>
			<height>30</height>
			<font>font30</font>
			<align>left</align>
			<textcolor>FFFFFFFF</textcolor>
			<label>当前播放栏目:</label>
		</control>
		<control type="label" id='15'>
			<posx>880</posx>
			<posy>220</posy>
			<width>400</width>
			<height>30</height>
			<font>font26</font>
			<align>left</align>
			<textcolor>FFFFFFFF</textcolor>
			<label></label>
		</control>
			<control type="label" >
			<posx>880</posx>
			<posy>270</posy>
			<width>200</width>
			<height>30</height>
			<font>font30</font>
			<align>left</align>
			<textcolor>FFFFFFFF</textcolor>
			<label>下一播放栏目:</label>
		</control>
			<control type="label" id='16'>
			<posx>880</posx>
			<posy>320</posy>
			<width>400</width>
			<height>30</height>
			<font>font26</font>
			<align>left</align>
			<textcolor>FFFFFFFF</textcolor>
			<label></label>
		</control>	
	<control type="videowindow">
			<posx>360</posx>
			<posy>80</posy>
			<width>480</width>
			<height>280</height>
	</control>  
  
  </controls>
</window>
