<window type="window">
	<defaultcontrol>20</defaultcontrol>
	<coordinates>
		<system>1</system>
		<posx>0</posx>
		<posy>0</posy>
	</coordinates>
	<allowoverlay>no</allowoverlay>
	<controls>
		<control type="image" id='1'>
			<posx>0</posx>
			<posy>0</posy>
			<width>1280</width>
			<height>720</height>
			<texture>video_loading.png</texture>
		</control>
		<control type="image">
			<posx>0</posx>
			<posy>0</posy>
			<width>399</width>
			<height>720</height>
			<texture>keybord_bg.png</texture>
		</control>
<control type="list" id="20">
	<posx>400</posx>
	<posy>20</posy>
	<width>900</width>
	<height>100</height>
	<ondown>8</ondown>
	<onleft>21</onleft>
	<scrolltime tween="sine" easing="out">200</scrolltime>
	<pagecontrol>60</pagecontrol>
	<orientation>horizontal</orientation>
	<itemlayout height="40" width="120">
		<control type="image">
			<posx>0</posx>
			<posy>0</posy>
			<width>120</width>
			<height>40</height>
			<texture>btn3_bg_normal.9.png</texture>
		</control>
		<control type="label">
			<posx>50</posx>
			<posy>0</posy>
			<width>120</width>
			<height>30</height>
			<font>font30</font>
			<align>center</align>
			<info>ListItem.Label</info>
		</control>
	</itemlayout>
	<focusedlayout height="40" width="120">
		<control type="image">
			<width>120</width>
			<height>40</height>
			<posx>0</posx>
			<posy>0</posy>
			<texture>btn3_bg_focus.9.png</texture>
		</control>
		<control type="label">
			<posx>50</posx>
			<posy>0</posy>
			<width>120</width>
			<height>30</height>
			<font>font30</font>
			<align>center</align>
			<info>ListItem.Label</info>
		</control>
	</focusedlayout>
</control>
<control type="panel" id="21">
	<posx>30</posx>
	<posy>80</posy>
	<width>350</width>
	<height>400</height>
	<onright>8</onright>
	<ondown>7</ondown>
	<scrolltime tween="sine" easing="out">200</scrolltime>
	<itemlayout height="54" width="54">
		<control type="image">
			<posx>0</posx>
			<posy>0</posy>
			<width>52</width>
			<height>52</height>
			<texture>key_n.9.png</texture>
		</control>
		<control type="label">
			<posx>20</posx>
			<posy>0</posy>
			<width>120</width>
			<height>30</height>
			<font>font30</font>
			<align>center</align>
			<info>ListItem.Label</info>
		</control>
	</itemlayout>
	<focusedlayout height="54" width="54">
		<control type="image">
			<width>52</width>
			<height>52</height>
			<posx>0</posx>
			<posy>0</posy>
			<texture>key_h.9.png</texture>
		</control>
		<control type="label">
			<posx>20</posx>
			<posy>0</posy>
			<width>120</width>
			<height>30</height>
			<font>font30</font>
			<align>center</align>
			<info>ListItem.Label</info>
		</control>
	</focusedlayout>
</control>
<control type="panel" id="8">
	<posx>410</posx>
	<posy>100</posy>
	<width>800</width>
	<height>600</height>
	<onleft>21</onleft>
	<onup>20</onup>
	<scrolltime tween="sine" easing="out">200</scrolltime>
	<pagecontrol>60</pagecontrol>
	<itemlayout height="240" width="160">
		<control type="image">
			<width>135</width>
			<height>200</height>
			<posx>0</posx>
			<posy>0</posy>
			<texture>source_bg_h.png</texture>
		</control>
		<control type="image">
			<posx>5</posx>
			<posy>5</posy>
			<width>120</width>
			<height>185</height>
			<aspectratio scalediffuse="false" align="left" aligny="top">stretch</aspectratio>
			<texture>$INFO[ListItem.Thumb]</texture>
		</control>
		<control type="label">
			<posx>5</posx>
			<posy>200</posy>
			<width>120</width>
			<height>30</height>
			<font>font24</font>
			<align>left</align>
			<info>ListItem.Label</info>
		</control>
	</itemlayout>
	<focusedlayout height="240" width="160">
		<control type="image">
			<width>135</width>
			<height>200</height>
			<posx>0</posx>
			<posy>0</posy>
			<texture>orange_no_shadow.png</texture>
		</control>
		<control type="image">
			<width>120</width>
			<height>185</height>
			<posx>5</posx>
			<posy>5</posy>
			<aspectratio scalediffuse="false" align="left" aligny="top">stretch</aspectratio>
			<texture>$INFO[ListItem.Thumb]</texture>
		</control>
		<control type="image">
			<width>135</width>
			<height>200</height>
			<posx>0</posx>
			<posy>0</posy>
			<texture>folder-focus.png</texture>
		</control>
		<control type="label">
			<posx>5</posx>
			<posy>200</posy>
			<width>120</width>
			<height>30</height>
			<font>font24</font>
			<align>left</align>
			<info>ListItem.Label</info>
		</control>
	</focusedlayout>
</control>
<control type="image">
	<width>300</width>
	<height>40</height>
	<posx>30</posx>
	<posy>20</posy>
	<texture>so_box.9.png</texture>
</control>
<control type="label" id='22'>
      <posx>35</posx>
      <posy>15</posy>
      <width>250</width>
      <height>40</height>
      <visible>true</visible>
      <colordiffuse>FFFFFFFF</colordiffuse>
      <font>font30</font>
      <textcolor>black</textcolor>
</control>
<control type="button" id="5">
      <posx>30</posx>
      <posy>500</posy>
      <width>100</width>
      <height>50</height>
      <visible>true</visible>
      <texturefocus>video_details_number_h.png</texturefocus>
      <texturenofocus>video_details_number_n.png</texturenofocus>
      <label>后退</label>
      <font>font30</font>
      <textcolor>FFFFFFFF</textcolor>
      <align></align>
      <aligny></aligny>
      <textoffsetx>10</textoffsetx>
      <textoffsety></textoffsety>
      <onup>21</onup>
      <onright>6</onright>
</control>
<control type="button" id="6">
      <posx>140</posx>
      <posy>500</posy>
      <width>100</width>
      <height>50</height>
      <visible>true</visible>
      <texturefocus>video_details_number_h.png</texturefocus>
      <texturenofocus>video_details_number_n.png</texturenofocus>
      <label>清除</label>
      <font>font30</font>
      <textcolor>FFFFFFFF</textcolor>
      <align></align>
      <aligny></aligny>
      <textoffsetx>10</textoffsetx>
      <textoffsety></textoffsety>
      <onup>21</onup>
      <onleft>5</onleft>
      <onright>7</onright>
</control>
<control type="button" id="7">
      <posx>250</posx>
      <posy>500</posy>
      <width>100</width>
      <height>50</height>
      <visible>true</visible>
      <texturefocus>video_details_number_h.png</texturefocus>
      <texturenofocus>video_details_number_n.png</texturenofocus>
      <label>搜索</label>
      <font>font30</font>
      <textcolor>FFFFFFFF</textcolor>
      <align></align>
      <aligny></aligny>
      <textoffsetx>10</textoffsetx>
      <textoffsety></textoffsety>
      <onup>21</onup>
      <onleft>6</onleft>
      <onright>8</onright>
</control>
</controls>
</window>
