<window type="window">
	<defaultcontrol>13</defaultcontrol>
	<coordinates>
		<system>1</system>
		<posx>0</posx>
		<posy>0</posy>
	</coordinates>
	<allowoverlay>no</allowoverlay>
	<controls>
		<control type="image">
			<posx>0</posx>
			<posy>0</posy>
			<width>1280</width>
			<height>720</height>
			<texture>video_details_bg.png</texture>
		</control>

		<control type="image">
			<posx>0</posx>
			<posy>80</posy>
			<width>1280</width>
			<height>2</height>
			<texture>fliter_line_hor.png</texture>
		</control>
		<control type="label" id="1">
				<posx>5</posx>
				<posy>2</posy>
				<width>250</width>
				<visible>true</visible>
				<scroll>false</scroll>
				<label></label>
				<font>font30</font>
				<textcolor>FFB2D4F5</textcolor>
				<shadowcolor>ff000000</shadowcolor>
				<wrapmultiline>false</wrapmultiline>
				<scrollspeed>50</scrollspeed>
				<scrollsuffix> - </scrollsuffix>
		  </control>
		  <control type="label" id="2">
				<posx>120</posx>
				<posy>2</posy>
				<width>250</width>
				<visible>true</visible>
				<scroll>false</scroll>
				<label></label>
				<font>font30</font>
				<textcolor>FFB2D4F5</textcolor>
				<shadowcolor>ff000000</shadowcolor>
				<wrapmultiline>false</wrapmultiline>
				<scrollspeed>50</scrollspeed>
				<scrollsuffix> - </scrollsuffix>
		  </control>

		  <control type="panel" id="13">
					<posx>50</posx>
					<posy>100</posy>
					<width>1200</width>
					<height>600</height>
					<onup>14</onup>
					<onright>14</onright>
					<scrolltime tween="sine" easing="out">200</scrolltime>
					<viewtype label="536">icon</viewtype>
					<pagecontrol>60</pagecontrol>
					<include>contentpanelslide</include>
					<itemlayout height="241" width="180">
						<control type="image">
							<posx>15</posx>
							<posy>10</posy>
							<width>150</width>
							<height>200</height>
							<aspectratio scalediffuse="false" align="left" aligny="top">stretch</aspectratio>
							<texture background="true">$INFO[ListItem.Thumb]</texture >
						</control>
						<control type="image">
							<posx>80</posx>
							<posy>75</posy>
							<width>32</width>
							<height>32</height>
							<info>ListItem.Overlay</info>
						</control>
						<control type="label">
							<posx>80</posx>
							<posy>215</posy>
							<width>180</width>
							<height>22</height>
							<font>font13</font>
							<selectedcolor>green</selectedcolor>
							<align>center</align>
							<info>ListItem.Label</info>
						</control>
					</itemlayout>
					<focusedlayout height="241" width="180">

						<control type="image">
							<posx>15</posx>
							<posy>10</posy>
							<width>150</width>
							<height>200</height>
							<texture background="true">$INFO[ListItem.Thumb]</texture >
							<aspectratio scalediffuse="false" align="left" aligny="top">stretch</aspectratio>
							<animation effect="zoom" end="5,5,150,210" time="100">focus</animation>
						</control>
						<control type="image">
							<posx>80</posx>
							<posy>75</posy>
							<width>32</width>
							<height>32</height>
							<info>ListItem.Overlay</info>
							<animation effect="slide" end="5,5" time="100">focus</animation>
						</control>
						<control type="image">
							<width>190</width>
							<height>210</height>
							<posx>0</posx>
							<posy>0</posy>
							<texture>folder-focus.png</texture>
							<animation effect="zoom" end="0,0,180,220" time="100">focus</animation>
						</control>
						<control type="label">
							<posx>80</posx>
							<posy>220</posy>
							<width>180</width>
							<height>22</height>
							<font>font13</font>
							<selectedcolor>green</selectedcolor>
							<align>center</align>
							<info>ListItem.Label</info>
						</control>
					</focusedlayout>
			</control>
<control type="button" id="14">
      <posx>1200</posx>
      <posy>40</posy>
      <width>30</width>
      <height>30</height>
      <visible>true</visible>
      <texturefocus>menu_key_blue.png</texturefocus>
      <texturenofocus>menu_key.png</texturenofocus>
      <label></label>
      <font>font24</font>
      <textcolor>FFFFFFFF</textcolor>
      <focusedcolor>FFFFFFFF</focusedcolor>
      <disabledcolor>80FFFFFF</disabledcolor>
      <align></align>
      <aligny></aligny>
      <textoffsetx></textoffsetx>
      <textoffsety></textoffsety>
      <ondown>13</ondown>
	  <onleft>15</onleft>
</control>
						<control type="label">
							<posx>1080</posx>
							<posy>40</posy>
							<width>180</width>
							<height>22</height>
							<font>font26</font>
							<align>center</align>
							<label>筛选</label>
						      <textcolor>FFFFFFFF</textcolor>
						</control>
		  <control type="label" id="5">
				<posx>5</posx>
				<posy>40</posy>
				<width>500</width>
				<visible>true</visible>
				<scroll>false</scroll>
				<label></label>
				<font>font20</font>
				<textcolor>FFB2D4F5</textcolor>
				<shadowcolor>ff000000</shadowcolor>
				<wrapmultiline>false</wrapmultiline>
				<scrollspeed>50</scrollspeed>
				<scrollsuffix> - </scrollsuffix>
		  </control>
		<control type="button" id="15">
			  <posx>1050</posx>
			  <posy>35</posy>
			  <width>80</width>
			  <height>40</height>
			  <visible>true</visible>
		      <ondown>13</ondown>
			  <onright>14</onright>
			  <colordiffuse>FFFFFFFF</colordiffuse>
			  <texturefocus>search_h.png</texturefocus>
			  <texturenofocus>search_n.png</texturenofocus>
		</control>
	</controls>
</window>
