﻿<?xml version="1.0" encoding="UTF-8" standalone="yes"?>
<addon id="plugin.video.720hd.ru"
       name="[COLOR FF00FF00]Кино портал HD ([/COLOR][COLOR FFFFF000]720hd.ru[/COLOR][COLOR FF00FF00])[/COLOR]"
       version="1.1.1"
       provider-name="Silen">
  <requires>
    <import addon="xbmc.python" version="1.0"/>
  </requires>
  <extension point="xbmc.python.pluginsource"
             provides="video"
             library="default.py">
    <provides>video</provides>
  </extension>
  <extension point="xbmc.addon.metadata">
    <summary>my-hit.ru</summary>
    <description>HD (720p) фильмы онлайн (ВКонтакте + RuVideo).</description>
    <platform>all</platform>
  </extension>
</addon>

