<?xml version="1.0" encoding="UTF-8" standalone="yes"?>
<addon id="metadata.advanced.serialzone.cz"
       name="Advanced SerialZone.cz"
       version="0.1"
       provider-name="AndzinSan">
  <requires>

    <import addon="xbmc.metadata" version="1.0"/>

  </requires>
  <extension point="xbmc.metadata.scraper.tvshows"
             language="cs"
             library="advanced.serialzone.cz.xml"/>
  <extension point="xbmc.addon.metadata">
    <summary lang="en">Advanced SerialZone.CZ Scraper based on serialzone.cz scraper by ld (http://ldevel.blogspot.com)</summary>
    <summary lang="cs">Pokročilí stahovač informací ze SerialZone.CZ založen na původním stahovači od ld (http://ldevel.blogspot.com)</summary>
    <summary lang="sk">Pokročilí sťahovač informácií zo SerialZone.CZ založený na pôvodnom sťahovači od ld (http://ldevel.blogspot.com)</summary>
    <description lang="en">Download series information from www.serialzone.cz with TVDB support</description>
    <description lang="cs">Stahuje informace o seriálech z serialzone.cz s podporou TVDB.</description>
    <description lang="sk">Sťahuje informácie o seriáloch zo serialzone.cz s podporou TVDB.</description>
    <platform>all</platform>
  </extension>
</addon>
