<?xml version="1.0" encoding="utf-8"?>
<scraper framework="1.1" date="2013-10-31">
  <!-- version 0.1 -->
  <CreateSearchUrl dest="3">
    <RegExp input="$$1" output="&lt;url&gt;http://api.serialzone.cz/xbmc/?co=\1&lt;/url&gt;" dest="3">
      <expression/>
    </RegExp>
  </CreateSearchUrl>

  <GetSearchResults dest="2">
    <RegExp input="$$3" output="&lt;results&gt;\1&lt;/results&gt;" dest="2">
      <RegExp input="$$1" output="&lt;entity&gt;&lt;title&gt;\1 (\2) (\3)&lt;/title&gt;&lt;url&gt;\4&lt;/url&gt;&lt;/entity&gt;" dest="3+">
        <expression noclean="1" trim="yes" repeat="yes">&lt;tvshow&gt;[^&lt;]*&lt;cz&gt;([^&lt;]*)&lt;/cz&gt;[^&lt;]*&lt;en&gt;([^&lt;]*)&lt;/en&gt;[^&lt;]*&lt;years&gt;([^&lt;]*)&lt;/years&gt;[^&lt;]*&lt;url&gt;([^&lt;]*)&lt;/url&gt;[^&lt;]*&lt;/tvshow&gt;</expression>
      </RegExp>
      <expression noclean="1"/>
    </RegExp>
  </GetSearchResults>

  <GetDetails dest="3">
    <RegExp input="$$4" output="&lt;details&gt;\1&lt;/details&gt;" dest="3">
      <!-- title -->
      <RegExp input="$$1" output="&lt;title&gt;\1&lt;/title&gt;" dest="4+">
        <expression>&lt;cz&gt;([^&lt;]*)&lt;/cz&gt;[^&lt;]*&lt;en&gt;([^&lt;]*)&lt;/en&gt;</expression>
      </RegExp>
      <!-- original-title -->
      <RegExp input="$$1" output="&lt;originaltitle&gt;\2&lt;/originaltitle&gt;" dest="4+">
        <expression>&lt;cz&gt;([^&lt;]*)&lt;/cz&gt;[^&lt;]*&lt;en&gt;([^&lt;]*)&lt;/en&gt;</expression>
      </RegExp>
      
      <!-- plot -->
      <RegExp input="$$1" output="\1" dest="4+">
        <expression noclean="1">(&lt;plot&gt;[^&lt;]*&lt;/plot&gt;)</expression>
      </RegExp>
      <!-- runtime -->
      <RegExp input="$$1" output="\1" dest="4+">
        <expression noclean="1">(&lt;runtime&gt;[^&lt;]*&lt;/runtime&gt;)</expression>
      </RegExp>
      <!-- genre -->
      <RegExp input="$$1" output="\1" dest="4+">
        <expression noclean="1" repeat="yes">(&lt;genre&gt;[^&lt;]*&lt;/genre&gt;)</expression>
      </RegExp>
      <!-- year -->
      <RegExp input="$$1" output="&lt;premiered&gt;\1&lt;/premiered&gt;" dest="4+">
        <expression noclean="1" repeat="yes">&lt;firstaired&gt;([^&lt;]*)&lt;/firstaired&gt;</expression>
      </RegExp>
      <RegExp input="$$1" output="&lt;year&gt;\1&lt;/year&gt;" dest="4+">
        <expression noclean="1" repeat="yes">&lt;yearstart&gt;([^&lt;]*)&lt;/yearstart&gt;</expression>
      </RegExp>
      <!-- rating -->
      <RegExp input="$$1" output="&lt;rating max=&quot;100&quot;&gt;\1&lt;/rating&gt;" dest="4+">
        <expression noclean="1" repeat="yes">&lt;rating&gt;([^&lt;]*)&lt;/rating&gt;</expression>
      </RegExp>
      <!-- votes -->
      <RegExp input="$$1" output="\1" dest="4+">
        <expression noclean="1" repeat="yes">(&lt;votes&gt;[^&lt;]*&lt;/votes&gt;)</expression>
      </RegExp>
      <!-- country -->
      <RegExp input="$$1" output="\1" dest="4+">
        <expression noclean="1" repeat="yes">(&lt;country&gt;[^&lt;]*&lt;/country&gt;)</expression>
      </RegExp>
<!-- 
      <!-- thumb ->
      <RegExp input="$$1" output="&lt;thumb&gt;\1&lt;/thumb&gt;" dest="4+">
        <expression noclean="1" repeat="yes">&lt;banner[^&gt;]*&gt;([^&lt;]*)&lt;/banner&gt;</expression>
      </RegExp>
      <RegExp input="$$1" output="&lt;thumb type=&quot;season&quot; season=&quot;\1&quot;&gt;\2&lt;/thumb&gt;" dest="4+">
        <expression noclean="1" repeat="yes">&lt;banner serie=&quot;([0-9]*)&quot;&gt;([^&lt;]*)&lt;/banner&gt;</expression>
      </RegExp>
      <!--<RegExp input="$$1" output="&lt;fanart&gt;&lt;thumb&gt;\1&lt;/thumb&gt;&lt;/fanart&gt;" dest="4+">
        <expression noclean="1" repeat="yes">&lt;banner[^&gt;]*&gt;([^&lt;]*)&lt;/banner&gt;</expression>
      </RegExp> ->
-->

      <!-- actors -->
      <RegExp input="$$1" output="\1" dest="4+">
        <expression noclean="1" repeat="yes">(&lt;actor&gt;.*?&lt;/actor&gt;)</expression>
      </RegExp>

      <!-- credits -->
      <RegExp input="$$1" output="&lt;credits&gt;\1&lt;/credits&gt;" dest="4+">
        <expression noclean="1" repeat="yes">&lt;creator&gt;.*&lt;name&gt;(.*?)&lt;/name&gt;.*&lt;/creator&gt;</expression>
      </RegExp>

      <RegExp input="$$1" output="\1" dest="4+">
        <expression noclean="1" repeat="yes">(&lt;episodeguide&gt;.*?&lt;/episodeguide&gt;)</expression>
      </RegExp>

      <!-- dotazeni informaci z IMDB -->
      <RegExp input="$$1" output="\1" dest="8">
        <expression>&lt;imdb&gt;([^&lt;]*)&lt;/imdb&gt;</expression>
      </RegExp>
      <!-- TVDBid podla IMDBid -->
      <RegExp input="" output="&lt;url function=&quot;GetTVDBId&quot;&gt;http://thetvdb.com/api/GetSeriesByRemoteID.php?imdbid=$$8&lt;/url&gt;" dest="4+">
        <expression/>
      </RegExp>
      <expression noclean="1"/>
    </RegExp>
  </GetDetails>

  <GetEpisodeList dest="4">
    <RegExp input="$$5" output="&lt;episodeguide&gt;\1&lt;/episodeguide&gt;" dest="4">
      <RegExp input="$$1" output="\1&lt;title&gt;\2&lt;/title&gt;\4" dest="5">
        <expression noclean="1,2,3,4" repeat="yes">(&lt;episode&gt;.*?)&lt;cz&gt;([^&lt;]*)&lt;/cz&gt;[^&lt;]*&lt;en&gt;([^&lt;]*)&lt;/en&gt;(.*?&lt;/episode&gt;)</expression>
      </RegExp>
      <expression noclean="1"/>
     </RegExp>
  </GetEpisodeList>

  <!-- EPISODE details -->
  <GetEpisodeDetails dest="3" clearbuffers="yes">
    <RegExp input="$$4" output="&lt;details&gt;\1&lt;/details&gt;" dest="3">
      <!-- title -->
      <RegExp input="$$1" output="&lt;title&gt;\1&lt;/title&gt;" dest="4+">
        <expression>&lt;cz&gt;([^&lt;]*)&lt;/cz&gt;[^&lt;]*&lt;en&gt;([^&lt;]*)&lt;/en&gt;</expression>
      </RegExp>
      <!-- plot -->
      <RegExp input="$$1" output="\1" dest="4+">
        <expression noclean="1">(&lt;plot&gt;[^&lt;]*&lt;/plot&gt;)</expression>
      </RegExp>
      <!-- runtime -->
      <RegExp input="$$1" output="\1" dest="4+">
        <expression noclean="1">(&lt;runtime&gt;[^&lt;]*&lt;/runtime&gt;)</expression>
      </RegExp>
      <!-- year -->
      <RegExp input="$$1" output="&lt;aired&gt;\1&lt;/aired&gt;" dest="4+">
        <expression noclean="1" repeat="yes">&lt;firstaired&gt;([^&lt;]*)&lt;/firstaired&gt;</expression>
      </RegExp>
      <RegExp input="$$1" output="&lt;year&gt;\1&lt;/year&gt;" dest="4+">
        <expression noclean="1" repeat="yes">&lt;yearstart&gt;([^&lt;]*)&lt;/yearstart&gt;</expression>
      </RegExp>
      <!-- rating -->
      <RegExp input="$$1" output="&lt;rating max=&quot;100&quot;&gt;\1&lt;/rating&gt;" dest="4+">
        <expression noclean="1" repeat="yes">&lt;rating&gt;([^&lt;]*)&lt;/rating&gt;</expression>
      </RegExp>
      <!-- votes -->
      <RegExp input="$$1" output="\1" dest="4+">
        <expression noclean="1" repeat="yes">(&lt;votes&gt;[^&lt;]*&lt;/votes&gt;)</expression>
      </RegExp>
      <!-- country -->
      <RegExp input="$$1" output="\1" dest="4+">
        <expression noclean="1" repeat="yes">(&lt;country&gt;[^&lt;]*&lt;/country&gt;)</expression>
      </RegExp>
<!--
      <!-- thumb ->
      <RegExp input="$$1" output="&lt;thumb&gt;\1&lt;/thumb&gt;" dest="4+">
        <expression noclean="1" repeat="yes">&lt;banner&gt;([^&lt;]*)&lt;/banner&gt;</expression>
      </RegExp>
-->
<!--
      <RegExp input="$$1" output="&lt;fanart&gt;&lt;thumb&gt;\1&lt;/thumb&gt;&lt;/fanart&gt;" dest="4+">
        <expression noclean="1" repeat="yes">&lt;poster&gt;([^&lt;]*)&lt;/poster&gt;</expression>
      </RegExp>
-->

      <!-- actors -->
      <RegExp input="$$1" output="\1" dest="4+">
        <expression noclean="1" repeat="yes">(&lt;actor&gt;.*?&lt;/actor&gt;)</expression>
      </RegExp>

      <!-- credits -->
      <RegExp input="$$1" output="&lt;credits&gt;\1&lt;/credits&gt;" dest="4+">
        <expression noclean="1" repeat="yes">&lt;creator&gt;.*&lt;name&gt;(.*?)&lt;/name&gt;.*&lt;/creator&gt;</expression>
      </RegExp>

      <!-- director -->
      <RegExp input="$$1" output="&lt;director&gt;\1&lt;/director&gt;" dest="4+">
        <expression noclean="1" repeat="yes">&lt;director&gt;.*&lt;name&gt;(.*?)&lt;/name&gt;.*&lt;/director&gt;</expression>
      </RegExp>

      <!-- dotazeni informaci z IMDB -->
      <RegExp input="$$1" output="\1" dest="2">
        <expression clear="yes" noclean="1" trim="1">&lt;imdb&gt;([^&lt;]*)&lt;/imdb&gt;</expression>
      </RegExp>
      <!--<RegExp input="$$2" output="&lt;url function=&quot;GetTMDBThumb&quot;&gt;http://thetvdb.com/api/GetSeriesByRemoteID.php?imdbid=$$2&lt;/url&gt;" dest="4+">
        <expression noclean="1"/>
      </RegExp>
      <RegExp input="$$2" output="&lt;chain function=&quot;GetIMDBCastById&quot;&gt;$$2&lt;/chain&gt;" dest="4+">
        <expression noclean="1"/>
      </RegExp>
      <RegExp input="$$2" output="&lt;chain function=&quot;GetIMDBDirectorsById&quot;&gt;$$2&lt;/chain&gt;" dest="4+">
        <expression/>
      </RegExp>
      <RegExp conditional="!fullcredits" input="$$2" output="&lt;chain function=&quot;GetIMDBWritersById&quot;&gt;$$2&lt;/chain&gt;" dest="4+">
        <expression/>
      </RegExp>
      <RegExp input="$$2" output="&lt;chain function=&quot;GetTMDBThumbsByIdChain&quot;&gt;$$2&lt;/chain&gt;" dest="4+">
        <expression/>
      </RegExp>
      <RegExp input="$$2" output="&lt;chain function=&quot;GetIMPAThumbsById&quot;&gt;$$2&lt;/chain&gt;" dest="4+">
        <expression/>
      </RegExp>
      <RegExp input="$$2" output="&lt;chain function=&quot;GetMoviePosterDBThumbs&quot;&gt;$$2&lt;/chain&gt;" dest="4+">
        <expression/>
      </RegExp>
      <RegExp input="$$2" output="&lt;chain function=&quot;GetTMDBFanartByIdChain&quot;&gt;$$2&lt;/chain&gt;" dest="4+">
        <expression/>
      </RegExp>
      <RegExp input="$$2" output="&lt;chain function=&quot;GetIMDBThumbsById&quot;&gt;$$2&lt;/chain&gt;" dest="4+">
        <expression/>
      </RegExp>
      <RegExp input="$$2" output="&lt;url function=&quot;GetRestIMDBInfo&quot;&gt;http://akas.imdb.com/title/$$2/combined&lt;/url&gt;" dest="4+">
        <expression/>
      </RegExp>-->
      <expression noclean="1"/>
    </RegExp>

  </GetEpisodeDetails>

  <GetRestIMDBInfo dest="5">
    <RegExp input="$$2" output="&lt;details&gt;\1&lt;/details&gt;" dest="5">
      <RegExp input="$$1" output="&lt;year&gt;\1&lt;/year&gt;" dest="2+">
        <expression>a href="/year/([0-9]*)</expression>
      </RegExp>
      <RegExp input="$$1" output="&lt;top250&gt;\1&lt;/top250&gt;" dest="2+">
        <expression>Top 250: #([0-9]*)&lt;/a&gt;</expression>
      </RegExp>
      <RegExp input="$$1" output="&lt;mpaa&gt;\1&lt;/mpaa&gt;" dest="2+">
        <expression>MPAA&lt;/a&gt;:&lt;/h5&gt;\n?&lt;div class=&quot;info-content&quot;&gt;\n?(.[^&lt;]*)</expression>
      </RegExp>
      <RegExp input="$$1" output="&lt;certification&gt;\1 \3&lt;/certification&gt;" dest="2+">
        <expression repeat="yes">&lt;a href=&quot;/search/title\?certificates=[^&quot;]*&quot;&gt;([^&lt;]*)&lt;/a&gt;[^&lt;]*(&lt;i&gt;([^&lt;]*)&lt;/i&gt;)?</expression>
      </RegExp>
      <RegExp input="$$1" output="&lt;tagline&gt;\1&lt;/tagline&gt;" dest="2+">
        <expression>&lt;h5&gt;Tagline:&lt;/h5&gt;\n&lt;div class=&quot;info-content&quot;&gt;([^&lt;]*)</expression>
      </RegExp>
      <RegExp input="$$1" output="&lt;runtime&gt;\1&lt;/runtime&gt;" dest="2+">
        <expression trim="1">&lt;h5&gt;Runtime:&lt;/h5&gt;\n?&lt;div class=&quot;info-content&quot;&gt;\n?([0-9]*)</expression>
      </RegExp>
      <RegExp input="$$1" output="&lt;country&gt;\1&lt;/country&gt;" dest="2+">
        <expression repeat="yes">"/Sections/Countries/[^/]*/&quot;&gt;([^&lt;]*)&lt;/a&gt;</expression>
      </RegExp>
      <RegExp input="$$1" output="&lt;studio&gt;\1&lt;/studio&gt;" dest="2+">
        <expression repeat="yes">&quot;/company/[^/]*/&quot;&gt;([^&lt;]*)&lt;/a&gt;</expression>
      </RegExp>
      <expression noclean="1"/>
    </RegExp>
  </GetRestIMDBInfo>
<!--
  <GetTMDBMovie dest="4">
    <RegExp input="$$1" output="&lt;details&gt;&lt;url function=&quot;GetTMDBFanart&quot;&gt;http://thetvdb.com/?tab=series&amp;id=\1&lt;/url&gt;&lt;/details&gt;" dest="4">
       <expression noclean="1">&lt;seriesid&gt;([0-9]*)&lt;/seriesid&gt;</expression>
     </RegExp>
  </GetTMDBMovie>

  <GetTMDBFanart dest="4">
    <RegExp input="$$5" output="&lt;details&gt;&lt;fanart&gt;&lt;thumb&gt;\1&lt;/thumb&gt;&lt;/fanart&gt;&lt;/details&gt;" dest="4">
      <RegExp input="$$1" output="http://thetvdb.com/\1" dest="5">
         <expression noclean="1">&quot;(banners/fanart/original/[^&quot;]*)&quot;</expression>
      </RegExp>
       <expression noclean="1"/>
    </RegExp>
  </GetTMDBFanart>
-->  
  <GetTVDBId dest="4">
    <RegExp input="$$3" output="&lt;details&gt;\1&lt;/details&gt;" dest="4">
        <RegExp input="$$1" output="&lt;id&gt;\1&lt;/id&gt;" dest="3">
            <expression>&lt;seriesid&gt;([0-9]*)&lt;/seriesid&gt;</expression>
        </RegExp>
        <RegExp input="$$1" output="&lt;url function=&quot;GetTVDBDetails&quot; cache=&quot;\1-$INFO[language].xml&quot;&gt;http://thetvdb.com/api/1D62F2F90030C444/series/\1/all/$INFO[language].zip&lt;/url&gt;" dest="3+">
            <expression>&lt;seriesid&gt;([0-9]*)&lt;/seriesid&gt;</expression>
        </RegExp>
        <expression noclean="1"/>
    </RegExp>
  </GetTVDBId>
  <GetTVDBDetails dest="7">
    <RegExp input="$$4" output="&lt;?xml version=&quot;1.0&quot; encoding=&quot;utf-8&quot; standalone=&quot;yes&quot;?&gt;&lt;details&gt;\1&lt;/details&gt;" dest="7">
			<RegExp input="$$1" output="\1" dest="5">
				<expression noclean="1">&lt;Series&gt;.*?&lt;id&gt;.*?&lt;/id&gt;(.*)</expression>
			</RegExp>
			<RegExp input="$$5" output="&lt;plot&gt;\1&lt;/plot&gt;" dest="4+">
				<expression noclean="1">&lt;Overview&gt;([^&lt;]*)&lt;/Overview&gt;</expression>
			</RegExp>
			<RegExp input="$$1" output="&lt;mpaa&gt;\1&lt;/mpaa&gt;" dest="4+">
				<expression>&lt;ContentRating&gt;([^&lt;]*)&lt;/ContentRating&gt;</expression>
			</RegExp>
			<RegExp input="$$5" output="&lt;premiered&gt;\1&lt;/premiered&gt;" dest="4+">
				<expression>&lt;FirstAired&gt;([^&lt;]*)&lt;/FirstAired&gt;</expression>
			</RegExp>
			<RegExp input="$$5" output="&lt;rating&gt;\1&lt;/rating&gt;" dest="4+">
				<expression>&lt;Rating&gt;([^&lt;]*)&lt;/Rating&gt;</expression>
			</RegExp>
			<RegExp input="$$5" output="&lt;studio&gt;\1&lt;/studio&gt;" dest="4+">
				<expression>&lt;Network&gt;([^&lt;]*)&lt;/Network&gt;</expression>
			</RegExp>

			<!-- actors with thumbs -->
			<RegExp input="$$5" output="&lt;actor&gt;&lt;name&gt;\2&lt;/name&gt;&lt;role&gt;\3&lt;/role&gt;&lt;thumb&gt;http://thetvdb.com/banners/\1&lt;/thumb&gt;&lt;/actor&gt;" dest="4+">
				<expression repeat="yes" noclean="1,2,3">&lt;Actor&gt;.*?&lt;Image&gt;([^&lt;]+)&lt;/Image&gt;.*?&lt;Name&gt;([^&lt;]*)&lt;/Name&gt;.*?&lt;Role&gt;([^&lt;]*)</expression>
			</RegExp>
			<!-- actors without thumbs -->
			<RegExp input="$$5" output="&lt;actor&gt;&lt;name&gt;\2&lt;/name&gt;&lt;role&gt;\3&lt;/role&gt;&lt;/actor&gt;" dest="4+">
				<expression repeat="yes" noclean="1,2,3">&lt;Actor&gt;.*?&lt;Image&gt;([^&lt;]*)&lt;/Image&gt;.*?&lt;Name&gt;([^&lt;]*)&lt;/Name&gt;.*?&lt;Role&gt;([^&lt;]*)</expression>
			</RegExp>
			<RegExp input="$$5" output="&lt;thumb aspect=&quot;banner&quot;&gt;http://thetvdb.com/banners/\1&lt;/thumb&gt;" dest="4+">
				<expression repeat="yes">&lt;BannerPath&gt;([^&lt;]*)&lt;/BannerPath&gt;[^&lt;]*&lt;BannerType&gt;series&lt;/BannerType&gt;[^&lt;]*&lt;BannerType2&gt;graphical&lt;/BannerType2&gt;[^&lt;]*&lt;Language&gt;$INFO[language]&lt;/Language&gt;</expression>
			</RegExp>
			<RegExp input="$$5" output="&lt;thumb aspect=&quot;banner&quot;&gt;http://thetvdb.com/banners/\1&lt;/thumb&gt;" dest="4+">
				<expression repeat="yes">&lt;BannerPath&gt;([^&lt;]*)&lt;/BannerPath&gt;[^&lt;]*&lt;BannerType&gt;series&lt;/BannerType&gt;[^&lt;]*&lt;BannerType2&gt;graphical&lt;/BannerType2&gt;[^&lt;]*&lt;Language&gt;((?!$INFO[language])[a-z])*&lt;/Language&gt;</expression>
			</RegExp>
			<RegExp input="$$5" output="&lt;thumb aspect=&quot;banner&quot;&gt;http://thetvdb.com/banners/\1&lt;/thumb&gt;" dest="4+">
				<expression repeat="yes">&lt;BannerPath&gt;([^&lt;]*)&lt;/BannerPath&gt;[^&lt;]*&lt;BannerType&gt;series&lt;/BannerType&gt;[^&lt;]*&lt;BannerType2&gt;text&lt;/BannerType2&gt;[^&lt;]*&lt;Language&gt;$INFO[language]&lt;/Language&gt;</expression>
			</RegExp>
			<RegExp input="$$5" output="&lt;thumb aspect=&quot;banner&quot;&gt;http://thetvdb.com/banners/\1&lt;/thumb&gt;" dest="4+">
				<expression repeat="yes">&lt;BannerPath&gt;([^&lt;]*)&lt;/BannerPath&gt;[^&lt;]*&lt;BannerType&gt;series&lt;/BannerType&gt;[^&lt;]*&lt;BannerType2&gt;text&lt;/BannerType2&gt;[^&lt;]*&lt;Language&gt;((?!$INFO[language])[a-z])*&lt;/Language&gt;</expression>
			</RegExp>
			<RegExp input="$$5" output="&lt;thumb aspect=&quot;banner&quot;&gt;http://thetvdb.com/banners/\1&lt;/thumb&gt;" dest="4+">
				<expression repeat="yes">&lt;BannerPath&gt;([^&lt;]*)&lt;/BannerPath&gt;[^&lt;]*&lt;BannerType&gt;series&lt;/BannerType&gt;[^&lt;]*&lt;BannerType2&gt;blank&lt;/BannerType2&gt;[^&lt;]*&lt;Language&gt;&lt;/Language&gt;</expression>
			</RegExp>
			<RegExp input="$$5" output="&lt;thumb aspect=&quot;poster&quot; type=&quot;season&quot; season=&quot;\2&quot;&gt;http://thetvdb.com/banners/\1&lt;/thumb&gt;" dest="4+">
				<expression repeat="yes">&lt;BannerPath&gt;([^&lt;]*)&lt;/BannerPath&gt;[^&lt;]*&lt;BannerType&gt;season&lt;/BannerType&gt;[^&lt;]*&lt;BannerType2&gt;season&lt;/BannerType2&gt;[^&lt;]*&lt;Language&gt;$INFO[language]&lt;/Language&gt;[^&lt;]*[^S]*Season&gt;([0-9]+)&lt;/Season&gt;</expression>
			</RegExp>
			<RegExp input="$$5" output="&lt;thumb aspect=&quot;poster&quot; type=&quot;season&quot; season=&quot;\3&quot;&gt;http://thetvdb.com/banners/\1&lt;/thumb&gt;" dest="4+">
				<expression repeat="yes">&lt;BannerPath&gt;([^&lt;]*)&lt;/BannerPath&gt;[^&lt;]*&lt;BannerType&gt;season&lt;/BannerType&gt;[^&lt;]*&lt;BannerType2&gt;season&lt;/BannerType2&gt;[^&lt;]*&lt;Language&gt;((?!$INFO[language])[a-z])*&lt;/Language&gt;[^&lt;]*[^S]*Season&gt;([0-9]+)&lt;/Season&gt;</expression>
			</RegExp>
			<RegExp input="$$5" output="&lt;thumb aspect=&quot;banner&quot; type=&quot;season&quot; season=&quot;\2&quot;&gt;http://thetvdb.com/banners/\1&lt;/thumb&gt;" dest="4+">
				<expression repeat="yes">&lt;BannerPath&gt;([^&lt;]*)&lt;/BannerPath&gt;[^&lt;]*&lt;BannerType&gt;season&lt;/BannerType&gt;[^&lt;]*&lt;BannerType2&gt;seasonwide&lt;/BannerType2&gt;[^&lt;]*&lt;Language&gt;$INFO[language]&lt;/Language&gt;[^&lt;]*[^S]*Season&gt;([0-9]+)&lt;/Season&gt;</expression>
			</RegExp>
			<RegExp input="$$5" output="&lt;thumb aspect=&quot;banner&quot; type=&quot;season&quot; season=&quot;\3&quot;&gt;http://thetvdb.com/banners/\1&lt;/thumb&gt;" dest="4+">
				<expression repeat="yes">&lt;BannerPath&gt;([^&lt;]*)&lt;/BannerPath&gt;[^&lt;]*&lt;BannerType&gt;season&lt;/BannerType&gt;[^&lt;]*&lt;BannerType2&gt;seasonwide&lt;/BannerType2&gt;[^&lt;]*&lt;Language&gt;((?!$INFO[language])[a-z])*&lt;/Language&gt;[^&lt;]*[^S]*Season&gt;([0-9]+)&lt;/Season&gt;</expression>
			</RegExp>
			<RegExp input="$$5" output="&lt;thumb aspect=&quot;poster&quot;&gt;http://thetvdb.com/banners/\1&lt;/thumb&gt;" dest="4+">
				<expression repeat="yes">&lt;BannerPath&gt;([^&lt;]*)&lt;/BannerPath&gt;[^&lt;]*&lt;BannerType&gt;poster&lt;/BannerType&gt;</expression>
			</RegExp>
			<RegExp input="$$5" output="&lt;thumb aspect=&quot;poster&quot; type=&quot;season&quot; season=&quot;-1&quot;&gt;http://thetvdb.com/banners/\1&lt;/thumb&gt;" dest="4+">
				<expression repeat="yes">&lt;BannerPath&gt;([^&lt;]*)&lt;/BannerPath&gt;[^&lt;]*&lt;BannerType&gt;poster&lt;/BannerType&gt;</expression>
			</RegExp>
			<RegExp conditional="fanart" input="$$7" output="&lt;fanart url=&quot;http://thetvdb.com/banners/&quot;&gt;\1&lt;/fanart&gt;" dest="4+">
				<RegExp input="$$5" output="&lt;thumb dim=&quot;\2&quot; colors=&quot;\3&quot; preview=&quot;_cache/\1&quot;&gt;\1&lt;/thumb&gt;" dest="7+">
					<expression repeat="yes">&lt;BannerPath&gt;([^&lt;]*)&lt;/BannerPath&gt;[^&lt;]*&lt;BannerType&gt;fanart&lt;/BannerType&gt;[^&lt;]*&lt;BannerType2&gt;([^&lt;]*)&lt;/BannerType2&gt;[^&lt;]*&lt;Colors&gt;([^&lt;]*)&lt;/Colors&gt;[^&lt;]*&lt;Language&gt;$INFO[language]&lt;/Language&gt;</expression>
				</RegExp>
				<RegExp input="$$5" output="&lt;thumb dim=&quot;\2&quot; colors=&quot;\3&quot; preview=&quot;_cache/\1&quot;&gt;\1&lt;/thumb&gt;" dest="7+">
					<expression repeat="yes">&lt;BannerPath&gt;([^&lt;]*)&lt;/BannerPath&gt;[^&lt;]*&lt;BannerType&gt;fanart&lt;/BannerType&gt;[^&lt;]*&lt;BannerType2&gt;([^&lt;]*)&lt;/BannerType2&gt;[^&lt;]*&lt;Colors&gt;([^&lt;]*)&lt;/Colors&gt;[^&lt;]*&lt;Language&gt;((?!$INFO[language])[a-z])*&lt;/Language&gt;</expression>
				</RegExp>
				<expression noclean="1"/>
			</RegExp>
			<RegExp input="$$3" output="\1" dest="6">
				<expression>.*/(.*).zip</expression>
			</RegExp>

			<expression noclean="1"/>
		</RegExp>
	</GetTVDBDetails>
</scraper>
