<?xml version="1.0" encoding="UTF-8" standalone="yes"?>
<addon id="plugin.video.russia.ru" name="RUSSIA.RU" version="1.0.8" provider-name="HD-Lab Team">
  <requires><import addon="xbmc.python" version="2.1.0"/></requires>
  <extension point="xbmc.python.pluginsource" provides="video" library="default.py">
    <provides>video</provides>
  </extension>
  <extension point="xbmc.addon.metadata">
    <summary>Смотрите видео с сайта http://russia.ru/</summary>
    <description>Russia.ru - первый российский телеканал, созданный для пользователей интернета. Открывшись в октябре 2007 года как арт-проект, он стал лидером российского интернет-телевидения и твердо занял первое место среди сетевых телепроектов. Ежемесячный охват аудитории Russia.ru - более 2 400 000 зрителей (исследования Gallup). Подавляющее их большинство – люди с быстрым подключением к сети и мощными компьютерами.
Russia.ru делает передачи для самой разной аудитории, освещает темы, которые игнорирует традиционное телевидение. Нелинейный формат вещания позволяет зрителю самому выбирать интересные для себя сюжеты. Контент Russia.ru не устаревает и доступен в любое время в любом месте.
Особое значение мы придаем сюжетам, посвященным жизни современной России. Во время войны в Южной Осетии телеканал каждый день размещал информацию о ходе военных действий, прогнозы специалистов и репортажи, которые делала съемочная группа в зоне конфликта. Фильм «Война 08.08.08» имел широкий общественный резонанс - его посмотрело более 1.8 млн. человек. В 2009 году на экраны Russia.ru вышел уникальный фильм, посвященный Калмыкии, фильм «Путешествие по Дону», ряд сюжетов из Нижнего Новгорода.</description>
    <platform>all</platform>
  </extension>
</addon>
