<?xml version="1.0" encoding="UTF-8" standalone="yes"?>
<addon id="metadata.filmdelta.se"
       name="FilmDelta"
       version="1.1.1"
       provider-name="Daniel Malmgren">
  <requires>
    <import addon="xbmc.metadata" version="1.0"/>
    <import addon="metadata.common.themoviedb.org" version="2.7.0"/>
  </requires>
  <extension point="xbmc.metadata.scraper.movies"
             language="se"
             library="filmdelta.xml"/>
  <extension point="xbmc.addon.metadata">
    <summary lang="en">FilmDelta Movie Scraper</summary>
    <summary lang="hu">FilmDelta filmadat leolvasó</summary>
    <summary lang="kr">FilmDelta 영화 스크래퍼</summary>
    <summary lang="pt">Scraper de filmes FilmDelta</summary>
    <summary lang="se">Filmskrapa för Filmdelta</summary> 
    <description lang="en">Download Movie information from www.filmdelta.se</description>
    <description lang="hu">Film információk letöltése a www.filmdelta.se webhelyről</description>
    <description lang="kr">www.filmdelta.se 에서 영화 정보 다운로드</description>
    <description lang="pt">Descarregar informação de filmes de www.filmdelta.se</description>
    <description lang="se">Hämta filminformation ifrån www.filmdelta.se</description>
    <platform>all</platform>
  </extension>
</addon>
