<?xml version="1.0" encoding="ISO-8859-1" standalone="no"?>
<scraper framework="1.1" date="2012-11-28">
	<CreateSearchUrl clearbuffers="no" dest="3">
		<RegExp input="$$1" output="&lt;url&gt;http://www.filmdelta.se/search.php?string=\1&amp;amp;type=movie&amp;amp;more=1&lt;/url&gt;" dest="3">
			<RegExp input="$$1" output="\1" dest="9">
				<expression>%28(.*?)%29</expression>
			</RegExp>
			<expression trim="1"/>
		</RegExp>
	</CreateSearchUrl>
	<GetSearchResults dest="8">
		<RegExp input="$$5" output="&lt;results&gt;\1&lt;/results&gt;" dest="8">
			<RegExp input="$$1" output="&lt;entity&gt;&lt;title&gt;\2&lt;/title&gt;&lt;year&gt;\3&lt;/year&gt;&lt;url cache=&quot;filmdelta.html&quot;&gt;http://www.filmdelta.se/filmer/\1&lt;/url&gt;&lt;/entity&gt;" dest="5">
				<expression repeat="yes" noclean="1">&lt;a href="/filmer/([^"]*)"&gt;([^&lt;]*)&lt;/a&gt; \(([0-9]*)\)</expression>
			</RegExp>
			<RegExp input="$$1" output="&lt;entity&gt;&lt;title&gt;\2&lt;/title&gt;&lt;year&gt;$$9&lt;/year&gt;&lt;url cache=&quot;filmdelta.html&quot;&gt;http://www.filmdelta.se/filmer/\1&lt;/url&gt;&lt;/entity&gt;" dest="5">
				<expression repeat="yes" noclean="1">&lt;a href="/filmer/([^"]*)"&gt;([^&lt;]*)&lt;/a&gt; \($$9\)</expression>
			</RegExp>
			<expression noclean="1"/>
		</RegExp>
	</GetSearchResults>
	<GetDetails dest="3">
		<RegExp input="$$5" output="&lt;details&gt;\1&lt;/details&gt;" dest="3">
			<RegExp conditional="swedishtitles" input="$$1" output="&lt;title&gt;\1&lt;/title&gt;" dest="5">
				<expression noclean="1">&lt;title&gt; (.*?) - Filmdelta -</expression>
			</RegExp>
			<RegExp conditional="!swedishtitles" input="$$1" output="&lt;title&gt;\1&lt;/title&gt;" dest="5">
				<expression>&lt;h4&gt;Originaltitel&lt;/h4&gt;[^&lt;]*&lt;h5&gt;([^&lt;]*)&lt;/h5&gt;.*?/filmarkiv/([0-9]*)/</expression>
			</RegExp>
			<RegExp input="$$1" output="&lt;year&gt;\1&lt;/year&gt;&lt;runtime&gt;\2&lt;/runtime&gt;" dest="5+">
				<expression noclean="1">([0-9]*)&lt;/a&gt;, ([0-9]*) min</expression>
			</RegExp>
			<RegExp input="$$1" output="&lt;plot&gt;\1&lt;/plot&gt;&lt;outline&gt;\1&lt;/outline&gt;" dest="5+">
				<expression trim="1">&lt;div class="text"&gt;[^&lt;]*&lt;p&gt;(.*?)&lt;/p&gt;</expression>
			</RegExp>
			<RegExp input="$$1" output="&lt;rating&gt;\1&lt;/rating&gt;" dest="5+">
				<expression trim="1">&lt;span class='block' style="margin-top:2px; font-weight:bold;"&gt;Snitt: ([^&lt;]*)&lt;/span&gt;</expression>
			</RegExp>
			<RegExp input="$$7" output="&lt;actor&gt;&lt;name&gt;\1&lt;/name&gt;&lt;role&gt;\2&lt;/role&gt;&lt;/actor&gt;" dest="5+">
				<RegExp input="$$1" output="\1" dest="7">
					<expression noclean="1">&lt;div class="info" id="actors"&gt;(.*?)&lt;/div&gt;</expression>
				</RegExp>
				<expression repeat="yes" trim="1,2">/'&gt;([^&lt;]*)&lt;/a&gt; - ([^&lt;]*)&lt;/h5&gt;</expression>
			</RegExp>
			<RegExp input="$$6" output="&lt;director&gt;\1&lt;/director&gt;" dest="5+">
				<RegExp input="$$1" output="\1" dest="6">
					<expression noclean="1">&lt;h4&gt;Regiss&amp;ouml;r&lt;/h4&gt;(.*?)&lt;/div&gt;</expression>
				</RegExp>
				<expression repeat="yes" trim="1">/'&gt;([^&lt;]*)&lt;/a&gt;&lt;/h5&gt;</expression>
			</RegExp>
			<RegExp input="$$6" output="&lt;credits&gt;\1&lt;/credits&gt;" dest="5+">
				<RegExp input="$$1" output="\1" dest="6+">
					<expression noclean="1">&lt;h4&gt;Manus&lt;/h4&gt;(.*?)&lt;/div&gt;</expression>
				</RegExp>
				<expression repeat="yes" trim="1">/'&gt;([^&lt;]*)&lt;/a&gt;&lt;/h5&gt;</expression>
			</RegExp>
			<RegExp input="$$8" output="&lt;genre&gt;\1&lt;/genre&gt;" dest="5+">
				<RegExp input="$$1" output="\1" dest="8">
					<expression noclean="1">&lt;h4&gt;Kategori&lt;/h4&gt;(.*?)&lt;/div&gt;</expression>
				</RegExp>
				<expression repeat="yes" trim="1">type=category'&gt;([^&lt;]*)&lt;/a&gt;&lt;/h5&gt;</expression>
			</RegExp>
			<RegExp input="$$2" output="&lt;url function=&quot;GetTMDBimages&quot;&gt;http://www.google.se/search?q=site:imdb.com%20\1&lt;/url&gt;" dest="5+">
				<RegExp input="$$1" output="\1+(\2)" dest="3">
					<expression>&lt;h4&gt;Originaltitel&lt;/h4&gt;[^&lt;]*&lt;h5&gt;([^&lt;]*)&lt;/h5&gt;.*?/filmarkiv/([0-9]*)/</expression>
				</RegExp>
				<RegExp input="$$3" output="\1%20" dest="2">
					<expression repeat="yes" noclean="1">([^ ]+)</expression>
				</RegExp>
				<expression/>
			</RegExp>
			<RegExp input="$$2" output="&lt;url cache=&quot;filmdelta.html&quot; function=&quot;GetFilmdeltaThumb&quot;&gt;$$3&lt;/url&gt;" dest="5+">
				<expression/>
			</RegExp>
			<expression noclean="1"/>
		</RegExp>
	</GetDetails>
	<GetFilmdeltaThumb dest="5">
		<RegExp input="$$1" output="&lt;details&gt;&lt;thumb&gt;http://www.filmdelta.se\1&lt;/thumb&gt;&lt;/details&gt;" dest="5+">
			<expression noclean="1">&lt;div class="box images" id="title-images"&gt;[^&lt;]*&lt;div class="inner"&gt;&lt;img  style='[^']*' src='([^']*)</expression>
		</RegExp>
	</GetFilmdeltaThumb>
	<GetTMDBimages dest="4">
		<RegExp input="$$5" output="&lt;details&gt;\1&lt;/details&gt;" dest="4">
			<RegExp input="$$1" output="\1" dest="7">
				<expression>/title/(tt[t0-9]*)</expression>
			</RegExp>
			<RegExp input="$$7" output="&lt;chain function=&quot;GetTMDBThumbsByIdChain&quot;&gt;\1&lt;/chain&gt;" dest="5">
				<expression/>
			</RegExp>
			<RegExp conditional="fanart" input="$$7" output="&lt;chain function=&quot;GetTMDBFanartByIdChain&quot;&gt;\1&lt;/chain&gt;" dest="5+">
				<expression/>
			</RegExp>
			<RegExp conditional="trailers" input="$$7" output="&lt;chain function=&quot;GetTMDBTrailerByIdChain&quot;&gt;\1&lt;/chain&gt;" dest="5+">
				<expression/>
			</RegExp>
			<expression noclean="1"/>
		</RegExp>
	</GetTMDBimages>
</scraper>
