<SERIALU_NET_HISTORY><ser_934742dd3644bd79f24f92bd2067d4ec><ID>00</ID><Serial>Охота на Изюбря</Serial><URL>http://serialu.net/oxota-na-izyubrya/</URL><Date>2012-04-27</Date><Part>5 серия</Part><Image>http://serialu.net/wp-content/uploads/2011/01/6.jpg</Image></ser_934742dd3644bd79f24f92bd2067d4ec><ser_d7f956f8ff6d1f66e39eed490d4f7930><ID>01</ID><Serial>Основная версия</Serial><URL>http://serialu.net/osnovnaya-versiya/</URL><Date>2012-04-27</Date><Part>5 серия</Part><Image>http://serialu.net/wp-content/uploads/2011/01/vers.jpg</Image></ser_d7f956f8ff6d1f66e39eed490d4f7930><ser_a6c6feebfcb24f5e6e65075577fd1f72><ID>05</ID><Serial>Александровский сад</Serial><URL>http://serialu.net/aleksandrovskij-sad/</URL><Date>2012-04-25</Date><Part>8 серия</Part><Image>http://serialu.net/wp-content/uploads/2010/10/alsad.jpg</Image></ser_a6c6feebfcb24f5e6e65075577fd1f72><ser_0199f3353b262172ce08eacd4b38f952><ID>06</ID><Serial>Гриффины</Serial><URL>http://serialu.net/griffiny/</URL><Date>2012-04-17</Date><Part>1-7 сезон 8 серия</Part><Image>http://serialu.net/img/griffiny1242299239.jpg</Image></ser_0199f3353b262172ce08eacd4b38f952><ser_7ee095243a24316351d1629bbd9cc7e3><ID>07</ID><Serial>1942</Serial><URL>http://serialu.net/1942-god/</URL><Date>2012-04-13</Date><Part>1 серия</Part><Image>http://serialu.net/wp-content/uploads/2011/05/1942serial.jpg</Image></ser_7ee095243a24316351d1629bbd9cc7e3><ser_a03846f07b5bd2e753853a39eebe0336><ID>08</ID><Serial>Агент национальной безопасности</Serial><URL>http://serialu.net/agent-nacionalnoj-bezopasnosti/</URL><Date>2012-04-13</Date><Part>6 серия</Part><Image>http://serialu.net/wp-content/uploads/2011/03/19.jpg</Image></ser_a03846f07b5bd2e753853a39eebe0336><ser_c1644c26c051fc5106b6479efe9f1f5b><ID>09</ID><Serial>Соль земли</Serial><URL>http://serialu.net/sol-zemli/</URL><Date>2012-04-13</Date><Part>4 серия</Part><Image>http://serialu.net/wp-content/uploads/2012/04/e48b2b4fa63e_cr.jpg</Image></ser_c1644c26c051fc5106b6479efe9f1f5b><ser_63c3413f4342065bb49e0929f4916920><ID>11</ID><Serial>Бернард</Serial><URL>http://serialu.net/bernard/</URL><Date>2012-04-13</Date><Part>1 сезон 8 серия</Part><Image>http://serialu.net/wp-content/uploads/2011/07/bernard.jpg</Image></ser_63c3413f4342065bb49e0929f4916920><ser_7f3a6e9c3f69935f9f8f15a59362bb39><ID>12</ID><Serial>Неудачников.net</Serial><URL>http://serialu.net/neudachnikovnet/</URL><Date>2012-03-22</Date><Part>1 серия</Part><Image>http://serialu.net/wp-content/uploads/2010/12/neudach.jpg</Image></ser_7f3a6e9c3f69935f9f8f15a59362bb39><ser_a3043ab60b49e1d402dd9389fd3ae490><ID>52</ID><Serial>Белка и Стрелка. Озорная семейка</Serial><URL>http://serialu.net/belka-i-strelka-ozornaya-semejka/</URL><Date>2011-10-07</Date><Part> 3 серия</Part><Image>http://serialu.net/wp-content/uploads/2011/09/9764637.jpg</Image></ser_a3043ab60b49e1d402dd9389fd3ae490></SERIALU_NET_HISTORY>