<?xml version="1.0" encoding="UTF-8"?>
<shortcuts>
	<shortcut>
		<label>20386</label>
		<label2>32014</label2>
		<icon>DefaultRecentlyAddedMovies.png</icon>
		<thumb />
		<action>ActivateWindow(Videos,RecentlyAddedMovies,return)</action>
	</shortcut>
	<shortcut>
		<label>20434</label>
		<label2>342</label2>
		<icon>DefaultSets.png</icon>
		<thumb />
		<action>ActivateWindow(Videos,MovieSets,return)</action>
	</shortcut>
	<shortcut>
		<label>369</label>
		<label2>342</label2>
		<icon>DefaultMovieTitle.png</icon>
		<thumb />
		<action>ActivateWindow(Videos,MovieTitles,return)</action>
	</shortcut>
	<shortcut>
		<label>135</label>
		<label2>342</label2>
		<icon>DefaultGenre.png</icon>
		<thumb />
		<action>ActivateWindow(Videos,MovieGenres,return)</action>
	</shortcut>
	<shortcut>
		<label>562</label>
		<label2>342</label2>
		<icon>DefaultYear.png</icon>
		<thumb />
		<action>ActivateWindow(Videos,MovieYears,return)</action>
	</shortcut>
	<shortcut>
		<label>344</label>
		<label2>342</label2>
		<icon>DefaultActor.png</icon>
		<thumb />
		<action>ActivateWindow(Videos,MovieActors,return)</action>
	</shortcut>
</shortcuts>
