﻿<?xml version="1.0" encoding="UTF-8" standalone="yes"?>
<addon id="script.torrent-tv.ru"
       name="Torrent-TV XBMC"
       version="1.3.4"
       provider-name="Torrent-TV">
    <requires>
		  <import addon="xbmc.python" version="2.1.0" />
      <import addon="script.module.beautifulsoup"/>
    </requires>
    <extension point="xbmc.python.script" library="default.py">
        <provides>video</provides>
    </extension>
    <extension library="autostart.py" point="xbmc.service" />
    <extension point="xbmc.addon.metadata">
        <summary>Torrent-TV XBMC</summary>
        <description>Торрент ТВ теперь можно смотреть на медиаплатформе XBMC.</description>
        <platform>all</platform>
    </extension>
</addon>
