<?xml version="1.0" encoding="UTF-8" standalone="yes"?>
<addon id="plugin.video.sciflix" name="SciFlix" version="0.2" provider-name="Jani (rasjani) Mikkonen">
  <requires>
    <import addon="xbmc.python" version="2.0"/>
    <import addon="script.module.xbmcswift2" version="1.1.1"/>
    <import addon="script.module.beautifulsoup" version="3.0.8"/>
    <import addon="plugin.video.youtube" version="3.1.0"/>
  </requires>
  <extension point="xbmc.python.pluginsource" library="addon.py">
    <provides>video</provides>
  </extension>
  <extension point="xbmc.addon.metadata">
    <platform>all</platform>
    <language></language>
    <summary>SciFlix dot blogspot dot com</summary>
    <description>Your Source For Best Free Scifi and Fantasy Flicks on Internet</description>
  </extension>
</addon>
