<?xml version="1.0" encoding="UTF-8" standalone="yes"?>
<addon id="plugin.video.recordedamigagames"
       name="Recorded Amiga Games"
       version="0.3.0"
       provider-name="Jools">
  <requires>
    <import addon="xbmc.python" version="2.0"/>
  </requires>
  <extension point="xbmc.python.pluginsource"
            library="addon.py">
        <provides>video</provides>
  </extension>
  <extension point="xbmc.addon.metadata">
    <platform>all</platform>
    <summary lang="en">Recorded Amiga Games</summary>
    <description lang="en">Recorded Amiga Games</description>
  </extension>
</addon>

