﻿<?xml version="1.0" encoding="UTF-8" standalone="yes"?>
<addon id="script.xbmcbackup"
    name="XBMC Backup" version="0.5.5" provider-name="robweber">
  <requires>
    <import addon="xbmc.python" version="2.14.0"/>
  </requires>
  <extension point="xbmc.python.script" library="default.py"> 
     <provides>executable</provides> 
  </extension> 
  <extension point="xbmc.service" library="scheduler.py" start="startup" />
  <extension point="xbmc.addon.metadata">
    <summary lang="ar">قم بنسخ احتياطي و استعد قاعدة بيانات XBMC الخاص بك و ملفات التكوين في حال وقوع حادث أو تلف الملفات.</summary>
    <summary lang="be">Backup and restore your XBMC database and configuration files in the event of a crash or file corruption.</summary>
    <summary lang="bg">Добавката може да създава резервно копие на XBMC и възстановява (след това) Вашата база от данни и настройки, в случай на необходимост.</summary>
    <summary lang="ca">Copiau i restaurau la vostra base de dades d'XBMC i els fitxers de configuració en cas de caiguda o corrupció de fitxers.</summary>
    <summary lang="da">Sikkerhedskopiér og genskab din XBMC database og konfigurationsfiler i tilfælde af et nedbrud eller en ødelagt fil.</summary>
    <summary lang="de">Die XBMC Datenbank sichern und bei Dateiverlust oder Beschädigung wiederherstellen.</summary>
    <summary lang="el">Δημιουργήστε αντίγραφα ασφαλείας της βάσης δεδομένων και των ρυθμίσεων του XBMC για την πιθανότητα σφαλμάτων ή καταστροφής αρχείων.</summary>
    <summary lang="en">Backup and restore your XBMC database and configuration files in the event of a crash or file corruption.</summary>
    <summary lang="es">Haz copia de seguridad de tu base de datos y configuración y recupera todo en caso de fallo.</summary>
    <summary lang="es_MX">Respalda y restaura tu base de datos y archivos de configuración de XBMC dado el evento de un cuelgue o corrupción de archivos. </summary>
    <summary lang="eu">XBMC datu-basea eta konfigurazio fitxategien babes-kopia egin kraskatze edo fitxategi hondamena saihesteko</summary>
    <summary lang="fr">Sauvegarder et restaurer vos bases de données XBMC et vos fichiers de configuration en cas de crash ou de fichiers corrompus.</summary>
    <summary lang="gl">Crear copia de seguranza e restaurar a base de datos e ficheiros de configuración de XBMC no caso dun fallo ou corrupción de ficheiros.</summary>
    <summary lang="he">גיבוי ושחזור מסד הנתונים וקבצי ההגדרות של XBMC במקרה של קריסה או קבצים פגומים.</summary>
    <summary lang="hr">Sigurnosno kopirajte i obnovite vašu XBMC bazu podataka i datoteke podešavanja prilikom rušenja ili oštećenja datoteka.</summary>
    <summary lang="hu">Biztonsági mentés készítése az XBMC adatbázisról és a beállítófájlokról vagy állítsa helyre azokat egy rendszerösszeomlás vagy adatvesztés után.</summary>
    <summary lang="it">Effettua il backup o ripristina il tuo database di XBMC e i file di configurazione qualora si verifichi una chiusura imprevista o un danneggiamento dei file.</summary>
    <summary lang="ja">システムのクラッシュやファイル破損に備えて、XBMC のデータベースや設定ファイルをバックアップ・リストアできます。</summary>
    <summary lang="ko">XBMC 데이터베이스와 설정 파일을 백업하고 복구합니다.</summary>
    <summary lang="lt">Atsarginė kopija katra atkuria jūsų XBMC duomenų bazę ir konfigūracijos failus avarijos ar failo sugadinimo metu.</summary>
    <summary lang="nl">Back-up en herstel je XBMC database en configuratiebestanden in geval van een crash of bestandscorruptie.</summary>
    <summary lang="pl">Stwórz kopię bezpieczeńśtwa oraz przywróć twoją bazę XBMC łącznie z plikami konfiguracyjnymi w przypadku awarii lub uszkodzenia plików.</summary>
    <summary lang="pt">Crie cópias de segurança da base de dados do XBMC e dos ficheiros de configuração. Pode restaurar o conteúdo se ocorrer um crash ou corrupção de ficheiros.</summary>
    <summary lang="pt_BR">Faça backup e restaure o banco de dados do XBMC e seus arquivos de configuração, no caso de falha ou corrupção de arquivo.</summary>
    <summary lang="sk">Zálohovanie a obnova XBMC databázy a konfiguračných súborov pre prípad havárie alebo poškodenia súboru.</summary>
    <summary lang="sv">Ta backupp av eller återställ din XBMC-databas och konfigurationsfiler i händelse av en krash eller filkorruption.</summary>
    <summary lang="zh">备份和恢复XBMC数据库和配置文件，以防范系统崩溃或文件损坏问题。</summary>
    <description lang="be">Ever hosed your XBMC configuration and wished you'd had a backup? Now you can with one easy click. You can export your database, playlist, thumbnails, addons and other configuration details to any source writeable by XBMC or directly to Dropbox cloud storage. Backups can be run on demand or via a scheduler. </description>
    <description lang="bg">Някога да сте губили всички настройки, които сте правили по XBMC? А разполагахте ли с резервно копие? Е сега можете да създавате резервни копия само с едно кликване. Можете да изнасяте базата от данни, плейлистите, миниатюрите, добавките и други, на всяко място до което XBMC има права за писане или директно в Dropbox. Можете да настроите и автоматично създаване на копия през определен интервал от време.</description>
    <description lang="ca">Sempre canvia la configuració XBMC i ha desitjat tinir una còpia de seguretat? Ara pot fer-ho amb un simple clic. Podeu exportar la seva base de dades, llista de reproducció, miniatures, complements i altres detalls de la configuració per a qualsevol complement de XBMC o directament emmagatzemar-ho al Dropbox  en el núvol. Les còpies de seguretat es poden executar a la demanda o per mitjà d'un planificador.</description>
    <description lang="da">Har du prøvet at slette din XBMC opsætning, og ønsket at du havde haft sikkerhedskopi? Nu kan du få det med et enkelt klik. Du kan eksportere din database, afspilninglister, miniaturebilleder, addons og andre opsætningsdetaljer til enhver kilde, som er skrivbar for XBMC eller direkt til Dropbox cloud lager. Sikkerhedskopier kan køres manuelt eller via en tidsplan.</description>
    <description lang="de">Jemals deine XBMC Konfiguration zerschossen und dir dann gewünscht, dass ein Backup existiert? Jetzt kannst du eine Sicherung mit nur einem Klick erzeugen. Du kannst deine Datenbanen, Playlisten, Thumbnails, Addons und andere Details zu einem Ort deiner Wahl sichern.</description>
    <description lang="el">Σας έτυχε ποτέ να χάσετε τις ρυθμίσεις του XBMC και να εύχεστε να είχατε αντίγραφο ασφαλείας; Πλέον μπορείτε με ένα απλό κλικ. Μπορείτε να εξάγετε τη βάση δεδομένων, τις λίστες αναπαραγωγής, τις μικρογραφίες, τα πρόσθετα και άλλες λεπτομέρειες της εγκατάστασης σε οποιαδήποτε πηγή στην οποία μπορεί να γράψει το XBMC, ή απευθείας στο λογαριασμό σας στο Dropbox. Τα αντίγραφα μπορούν να γίνονται κατ' επιλογή ή μέσω προγραμματισμού.</description>
    <description lang="en">Ever hosed your XBMC configuration and wished you'd had a backup? Now you can with one easy click. You can export your database, playlist, thumbnails, addons and other configuration details to any source writeable by XBMC or directly to Dropbox cloud storage. Backups can be run on demand or via a scheduler. </description>
    <description lang="es">¿Alguna vez te has cargado la configuración de XBMC y habrías deseado tener una copia de seguridad? Ahora puedes tenerla con un único click. Exporta tus base de datos, listas de reproducción, miniaturas, addons y resto de configuraciones a cualquier fuente accesible por XBMC o a tu almacenamiento en Dropbox. Las copias de seguridad pueden programarse o realizarse bajo demanda.</description>
    <description lang="es_MX">¿Alguna vez haz echado a perder tu configuración de XBMC y haz deseado tener un respaldo? Ahora puedes tenerlo con un simple click. Puedes exportar tu base de datos, listas de reproducción, miniaturas, addons y otros detalles de configuración correspondientes a cualquier fuente que pueda escribir XBMC. Los respaldos pueden ser efectuados a pedido o mediante una programación temporal</description>
    <description lang="fr">Avez-vous déjà perdu votre configuration XBMC et espéré avoir fait une sauvegarde ? Maintenant, vous pouvez le faire en un simple click. Vous pouvez exporter vos bases de données, playlists, miniatures, addons et autres fichiers de configuration vers n'importe quel endroit accessible depuis XBMC.</description>
    <description lang="gl">De seguro que algunha vez eliminou a configuración do XBMC e desexou ter unha copia de seguranza?. Agora pode cun só clic. Pode exportar a súa base de datos, listaxes de reprodución, miniaturas, complementos e outros detalles da configuración a calquera medio escribíbel ou directamente ao Dropbox. As copias de seguranza pódense executar baixo demanda ou programadas.</description>
    <description lang="he">Ever hosed your XBMC configuration and wished you'd had a backup? Now you can with one easy click. You can export your database, playlist, thumbnails, addons and other configuration details to any source writeable by XBMC. Backups can be run on demand or via a scheduler. </description>
    <description lang="hr">Jeste li ikada oštetili vaša XBMC podešavanja i poželjeli ste ih obnoviti iz sigurnosne kopije? Sada to možete jednim klikom. Možete izvesti vašu bazu podataka, popis izvođenja, minijature, dodatke i ostale pojedinosti podešavanja na svaki izvor dostupan XBMC-u ili izravno na Dropbox oblak pohrane. Sigurnosno kopiranje se može pokrenuti na zahtjev ili u planiranom vremenu.</description>
    <description lang="hu">Sikerült már összekutyulni az XBMC beállításait és jó lett volna egy biztonsági mentés? Most megteheti egy kattintással. Exportálhatja az adatbázisait, lejátszáslistáit, könyvjelzőit, kiegészítőit és egyéb beállításokat bármely, az XBMC által írható tárhelyre vagy közvetlenül a Dropbox felhő tárolóba. A mentések kézzel vagy időzítetten indíthatóak.</description>
    <description lang="it">Hai mai distrutto la tua configurazione di XBMC ma non ne avevi una copia di backup? Ora puoi farlo con un semplice click. Puoi esportare il tuo database, le playlist, le anteprime, gli add-on ed altre configurazioni su ogni percorso accessibile da XBMC o direttamente su Dropbox. I backup si possono fare a richiesta o possono essere pianificati.</description>
    <description lang="ja">XBMCの設定が消えてしまい、バックアップをとっておけば... と思ったことはありますか？これからは1クリックで簡単にバックアップできます。データベース、プレイリスト、サムネール、アドオン、その他設定項目を、XBMC が書き込み可能なメディアに書き出せます。Dropbox クラウドストレージにも直接書き出せます。スケジューラによる自動バックアップと、オンデマンドでのバックアップの両方が使えます。</description>
    <description lang="lt">Kada naujinate ir konfiguruojate savo XBMC ar susimastėte, kad jums reikalinga atsarginė kopija? Dabar galite tai atlikti vienu spustelėjimu. Savo duomenų bazes, atkūrimą, miniatiūras, priedus ir kitas konfigūracijos failus galite eksportuoti iš bet kokio šaltinio. Atsarginė(-ės) kopija(-os) gali būti paleistos pareikalavus arba per tvarkaraštį.</description>
    <description lang="nl">Ooit je XBMC configuratie verknalt en gewenst dat je een backup had? Nu kan dat met een simpele klik. Je kunt je bibliotheek, afspeellijsten, miniaturen, addons en andere configuratie optes exporteren naar elke bron die door XBMC beschrijfbaar is of direct naar een Dropbox cloud opslag. Backups kunnen op verzoek of via een rooster gedraaid worden.</description>
    <description lang="pl">Straciłeś kiedyś swoją konfigurację XBMC i marzyłeś o kopii zapasowej? Teraz już możesz i to w prosty sposób. Możesz eksportować swoją bazę, playlisty, miniatury, dodatki oraz wiele więcej do dowolnego źródła bezpośrednio z XBMC. Kopia bezpieczeństwa może być uruchomiona na żądanie lub przez plan.</description>
    <description lang="pt">Já arruinou a sua configuração do XBMC e desejou ter feito uma cópia de segurança? Agora pode, com apenas um clique. Exporte a base de dados, listas de reprodução, miniaturas, add-ons e outras configurações para qualquer fonte acedível pelo XBMC. As cópias de segurança podem ser executadas manualmente ou por temporizador.</description>
    <description lang="pt_BR">Sempre se preocupou com sua configuração do XBMC e desejou ter um backup? Agora você pode com um simples clique. Você pode exportar seu banco de dados, listas de reprodução, miniaturas, addons e outros detalhes de configuração para qualquer fonte gravável pelo XBMC ou diretamente ao armazenamento na nuvem Dropbox. Os backups podem ser executados sob demanda ou por agendamento.</description>
    <description lang="sk">Už ste niekedy poškodili konfiguráciu XBMC a priali si mať zálohu? Teraz môžete - na jeden klik. Môžete exportovať Vašu databázu, playlist, náhľady, doplnky a konfigurácie na ktorýkoľvek zdroj zapisovateľný XBMC. Zálohy môžu byť púšťané na požiadanie alebo plánovačom. </description>
    <description lang="sv">Har du någonsin tappat bort din XBMC konfiguration och önskat att du hade en backup? Nu kan du enkelt med ett klick. Du kan exportera din databas, spellista, minityrer, tillägg och andra konfigurationsdetaljer till valfri källa som är skrivbar för XBMC. Backupper kan köras på begäran eller via scheman.</description>
    <description lang="zh">你是否经常折腾你的XBMC，因而希望能够有个备份？你可以把资料库、播放列表、缩略图、插件和其他配置细节导出到XBMC可以写入的任意位置。备份可以按需运行或通过计划任务执行。</description>
    <forum>http://forum.xbmc.org/showthread.php?tid=129499</forum>
    <source>https://github.com/robweber/xbmcbackup</source>
    <license>The MIT License</license>
    <platform>all</platform>
    <language></language>
  </extension>
</addon>
