﻿<?xml version="1.0" encoding="UTF-8" standalone="yes"?>
<addon id="plugin.video.diy"
       name="DIY Network"
       version="1.0.4"
       provider-name="divingmule">
  <requires>
    <import addon="xbmc.python" version="2.1.0"/>
    <import addon="script.module.beautifulsoup4" version="4.3.1"/>
    <import addon="script.common.plugin.cache" version="2.5.2"/>
  </requires>
  <extension point="xbmc.python.pluginsource" library="default.py">
    <provides>video</provides>
  </extension>
  <extension point="xbmc.addon.metadata">
    <summary>Videos from diynetwork.com.</summary>
    <description>Play full episodes from the Do It Yourself Network, diynetwork.com.</description>
    <disclaimer>These videos seem to be restricted to the U.S. only.</disclaimer>
    <platform>all</platform>
    <language>en</language>
    <license>GNU GENERAL PUBLIC LICENSE. Version 2, June 1991</license>
    <source>https://code.google.com/p/diy-xbmc/</source>
    <forum>http://forum.xbmc.org/showthread.php?tid=97018</forum>
  </extension>
</addon>
