<?xml version="1.0" encoding="UTF-8" standalone="yes"?>
<addon id="service.subtitles.podnapisi"
       name="Podnapisi.net"
       version="5.0.8"
       provider-name="amet">
  <requires>
    <import addon="xbmc.python" version="2.1.0"/>
  </requires>
  <extension point="xbmc.subtitle.module"
             library="service.py" />
  <extension point="xbmc.addon.metadata">
    <summary lang="en">Podnapisi.net</summary>
    <description lang="en">Search and download subtitles from Podnapisi.net</description>
    <disclaimer lang="en"></disclaimer>
    <platform>all</platform>
    <license>GNU GENERAL PUBLIC LICENSE. Version 2, June 1991</license>
    <forum></forum>
    <website></website>
    <email></email>
    <source>https://github.com/amet/service.subtitles.podnapisi</source>
  </extension>
</addon>
