<addon
	id="repository.fastcolors"
	name="Fastcolors repository"
	version="2.0.1"
	provider-name="Fastcolors">
	<extension point="xbmc.addon.repository"
        name="Fastcolors Add-on Repository">
		<info compressed="false">http://fastcolors.net/repository/addons.xml</info> 
		<checksum>http://fastcolors.net/repository/addons.xml.md5</checksum> 
		<datadir zip="true">http://fastcolors.net/repository/</datadir>  
	</extension>
	<extension point="xbmc.addon.metadata">
		<summary>Fastcolors Repository</summary>
		<description>Home of SiO2 Skin.</description>
		<disclaimer>Have Fun</disclaimer>
		<platform>all</platform>
	</extension>
</addon>