﻿<?xml version="1.0" encoding="UTF-8" standalone="yes"?>
<addon id="script.shooter.newsubtitles"
       name="new Shooter Subtitles"
       version="0.0.11"
       provider-name="jindaxia">
  <requires>
    <import addon="xbmc.python" version="2.1.0"/>
	<import addon="script.module.chardet" version="2.1.1"/>
	<import addon="script.module.keyboard.chinese"  version="1.2.8"  optional="true"/>	
    <import addon="script.module.beautifulsoup" version="3.0.8"/>
    <import addon="script.module.mechanize" version="0.2.5"/>
  </requires>
  <extension point="xbmc.python.subtitles"
             library="default.py" />
  <extension point="xbmc.addon.metadata">
    <summary lang="zh">新射手字幕</summary>
    <description lang="zh">从射手网搜索并下载字幕。[CR]有问题请把log文件提交给 jindaxia</description>
    <platform>all</platform>
  </extension>
</addon>
