<?xml version="1.0" encoding="UTF-8" standalone="yes"?>
<addon id="plugin.video.RTPplay" name="RTP Play" version="1.2.0" provider-name="enen92">
  <requires>
    <import addon="xbmc.python" version="2.1.0"/>
    <import addon="script.module.t0mm0.common" version="1.1.0"/>
  </requires>
  <extension point="xbmc.python.pluginsource" library="addon.py">
    <provides>video</provides>
  </extension>
  <extension point="xbmc.addon.metadata">
    <language>en</language>
    <platform>all</platform>
    <summary lang="en">RTP Play XBMC</summary>
    <description lang="en">Emissões em directo (Rádio e TV) e On-Demand da RTP Play. (Este add-on não pertence nem é suportado pela RTP)</description>
    <platform>all</platform>
  </extension>
</addon>
