<?xml version="1.0" encoding="UTF-8" standalone="yes"?>
<addon id="plugin.video.btfactory" name="BT 工厂" version="0.3.17" provider-name="jackyspy">
  <requires>
    <import addon="script.module.xbmcswift2" version="2.4.0" optional="false"/>
    <import addon="script.module.elementtree"  version="1.2.7" optional="false"/>
    <import addon="script.module.beautifulsoup"  version="3.2.0" optional="false"/>
    <import addon="script.module.chardet" version="2.1.1" optional="false"/>
    <import addon="script.thunder.player"  version="0.1.10" optional="false"/>
    <import addon="script.module.keyboard.chinese"  version="1.2.8" optional="false"/>    
    <import addon="script.module.urlresolvercn"  version="0.0.1" optional="true"/>
    <import addon="script.module.urlresolver" version="2.0.9" optional="true"/>
  </requires>
  <extension point="xbmc.python.pluginsource" library="addon.py">
    <provides>video</provides>
  </extension>
  <extension point="xbmc.addon.metadata">
    <platform>all</platform>
    <language></language>
    <summary lang="en">BT Factory</summary>
    <summary lang="zh">BT 工厂</summary>
    <description lang="en">BT Factory</description>
    <description lang="zh">在线播放bt种子、磁力链。[CR]以目录形式管理本机bt种子和磁力链。[CR][Todo]增加一些bt种子搜索引擎。[CR]增加圣城家园、kat.ph、BTDigg等网站内容</description>    
  </extension>
</addon>
