<?xml version="1.0" encoding="UTF-8" standalone="yes"?>
<addon id="plugin.video.collective" name="The Collective" version="1.9.3" provider-name="Coolwave">
  <requires>
    <import addon="xbmc.python" version="2.0"/>
	<import addon="script.module.t0mm0.common" version="2.1.1"/>
	<import addon="script.module.metahandler" version="2.0.3"/>
  </requires>
  <extension point="xbmc.python.pluginsource" library="default.py">
        <provides>video</provides>
  </extension>
  <extension point="xbmc.addon.metadata">
    <summary lang="en">Streams videos from other addons</summary>
    <description lang="en">stream other addons links</description>
    <platform>all</platform>
  </extension>
</addon>
