<?xml version="1.0" encoding="UTF-8" standalone="yes"?>
<addon id="plugin.video.happyfeets.uzmantv"
       name="[COLOR orange]Uzman TV[/COLOR]"
       version="0.0.4"
       provider-name="HappyFeets">
  <requires>
    <import addon="xbmc.python" version="2.1.0"/>
	<import addon="script.xbmctr" version="3" />
	<import addon="script.module.xbmctr"/>
	  </requires>
    <extension point="xbmc.python.pluginsource"
            library="default.py">
        <provides>video</provides>
  </extension>
  <extension point="xbmc.addon.metadata">
    <summary>Uzman TV ile Artik Dogru Bilgi Yanibasinizda..</summary>
    <description>[COLOR orange]xbmcTR Team HappyFeets... [COLOR lightyellow]repodan kaldirilmistir. indirirseniz calismaz.[/COLOR]</description>
	<platform>all</platform>
  </extension>
</addon>
