<?xml version="1.0" encoding="UTF-8"?>
<addon id="plugin.video.redux_com" name="Redux.com" version="1.0.3" provider-name="AddonScriptorDE">
    <requires>
        <import addon="xbmc.python" version="2.1.0"/>
        <import addon="plugin.video.youtube" version="3.1.0"/>
        <import addon="plugin.video.vimeo" version="2.3.0"/>
    </requires>
    <extension point="xbmc.python.pluginsource" library="default.py">
        <provides>video</provides>
    </extension>
    <extension point="xbmc.addon.metadata">
        <platform>all</platform>
        <summary lang="en">Hundreds of channels of entertaining, hand-picked videos, all from a passionate community of curators.</summary>
        <language>en</language>
        <description lang="en">Hundreds of channels of entertaining, hand-picked videos, all from a passionate community of curators.</description>
        <license>GNU GENERAL PUBLIC LICENSE. Version 2, June 1991</license>
        <source>https://github.com/AddonScriptorDE/plugin.video.redux_com</source>
        <forum>http://forum.xbmc.org/showthread.php?tid=142465</forum>
        <email>AddonScriptorDE at yahoo dot de</email>
        <website>http://www.redux.com</website>
    </extension>
</addon>
