<?xml version="1.0" encoding="UTF-8" standalone="yes"?>
<addon id="plugin.audio.sverigesradio"
       name="Sveriges Radio"
       version="0.1.2"
       provider-name="Popeye, Daniel">
  <requires>
    <import addon="xbmc.python" version="2.1.0"/>
  </requires>
  <extension point="xbmc.python.pluginsource" library="default.py">
        <provides>audio</provides>
  </extension>
  <extension point="xbmc.addon.metadata">
    <platform>all</platform>
    <summary>Sveriges Radio</summary>
    <description>Listen to Sveriges Radio</description>
    <description lang="sv">Lyssna på Sveriges Radio</description>
    <disclaimer></disclaimer>
  </extension>
</addon>