<?xml version="1.0" encoding="UTF-8"?>
<addon
        id="plugin.video.onside.tv"
        version="2.2.0"
        name="Onside TV"
        provider-name="twinther">
    <requires>
        <import addon="xbmc.python" version="2.1.0"/>
        <import addon="script.module.buggalo" version="1.1.5"/>
        <import addon="script.module.pyamf" version="0.6.2"/>
    </requires>
    <extension point="xbmc.python.pluginsource" library="addon.py">
        <provides>video</provides>
    </extension>
    <extension point="xbmc.addon.metadata">
        <summary lang="en">Onside TV from Onside.dk</summary>
        <summary lang="da">Onside TV fra Onside.dk</summary>
        <description lang="en">Watch the greatest goals and interviews from Onside TV[CR][CR]If you have comments or suggestions for this addon, please feel free to participate in the debate on my blog at http://tommy.winther.nu</description>
        <description lang="da">Se de bedste mål og interviews fra Onside TV[CR][CR]Har du kommentarer, ris eller ros til denne addon er du velkommen til at deltage i debatten på min blog på http://tommy.winther.nu</description>
        <license>GPL 2.0</license>
        <platform>all</platform>
        <language>da</language>
        <email>tommy@winther.nu</email>
        <website>http://tommy.winther.nu</website>
        <source>https://github.com/xbmc-danish-addons/plugin.video.onside.tv</source>
    </extension>
</addon>
