<?xml version="1.0" encoding="UTF-8" standalone="yes"?>
<addon id="repository.xbmc-israel" name=".[COLOR blue]XBMC Israeli [/COLOR][COLOR white] Streaming Sites[/COLOR]" version="1.0.3" provider-name="cubicle-vdo shlomicthailand">
    <extension point="xbmc.addon.repository" name="XBMC Israeli streaming repo for streaming sites">
        <info compressed="false">http://bitbucket.org/xbmcisrael/xbmc-israel/raw/master/addons.xml</info>
        <checksum>http://bitbucket.org/xbmcisrael/xbmc-israel/raw/master/addons.xml.md5</checksum>
        <datadir zip="true">http://bitbucket.org/xbmcisrael/xbmc-israel/raw/master/repo</datadir>
    </extension>
    <extension point="xbmc.addon.metadata">
        <summary>XBMC Israeli Streaming Sites</summary>
        <description>Download and install addons for XBMC Israeli streaming repo for streaming sites</description>
        <platform>all</platform>
    </extension>
</addon>