<?xml version="1.0" encoding="utf-8"?>
<window id="3001">
	<!-- The following property allows TvTunes to keep playing when this window is displayed -->
	<onload condition="!IsEmpty(ListItem.TvShowTitle)">SetProperty("TvTunesSupported", "TvShows")</onload>
	<onload condition="IsEmpty(ListItem.TvShowTitle)">SetProperty("TvTunesSupported", "Movies")</onload>
	<onload condition="Skin.HasSetting(ActivateTvTunes) + System.HasAddon(script.tvtunes)">XBMC.RunScript(script.tvtunes,backend=True)</onload>
	<defaultcontrol always="true">51</defaultcontrol>
	<allowoverlay>yes</allowoverlay>
	<controls>
		<!-- include: CommonBackground -->
		<control type="image">
			<posx>0</posx>
			<posy>0</posy>
			<width>1280</width>
			<height>720</height>
			<aspectratio>scale</aspectratio>
			<texture background="true">$INFO[ListItem.Art(fanart)]</texture>
			<visible>!Skin.HasSetting(HideBackGroundFanart) + !IsEmpty(ListItem.Property(Fanart_Image))</visible>
			<!-- include: Window_OpenClose_Animation -->		
			<animation effect="fade" time="250">WindowOpen</animation>
			<animation effect="fade" time="250">WindowClose</animation>
		</control>

		<control type="group">
			<!-- include: Window_OpenClose_Animation -->		
			<animation effect="fade" time="250">WindowOpen</animation>
			<animation effect="fade" time="250">WindowClose</animation>
		</control>
		<!-- include: CommonPageCount -->
		<control type="group">
			<animation effect="slide" start="0,0" end="-90,0" time="0" condition="system.getbool(input.enablemouse)">Conditional</animation>
			<control type="label">
				<description>Page Count Label</description>
				<posx>40r</posx>
				<posy>53r</posy>
				<width>500</width>
				<height>20</height>
				<font>font12</font>
				<textcolor>FFb4b4b4</textcolor>
				<scroll>false</scroll>
				<align>right</align>
				<aligny>center</aligny>
				<label>$INFO[Container.NumItems,([COLOR=FF0084ff],[/COLOR]) $LOCALIZE[31025]]$INFO[Container.CurrentPage, - $LOCALIZE[31024] ([COLOR=FF0084ff]]$INFO[Container.NumPages,/,[/COLOR])]</label>
				<!-- include: Window_OpenClose_Animation -->		
				<animation effect="fade" time="250">WindowOpen</animation>
				<animation effect="fade" time="250">WindowClose</animation>
			</control>
		</control>

		<!-- include: ContentPanelBackgrounds -->
		<control type="group">
			<!-- include: Window_OpenClose_Animation -->		
			<animation effect="fade" time="250">WindowOpen</animation>
			<animation effect="fade" time="250">WindowClose</animation>
			<control type="group">
				<!-- include: VisibleFadeEffect -->
				<animation effect="fade" time="300">Visible</animation>
				<animation effect="fade" time="300">Hidden</animation>
				<control type="image">
					<posx>75</posx>
					<posy>60</posy>
					<width>1130</width>
					<height>600</height>
					<texture border="15">ContentPanel.png</texture>
				</control>
			</control>
		</control>

		<control type="grouplist">
			<description>Section header Test Label: "Extras - Title"</description>
			<posx>65</posx>
			<posy>5</posy>
			<width>1000</width>
			<height>30</height>
			<orientation>horizontal</orientation>
			<align>left</align>
			<itemgap>5</itemgap>
			<control type="label">
				<!-- include: WindowTitleCommons -->
				<posx>0</posx>
				<posy>0</posy>
				<width min="0" max="800">auto</width>
				<height>30</height>
				<font>font14</font>
				<textcolor>FFFFFFFF</textcolor>
				<shadowcolor>FF000000</shadowcolor>
				<scroll>false</scroll>
				<align>left</align>
				<aligny>center</aligny>
				<label>$ADDON[script.videoextras 32001]</label>
			</control>
			<control type="label" id="321">
				<!-- include: WindowTitleCommons -->
				<posx>0</posx>
				<posy>0</posy>
				<width min="0" max="800">auto</width>
				<height>30</height>
				<font>font14</font>
				<textcolor>FFFFFFFF</textcolor>
				<shadowcolor>FF000000</shadowcolor>
				<scroll>false</scroll>
				<align>left</align>
				<aligny>center</aligny>
				<visible>!IsEmpty(ListItem.Title)</visible>
				<label>[COLOR=FF0084ff] - [/COLOR] $INFO[ListItem.Title]</label>
			</control>
		</control>
		<control type="group">
			<!-- include: VisibleFadeEffect -->
			<animation effect="fade" time="300">Visible</animation>
			<animation effect="fade" time="300">Hidden</animation>
			<control type="list" id="51">
				<posx>95</posx>
				<posy>78</posy>
				<width>1080</width>
				<height>561</height>
				<onleft>60</onleft>
				<onright>60</onright>
				<onup>51</onup>
				<ondown>51</ondown>
				<viewtype label="537">list</viewtype>
				<pagecontrol>60</pagecontrol>
				<scrolltime>200</scrolltime>
				<itemlayout height="40" width="1080">
					<control type="image">
						<posx>10</posx>
						<posy>4</posy>
						<width>40</width>
						<height>32</height>
						<texture background="true">$INFO[ListItem.Icon]</texture>
					</control>
					<control type="label">
						<posx>60</posx>
						<posy>0</posy>
						<width>950</width>
						<height>40</height>
						<font>font13</font>
						<textcolor>FF999999</textcolor>
						<selectedcolor>FFEB9E17</selectedcolor>
						<align>left</align>
						<aligny>center</aligny>
						<label>$INFO[ListItem.Label]</label>
					</control>
					<control type="label">
						<posx>950</posx>
						<posy>0</posy>
						<width>100</width>
						<height>40</height>
						<font>font13</font>
						<textcolor>FF999999</textcolor>
						<selectedcolor>FFEB9E17</selectedcolor>
						<align>right</align>
						<aligny>center</aligny>
						<visible>!IsEmpty(ListItem.Label2)</visible>
						<label>$INFO[ListItem.Label2]</label>
					</control>
					<control type="image">
						<posx>1050</posx>
						<posy>14</posy>
						<width>16</width>
						<height>16</height>
						<texture>OverlayWatching.png</texture>
						<visible>ListItem.IsResumable</visible>
					</control>
					<control type="image">
						<posx>1050</posx>
						<posy>14</posy>
						<width>20</width>
						<height>20</height>
						<!-- Default XBMC Icon -->
						<texture>OverlayWatched.png</texture>
						<visible>IntegerGreaterThan(ListItem.PlayCount,0)</visible>
					</control>
				</itemlayout>
				<focusedlayout height="40" width="1080">
					<control type="image">
						<posx>10</posx>
						<posy>4</posy>
						<width>40</width>
						<height>32</height>
						<texture background="true">$INFO[ListItem.Icon]</texture>
					</control>
					<control type="label">
						<posx>60</posx>
						<posy>0</posy>
						<width>950</width>
						<height>40</height>
						<font>font13</font>
						<textcolor>FFFFFFFF</textcolor>
						<selectedcolor>FFEB9E17</selectedcolor>
						<align>left</align>
						<aligny>center</aligny>
						<label>$INFO[ListItem.Label]</label>
					</control>
					<control type="label">
						<posx>950</posx>
						<posy>0</posy>
						<width>100</width>
						<height>40</height>
						<font>font13</font>
						<textcolor>FFFFFFFF</textcolor>
						<selectedcolor>FFEB9E17</selectedcolor>
						<align>right</align>
						<aligny>center</aligny>
						<visible>!IsEmpty(ListItem.Label2)</visible>
						<label>$INFO[ListItem.Label2]</label>
					</control>
					<control type="image">
						<posx>1050</posx>
						<posy>14</posy>
						<width>16</width>
						<height>16</height>
						<texture>OverlayWatching.png</texture>
						<visible>ListItem.IsResumable</visible>
					</control>
					<control type="image">
						<posx>1050</posx>
						<posy>14</posy>
						<width>20</width>
						<height>20</height>
						<!-- Default XBMC Icon -->
						<texture>OverlayWatched.png</texture>
						<visible>IntegerGreaterThan(ListItem.PlayCount,0)</visible>
					</control>
				</focusedlayout>
			</control>
			<control type="scrollbar" id="60">
				<posx>1170</posx>
				<posy>80</posy>
				<width>25</width>
				<height>550</height>
				<texturesliderbar border="0,14,0,14">ScrollBarV_bar.png</texturesliderbar>
				<texturesliderbarfocus border="0,14,0,14">ScrollBarV_bar.png</texturesliderbarfocus>
				<onleft>51</onleft>
				<onright>51</onright>
				<showonepage>false</showonepage>
				<orientation>vertical</orientation>
				<visible>Control.IsVisible(51)</visible>
			</control>
		</control>
	</controls>
</window>
