<?xml version="1.0" encoding="UTF-8"?>
<addon id="plugin.video.southpark_de" name="SouthPark.de" version="1.0.5" provider-name="AddonScriptorDE">
    <requires>
        <import addon="xbmc.python" version="2.1.0"/>
    </requires>
    <extension point="xbmc.python.pluginsource" library="default.py">
        <provides>video</provides>
    </extension>
    <extension point="xbmc.addon.metadata">
        <platform>all</platform>
        <summary lang="de">South Park Folgen auf deutsch und englisch gucken</summary>
        <summary lang="en">Watch german and english South Park episodes</summary>
        <language>de en</language>
        <description lang="de">South Park Folgen auf deutsch und englisch gucken</description>
        <description lang="en">Watch german and english South Park episodes</description>
        <disclaimer lang="en">Some parts of this addon may not be legal in your country of residence - please check with your local laws before installing.</disclaimer>
        <license>GNU GENERAL PUBLIC LICENSE. Version 2, June 1991</license>
        <source>https://github.com/AddonScriptorDE/plugin.video.southpark_de</source>
        <forum>http://forum.xbmc.org/showthread.php?tid=132563</forum>
        <email>AddonScriptorDE at yahoo dot de</email>
        <website>http://www.southpark.de</website>
    </extension>
</addon>
