<?xml version="1.0" encoding="UTF-8"?>
<scraper framework="1.1" date="2010-07-08">

	<NfoUrl dest="3">
		<!-- Match new link style (http://www.mymovies.it/film/<year>/<film_name>/) -->
		<RegExp input="$$1" output="&lt;url&gt;http://\1&lt;/url&gt;&lt;id&gt;\1&lt;/id&gt;" dest="3">
			<expression noclean="1">(www\.mymovies\.it/film/[0-9]{4}/[^/]+/)</expression>
		</RegExp>
		<!-- Match OLD link style (www.mymovies.it/dizionario/recensione.asp?id=[0-9]) -->
		<RegExp input="$$1" output="&lt;url&gt;http://\1&lt;/url&gt;&lt;id&gt;\1&lt;/id&gt;" dest="3">
			<expression noclean="1">(www\.mymovies\.it/dizionario/recensione\.asp\?id=[0-9]+)</expression>
		</RegExp>
	</NfoUrl>

	<CreateSearchUrl dest="3">
		<RegExp conditional="google" input="$$1" output="&lt;url&gt;http://www.google.it/search?q=\1$$4+site:mymovies.it|User-Agent=Mozilla/5.0 (X11; Linux x86_64; rv:7.0.1) Gecko/20100101 Firefox/7.0.1&lt;/url&gt;" dest="3">
			<!-- Add film year, stored in $$2 for default by xbmc -->
			<RegExp input="$$2" output="%20(\1)" dest="4">
				<expression clear="yes">(.+)</expression>
			</RegExp>
			<expression noclean="1" />
		</RegExp>
		<RegExp conditional="!google" input="$$1" output="&lt;url&gt;http://www.mymovies.it/database/ricerca/avanzata/?titolo=\1&amp;anno_prod=$$4&amp;submit=Inizia+ricerca+%BB|User-Agent=Mozilla/5.0 (X11; Linux x86_64; rv:7.0.1) Gecko/20100101 Firefox/7.0.1&lt;/url&gt;" dest="3">
			<!-- Add film year, stored in $$2 for default by xbmc -->
			<RegExp input="$$2" output="\1" dest="4">
				<expression clear="yes">(.+)</expression>
			</RegExp>
			<expression noclean="1" />
		</RegExp>
	</CreateSearchUrl>

	<GetSearchResults dest="8">
		<RegExp conditional="google" input="$$5" output="&lt;?xml version=&quot;1.0&quot; encoding=&quot;UTF-8&quot; standalone=&quot;yes&quot;?&gt;&lt;results&gt;\1&lt;/results&gt;" dest="8">
			<!-- Add new link style to Search result (http://www.mymovies.it/film/<year>/<film_name>/) -->
			<RegExp input="$$1" output="&lt;entity&gt;&lt;title&gt;\3 (\2)&lt;/title&gt;&lt;url cache=&quot;main.html&quot;&gt;\1&lt;/url&gt;&lt;id&gt;\1&lt;/id&gt;&lt;/entity&gt;" dest="5">
				<expression repeat="yes" cs="true">&lt;h3 class=&quot;r&quot;&gt;&lt;a href=&quot;(http://www\.mymovies\.it/film/([0-9]{4})/[^/]+/)&quot; [^&gt;]+&gt;(.+?)(?: +- +MYmovies)?(?: +\| +MYmovies)?&lt;/a&gt;&lt;/h3&gt;</expression>
			</RegExp>
			<!-- Add OLD link style to Search result (www.mymovies.it/dizionario/recensione.asp?id=[0-9]) -->
			<RegExp input="$$1" output="&lt;entity&gt;&lt;title&gt;\2 \3&lt;/title&gt;&lt;url cache=&quot;main.html&quot;&gt;\1&lt;/url&gt;&lt;id&gt;\1&lt;/id&gt;&lt;/entity&gt;" dest="5+">
				<expression repeat="yes" cs="true">&lt;h3 class=&quot;r&quot;&gt;&lt;a href=&quot;(http://www\.mymovies\.it/dizionario/recensione\.asp\?id=[^&quot;]+)&quot; [^&gt;]+&gt;(.+?)(?: +- +MYmovies)?(?: +\| +MYmovies)?&lt;/a&gt;&lt;/h3&gt;</expression>
			</RegExp>
			<expression noclean="1" />
		</RegExp>
		<RegExp conditional="!google" input="$$5" output="&lt;?xml version=&quot;1.0&quot; encoding=&quot;UTF-8&quot; standalone=&quot;yes&quot;?&gt;&lt;results&gt;\1&lt;/results&gt;" dest="8">
			<!-- Add new link style to Search result (http://www.mymovies.it/film/<year>/<film_name>/) -->
			<RegExp input="$$1" output="&lt;entity&gt;&lt;title&gt;\2&lt;/title&gt;&lt;url cache=&quot;main.html&quot;&gt;\1&lt;/url&gt;&lt;id&gt;\1&lt;/id&gt;&lt;/entity&gt;" dest="5">
				<expression repeat="yes" cs="true">&lt;h2&gt;[^&lt;]*&lt;a href=&quot;(http://www\.mymovies\.it/film/([0-9]{4})/[^/]+/)&quot; [^&gt;]+&gt;([^&lt;]+)&lt;/a&gt;[^&lt;]*&lt;/h2&gt;</expression>
			</RegExp>
			<!-- Add OLD link style to Search result (www.mymovies.it/dizionario/recensione.asp?id=[0-9]) -->
			<RegExp input="$$1" output="&lt;entity&gt;&lt;title&gt;\2&lt;/title&gt;&lt;url cache=&quot;main.html&quot;&gt;\1&lt;/url&gt;&lt;id&gt;\1&lt;/id&gt;&lt;/entity&gt;" dest="5+">
				<expression repeat="yes" cs="true">&lt;h2&gt;[^&lt;]*&lt;a href=&quot;(http://www\.mymovies\.it/dizionario/recensione\.asp\?id=[^&quot;]+)&quot; [^&gt;]+&gt;([^&lt;]+)&lt;/a&gt;[^&lt;]*&lt;/h2&gt;</expression>
			</RegExp>
			<expression noclean="1" />
		</RegExp>
	</GetSearchResults>

	<GetDetails dest="3">
		<RegExp input="$$5" output="&lt;details&gt;\1&lt;/details&gt;" dest="3">

			<!-- Title, Year -->
			<RegExp input="$$1" output="&lt;title&gt;\1&lt;/title&gt;&lt;year&gt;\2&lt;/year&gt;" dest="5">
				<expression noclean="1,2">&lt;meta property=&quot;og:title&quot; content=&quot;([^\(|\|]+)\(([0-9]+)\)</expression>
			</RegExp>

			<!-- Genre -->
			<RegExp input="$$1" output="&lt;genre&gt;\2&lt;/genre&gt;" dest="5+">
				<!-- buffer 1 is needed only for match, not used -->
				<expression noclean="1">&lt;a title=&quot;Film ([^&quot;]+)&quot; href=&quot;http://www.mymovies.it/film/\1/&quot;&gt;([^&lt;]+)</expression>
			</RegExp>

			<!-- Runtime -->
			<RegExp input="$$1" output="&lt;runtime&gt;\1&lt;/runtime&gt;" dest="5+">
				<expression noclean="1">durata ([0-9]+) min\.</expression>
			</RegExp>

			<!-- Director(s) -->
			<RegExp input="$$1" output="\1" dest="4">
				<expression cs="true">&lt;meta name=&quot;description&quot; content=&quot;Un film di (.+?) con</expression>
			</RegExp>
			<RegExp input="$$4" output="&lt;director&gt;\1&lt;/director&gt;" dest="5+">
				<!-- separe each director -->
				<expression repeat="yes" noclean="1">[ ]?([^\.^,]+)[\.,]?</expression>
			</RegExp>

			<!-- Writer(s) -->
			<RegExp input="$$1" output="&lt;url cache=&quot;fullcredits.html&quot; function=&quot;GetMovieWriters&quot;&gt;\1&lt;/url&gt;" dest="5+">
				<expression noclean="1">&lt;td class=&quot;rec_link_disattivo&quot;&gt;&lt;a title=&quot;Cast [^&quot;]+&quot; href=&quot;([^&quot;]+)&quot;&gt;Cast&lt;/a&gt;&lt;/td&gt;</expression>
			</RegExp>

			<!-- Tagline -->
			<RegExp input="$$1" output="&lt;tagline&gt;\1&lt;/tagline&gt;" dest="5+">
				<expression trim="1">&lt;strong class=&quot;rec_lancio&quot; &gt;(.+?)&lt;/strong&gt;</expression>
			</RegExp>

			<!-- Get Average Rating -->
			<RegExp conditional="!imdb" input="$$6" output="\1" dest="5+">
	            <RegExp input="$$1" output="\1.\2" dest="6">
	                <expression noclean="1" clear="yes">&lt;span class=&quot;rating&quot;&gt;([0-9]),([0-9]{1,2})&lt;/span&gt;</expression>
	            </RegExp>
				<!-- Convert to 10eseimi -->
	            <RegExp conditional="rating_ten" input="$$6" output="&lt;rating max=&quot;5&quot;&gt;\1&lt;/rating&gt;" dest="6">				
	                <expression noclean="1" />
	            </RegExp>
				<!-- Not convert -->
				<RegExp conditional="!rating_ten" input="$$6" output="&lt;rating&gt;\1&lt;/rating&gt;" dest="6">               
	                <expression noclean="1" />
	            </RegExp>
	            <expression noclean="1" />
			</RegExp> 
			
			<!-- Others Rating -->
			<RegExp conditional="other_rating" input="$$8" output="&lt;outline&gt;\1&lt;/outline&gt;" dest="5+">
				<!-- Dizionari -->
				<RegExp input="$$1" output="Dizionari: \1/5" dest="8">
					<expression clear="yes" noclean="1,2">&lt;td style=&quot;letter-spacing:1px;&quot;[^&gt;]+&gt;[^;]+;dizionari&lt;/td&gt;[^0-9]+([0-9,]+) stelle</expression>
				</RegExp>
				<!-- String separetor -->
				<RegExp input="$$8" output=" - " dest="8+">
					<expression>Dizionari</expression>
				</RegExp>
				<!-- Critica -->
				<RegExp input="$$1" output="Critica: \1/5" dest="8+">
					<expression noclean="1,2">&lt;td style=&quot;letter-spacing:1px;&quot;[^&gt;]+&gt;[^;]+;critica&lt;/td&gt;[^0-9]+([0-9,]+) stelle</expression>
				</RegExp>
				<!-- String separetor -->
				<RegExp input="$$8" output=" - " dest="8+">
					<expression>Critica</expression>
				</RegExp>
				<!-- Pubblico -->
				<RegExp input="$$1" output="Pubblico: \1/5" dest="8+">
					<expression noclean="1,2">&lt;td style=&quot;letter-spacing:1px;&quot;[^&gt;]+&gt;[^;]+;pubblico&lt;/td&gt;[^0-9]+([0-9,]+) stelle</expression>
				</RegExp>
				<expression noclean="1" />
			</RegExp>

			<!-- Cast -->
			<RegExp conditional="!fullcredits" input="$$1" output="&lt;url cache=&quot;fullcredits.html&quot; function=&quot;GetMovieCast&quot;&gt;\1&lt;/url&gt;" dest="5+">
				<expression noclean="1">&lt;td class=&quot;rec_link_disattivo&quot;&gt;&lt;a title=&quot;Cast [^&quot;]+&quot; href=&quot;([^&quot;]+)&quot;&gt;Cast&lt;/a&gt;&lt;/td&gt;</expression>
			</RegExp>
			<!-- else Full Cast -->
			<RegExp conditional="fullcredits" input="$$1" output="&lt;url cache=&quot;fullcredits.html&quot; function=&quot;GetMovieFullCast&quot;&gt;\1&lt;/url&gt;" dest="5+">
				<expression noclean="1">&lt;td class=&quot;rec_link_disattivo&quot;&gt;&lt;a title=&quot;Cast [^&quot;]+&quot; href=&quot;([^&quot;]+)&quot;&gt;Cast&lt;/a&gt;&lt;/td&gt;</expression>
			</RegExp>

			<!-- Thumbs -->
			<!-- Low res thumb get from first (scheda) film page -->
			<RegExp conditional="!thumbs" input="$$1" output="&lt;thumb&gt;\1&lt;/thumb&gt;" dest="5+">
				<expression cs="true" noclean="1">&lt;img(?:.*?)style=&quot;[^&quot;]+&quot; src=&quot;([^&quot;]+)&quot; width=&quot;150px&quot; alt=&quot;Locandina</expression>
			</RegExp>

			<!-- Get all film thumbs -->
            <RegExp conditional="thumbs" input="$$8" output="\1" dest="5+">
                <!-- Get Always low res on main page -->
                <RegExp input="$$1" output="&lt;thumb&gt;\1&lt;/thumb&gt;" dest="8">
                    <expression cs="true" noclean="1">&lt;img(?:.*?)style=&quot;[^&quot;]+&quot; src=&quot;([^&quot;]+)&quot; width=&quot;150px&quot; alt=&quot;Locandina</expression>
                </RegExp>
                <!-- Check Poster page existence...if exist overwrite poster in low res-->
                <RegExp input="$$1" output="&lt;url function=&quot;GetMovieThumbs&quot;&gt;\1&lt;/url&gt;" dest="8">
                    <expression noclean="1">&lt;td class=&quot;rec_link_disattivo&quot;&gt;&lt;a title=&quot;Poster [^&quot;]+&quot; href=&quot;([^&quot;]+)&quot;&gt;Poster&lt;/a&gt;&lt;/td&gt;</expression>
                </RegExp>
                <expression noclean="1" />
            </RegExp>

			<!-- Trailer -->
			<RegExp conditional="trailer" input="$$1" output="&lt;url function=&quot;GetMovieTrailer&quot;&gt;\1&lt;/url&gt;" dest="5+">
				<expression noclean="1">&lt;td class=&quot;rec_link_disattivo&quot;&gt;&lt;a title=&quot;Trailer [^&quot;]+&quot; href=&quot;([^&quot;]+)&quot;&gt;Trailer&lt;/a&gt;&lt;/td&gt;</expression>
			</RegExp>
			
			<!-- Original title -->
			<RegExp input="$$3" output="&lt;originaltitle&gt;\1&lt;/originaltitle&gt;" dest="5+">
				<!-- Italian film title (get before) -->
				<RegExp input="$$5" output="\1" dest="4">
					<expression noclean="1">&lt;title&gt;([^&lt;]+)&lt;/title&gt;</expression>
				</RegExp>
                <!-- Italian title + (year) for search (aka imdb) -->
                <RegExp input="$$5" output="&lt;titleyear4search&gt;$$4 (\1)&lt;/titleyear4search&gt;" dest="5+">
                    <expression>&lt;year&gt;([^&lt;]+)&lt;/year&gt;</expression>
                </RegExp>

				<!-- Original film title: not always present -->
				<RegExp input="$$1" output="\1" dest="3">
					<expression cs="true" noclean="1" clear="yes">Titolo originale[^&gt;]+&gt;([^&lt;]+)&lt;</expression>
				</RegExp>
				
				<!-- Create tag "originaltitleforimdb" for future imdb search -->
				<!-- Test Original film title => if exist overwrite italian title ($4) -->
				<RegExp input="$$3" output="\1" dest="4">
					<expression>(.+)</expression>
				</RegExp>
				<!-- For better serach -->
				<!-- Get Film Date (get before) -->
				<RegExp input="$$5" output="$$4 (\1)" dest="4">
					<expression noclean="1">&lt;year&gt;([^&lt;]+)&lt;/year&gt;</expression>
				</RegExp>
				<!-- Url encoding -->
				<RegExp input="$$4" output="&lt;originaltitleforimdb&gt;\1&lt;/originaltitleforimdb&gt;" dest="5+">
					<expression encode="1" />
				</RegExp>
				<expression noclean="1" />
			</RegExp>
			
			<!--MPAA, studio, ratings... from IMDB -->
            <RegExp conditional="imdb" input="$$5" output="&lt;url cache=&quot;imdb-aka-result.html&quot; function=&quot;GetIMDBInfoByTitle&quot;&gt;http://akas.imdb.com/find?q=\1&amp;s=tt|accept-language=it-it&lt;/url&gt;" dest="5+">
                <expression encode="1">&lt;title&gt;([^&lt;]+)&lt;/title&gt;</expression>
            </RegExp>

			<!-- Tmdb Backdrops from IMDB -->
            <RegExp conditional="imdb" input="$$5" output="&lt;url cache=&quot;imdb-aka-result.html&quot; function=&quot;GetTMDBFanartByTitle&quot;&gt;http://akas.imdb.com/find?q=\1&amp;s=tt|accept-language=it-it&lt;/url&gt;" dest="5+">
                <expression encode="1">&lt;title&gt;([^&lt;]+)&lt;/title&gt;</expression>
            </RegExp>

            <!-- Plot: It is used for report many information... -->
            <!-- Custum function are used only for see all buffer -->
            <!-- I buffer della GetDetails non sono visibili alle funzioni custom e non risco a trovare un approccio differente per appendere informazioni al plot -->
            <RegExp input="$$1" output="&lt;url cache=&quot;main.html&quot; function=&quot;GetMoviePlot&quot;&gt;$$2&lt;/url&gt;" dest="5+">
                <expression />
            </RegExp>
 
             <!-- Plot: all that you want append... -->
            <RegExp conditional="critic" input="$$1" output="&lt;url function=&quot;GetMovieCritic&quot;&gt;\1&lt;/url&gt;" dest="5+">
                <expression noclean="1">&lt;td class=&quot;rec_link_disattivo&quot;&gt;&lt;a title=&quot;[^&quot;]+&quot; href=&quot;([^&quot;]+)&quot;&gt;Critica&lt;/a&gt;&lt;/td&gt;</expression>
            </RegExp>
            <RegExp conditional="public" input="$$1" output="&lt;url function=&quot;GetMoviePublic&quot;&gt;\1&lt;/url&gt;" dest="5+">
                <expression noclean="1">&lt;td class=&quot;rec_link_disattivo&quot;&gt;&lt;a title=&quot;[^&quot;]+&quot; href=&quot;([^&quot;]+)&quot;&gt;Pubblico&lt;/a&gt;&lt;/td&gt;</expression>
            </RegExp>
            <RegExp conditional="forum" input="$$1" output="&lt;url function=&quot;GetMovieForum&quot;&gt;\1&lt;/url&gt;" dest="5+">
                <expression noclean="1">&lt;td class=&quot;rec_link_disattivo&quot;&gt;&lt;a title=&quot;[^&quot;]+&quot; href=&quot;([^&quot;]+)&quot;&gt;Forum&lt;/a&gt;&lt;/td&gt;</expression>
            </RegExp>
            <RegExp conditional="frasi_celebri" input="$$1" output="&lt;url function=&quot;GetMovieFrasiCelebri&quot;&gt;\1&lt;/url&gt;" dest="5+">
                <expression noclean="1">&lt;td class=&quot;rec_link_disattivo&quot;&gt;&lt;a title=&quot;[^&quot;]+&quot; href=&quot;([^&quot;]+)&quot;&gt;Frasi&lt;/a&gt;&lt;/td&gt;</expression>
            </RegExp>

            <!-- Plot: ...concat all stuff at the end -->
            <RegExp output="&lt;chain function=&quot;AppendToPlot&quot;&gt;$$2&lt;/chain&gt;" dest="5+">
                <expression noclean="1" />
            </RegExp>
			
			<expression noclean="1" />
		</RegExp>
	</GetDetails>

	<GetMovieWriters dest="5">
		<RegExp input="$$2" output="&lt;details&gt;\1&lt;/details&gt;" dest="5">
			<RegExp input="$$1" output="&lt;credits&gt;\1&lt;/credits&gt;" dest="2">
				<expression repeat="yes" noclean="1">title=&quot; ?([^&quot;]+)&quot;&gt; ?\1&lt;/a&gt;[^&lt;]+&lt;div style=&quot;margin-top:3px; font-weight:bold;&quot;&gt;Soggetto&lt;/div&gt;</expression>
			</RegExp>
			<expression noclean="1" />
		</RegExp>
	</GetMovieWriters>
	
	<GetMovieTrailer dest="5">
		<RegExp input="$$1" output="&lt;details&gt;&lt;trailer&gt;\1&lt;/trailer&gt;&lt;/details&gt;" dest="5">
			<expression noclean="1">&quot;streams&quot;:[^&quot;]+&quot;file&quot;: &quot;([^&quot;]+)&quot;,</expression>
		</RegExp>
	</GetMovieTrailer>

	<GetMovieThumbs dest="5">
		<RegExp input="$$3" output="&lt;details&gt;\1&lt;/details&gt;" dest="5">
			<!-- Match only one big image (when alone img is always big) -->
			<RegExp input="$$1" output="&lt;thumb&gt;\1&lt;/thumb&gt;" dest="3">
				<expression noclean="1" clear="yes">&lt;img width=&quot;420&quot; style=&quot;margin-top:25px; margin-bottom:25px;&quot; title=&quot;[^&quot;]+&quot; alt=&quot;[^&quot;]+&quot; src=&quot;([^&quot;]+)&quot; /&gt;</expression>
			</RegExp>
			<!-- Match All img -->
			<RegExp conditional="!bigThumbs" input="$$1" output="&lt;thumb&gt;\1&lt;/thumb&gt;" dest="3+">
				<expression repeat="yes" noclean="1">&lt;img width=&quot;146&quot; style=&quot;margin-top:10px; margin-bottom:10px;&quot; title=&quot;[^&quot;]+&quot; alt=&quot;[^&quot;]+&quot; src=&quot;([^&quot;]+)&quot;</expression>
			</RegExp>
			<!-- Match (always) All img, but Big (hi-res) -->
			<!-- it's simple: just change src ../imgpgx.jpg to ../locandinapgx.jpg con x € [0-9] -->
			<RegExp conditional="bigThumbs" input="$$1" output="&lt;thumb&gt;\1locandina\2&lt;/thumb&gt;" dest="3+">
				<expression repeat="yes" noclean="1,2">&lt;img width=&quot;146&quot; style=&quot;margin-top:10px; margin-bottom:10px;&quot; title=&quot;[^&quot;]+&quot; alt=&quot;[^&quot;]+&quot; src=&quot;([^&quot;]+)imm([^&quot;]+)&quot;</expression>
			</RegExp>
			<expression noclean="1" />
		</RegExp>
	</GetMovieThumbs>

	<GetMovieCast dest="5">
		<RegExp input="$$2" output="&lt;details&gt;\1&lt;/details&gt;" dest="5">
			<RegExp input="$$1" output="&lt;actor&gt;&lt;name&gt;\1&lt;/name&gt;&lt;role&gt;\2&lt;/role&gt;&lt;/actor&gt;" dest="2">
				<expression repeat="yes" noclean="1">&lt;a href=&quot;http://www.mymovies.it/biografia/\?a=[0-9]+&quot; title=&quot;([^&quot;]+)&quot;&gt;\1&lt;/a&gt;[^&gt;]+&gt;([^&lt;]+)&lt;/div&gt;</expression>
			</RegExp>
			<expression noclean="1" />
		</RegExp>
	</GetMovieCast>

    <GetTMDBFanartByTitle dest="6">
        <RegExp input="$$5" output="&lt;details&gt;&lt;chain function=&quot;GetTMDBFanartByIdChain&quot;&gt;\1&lt;/chain&gt;&lt;/details&gt;" dest="6">
            <RegExp input="$$1" output="\1" dest="4">
                <expression noclean="1">&lt;table class=&quot;findList&quot;(.*?)&lt;/div</expression>
            </RegExp>
            <RegExp input="$$4" output="\1" dest="5">
                <expression noclean="1">&lt;td\sclass=&quot;result_text&quot;&gt;\s&lt;a\shref=&quot;/title/([t0-9]*)/</expression>
            </RegExp>
            <expression noclean="1" />
        </RegExp>
    </GetTMDBFanartByTitle>

    <GetIMDBInfoByTitle dest="6">
        <RegExp input="$$1" output="\1" dest="2">
            <expression noclean="1">&lt;table class=&quot;findList&quot;(.*?)&lt;/div</expression>
        </RegExp>
        <RegExp input="$$2" output="\1" dest="3">
            <expression noclean="1">&lt;td\sclass=&quot;result_text&quot;&gt;\s&lt;a\shref=&quot;/title/([t0-9]*)/</expression>
        </RegExp>
        <expression noclean="1" />

        <RegExp input="$$5" output="&lt;details&gt;\1&lt;/details&gt;" dest="6">
            <RegExp input="$$3" output="&lt;chain function=&quot;GetIMDBRatingById&quot;&gt;\1&lt;/chain&gt;" dest="5">
                <expression/>
            </RegExp>
            <RegExp input="$$3" output="&lt;chain function=&quot;GetIMDBCountryCert&quot;&gt;\1&lt;/chain&gt;" dest="5+">
                <expression/>
			</RegExp>
            <RegExp input="$$3" output="&lt;chain function=&quot;GetIMDBTOP250ById&quot;&gt;\1&lt;/chain&gt;" dest="5+">
				<expression />
			</RegExp>
            <RegExp input="$$3" output="&lt;chain function=&quot;GetIMDBStudioById&quot;&gt;\1&lt;/chain&gt;" dest="5+">
                <expression/>
			</RegExp>
            <RegExp input="$$3" output="&lt;chain function=&quot;GetIMDBCountryById&quot;&gt;\1&lt;/chain&gt;" dest="5+">
                <expression/>
			</RegExp>
            <expression noclean="1"/>
		</RegExp>
    </GetIMDBInfoByTitle>

	<GetMovieFullCast dest="5">
		<RegExp input="$$2" output="&lt;details&gt;\1&lt;/details&gt;" dest="5">

			<!-- Director(s) -->
			<RegExp conditional="viewDirector" input="$$3" output="\1" dest="2">
				<!-- Fake Actor for Section delimiter: Regia -->
				<RegExp conditional="fakeactor" output="&lt;actor&gt;&lt;name&gt;.Regia&lt;/name&gt;&lt;/actor&gt;" dest="3">
					<expression noclean="1" />
				</RegExp>
				<!-- Get Director(s) -->
				<RegExp input="$$1" output="&lt;actor&gt;&lt;thumb&gt;\1&lt;/thumb&gt;&lt;name&gt;\2&lt;/name&gt;&lt;role&gt;\3&lt;/role&gt;&lt;/actor&gt;" dest="3+">
					<expression repeat="yes" noclean="1">src=&quot;([^&quot;]+)&quot; alt=&quot;([^&quot;]+)&quot; /&gt;[^d]+div[^&quot;]+&quot;[^&lt;]+&lt;[^&quot;]+&quot;http://www.mymovies.it/biografia/\?r=[0-9]+&quot; title=&quot;\2&quot;&gt;\2&lt;/a&gt;[^&gt;]+&gt;([^&lt;]+)&lt;/div&gt;</expression>
				</RegExp>
				<expression noclean="1" />
			</RegExp>

			<!-- Actors -->
			<RegExp conditional="viewActors" input="$$4" output="\1" dest="2+">
				<!-- Fake Actor for Section delimiter: Cast artistico -->
				<RegExp conditional="fakeactor" output="&lt;actor&gt;&lt;name&gt;.Cast artistico&lt;/name&gt;&lt;/actor&gt;" dest="4">
					<expression noclean="1" />
				</RegExp>
				<!-- Get Actors -->
				<RegExp input="$$1" output="&lt;actor&gt;&lt;thumb&gt;\1&lt;/thumb&gt;&lt;name&gt;\2&lt;/name&gt;&lt;role&gt;\3&lt;/role&gt;&lt;/actor&gt;" dest="4+">
					<expression repeat="yes" noclean="1">src=&quot;([^&quot;]+)&quot; alt=&quot;([^&quot;]+)&quot; /&gt;[^d]+div[^&quot;]+&quot;[^&lt;]+&lt;[^&quot;]+&quot;http://www.mymovies.it/biografia/\?a=[0-9]+&quot; title=&quot;\2&quot;&gt;\2&lt;/a&gt;[^&gt;]+&gt;([^&lt;]+)&lt;/div&gt;</expression>
				</RegExp>
				<expression noclean="1" />
			</RegExp>

			<!-- Filmmakers -->
			<RegExp conditional="viewFilmmakers" input="$$5" output="\1" dest="2+">
				<!-- Fake Actor for Section delimiter: Filmmakers -->
				<RegExp conditional="fakeactor" output="&lt;actor&gt;&lt;name&gt;.Filmmakers&lt;/name&gt;&lt;/actor&gt;" dest="5">
					<expression noclean="1" />
				</RegExp>
				<!-- Get Filmmakers -->
				<RegExp input="$$1" output="&lt;actor&gt;&lt;thumb&gt;\1&lt;/thumb&gt;&lt;name&gt;\2&lt;/name&gt;&lt;role&gt;\3&lt;/role&gt;&lt;/actor&gt;" dest="5+">
					<expression repeat="yes" noclean="1">src=&quot;([^&quot;]+)&quot; alt=&quot;([^&quot;]+)&quot; /&gt;[^d]+div[^&quot;]+&quot;[^&lt;]+&lt;[^&quot;]+&quot;http://www.mymovies.it/biografia/\?s=[0-9]+&quot; title=&quot;\2&quot;&gt;\2&lt;/a&gt;[^&gt;]+&gt;([^&lt;]+)&lt;/div&gt;</expression>
				</RegExp>
				<expression noclean="1" />
			</RegExp>
			<expression noclean="1" />
		</RegExp>
	</GetMovieFullCast>

	<GetMoviePlot clearbuffers="no" dest="10">		
        <!-- Simple Trim left plot -->
        <RegExp input="$$4" output="\1" dest="10">
            <RegExp input="$$1" output="\1" dest="4">
                <!-- get plot and some pre html tags -->
                <expression clear="yes" trim="1">&lt;td rowspan=&quot;2&quot; valign=&quot;top&quot;&gt;(.+?)&lt;/p&gt;</expression>
            </RegExp>
            <expression noclean="1">[^a-z]*(.+)</expression>
        </RegExp>
        
	</GetMoviePlot>

	<GetMovieCritic clearbuffers="no" dest="11">
		<RegExp input="$$4" output="\n\n:: CRITICA ::\1" dest="11">
			<RegExp input="$$1" output="\n\n\1 - \2 (\3)\n\n\4" dest="4">
				<expression clear="yes" repeat="yes" noclean="1,2,3" trim="4">&lt;h2&gt;&lt;a href=&quot;[^&quot;]+&quot; title=&quot;([^&quot;]+)&quot;&gt;\1&lt;/a&gt;&lt;/h2&gt;[^&gt;]+&gt;[^a-z]+([^&lt;]+)&lt;em&gt;([^&lt;]+)&lt;/em&gt;[^=]+=[^&gt;]+&gt;[^a-z]+([^&lt;]+)</expression>
			</RegExp>
			<expression noclean="1" />
		</RegExp>
	</GetMovieCritic>

	<GetMoviePublic clearbuffers="no" dest="12">
		<RegExp input="$$4" output="\n\n:: PUBBLICO ::\1" dest="12">
			<RegExp input="$$1" output="\n\n\2 stelle - \1\n\n\3" dest="4">
				<expression clear="yes" repeat="yes" noclean="1,2" trim="3">&lt;strong&gt;&lt;a href=&quot;[^&quot;]+&quot;&gt;([^&lt;]+)&lt;/a&gt;&lt;/strong&gt;[^&lt;]+&lt;img style=&quot;margin-right:5px;&quot; src=&quot;[^&quot;]+&quot;[^0-9]+([0-9])(?:.+?)&lt;div id=&quot;parziale[0-9]+&quot; class=&quot;linkrosa&quot; style=&quot;color:\#333333; margin-right:10px; margin-bottom:10px;&quot;&gt;[^&gt;]+&gt;[^a-z]+([^&lt;]+)&lt;</expression>
			</RegExp>
			<expression noclean="1" />
		</RegExp>
	</GetMoviePublic>

	<GetMovieForum clearbuffers="no" dest="13">
		<RegExp input="$$4" output="\n\n:: FORUM ::\1" dest="13">
			<RegExp input="$$1" output="\n\n\2 stelle - \1\n\n\3" dest="4">
				<expression clear="yes" repeat="yes" noclean="1,2" trim="3">&lt;strong&gt;&lt;a href=&quot;[^&quot;]+&quot;&gt;([^&lt;]+)&lt;/a&gt;&lt;/strong&gt;[^&lt;]+&lt;img style=&quot;margin-right:5px;&quot; src=&quot;[^&quot;]+&quot;[^0-9]+([0-9])(?:.+?)&lt;div id=&quot;parziale[0-9]+&quot; class=&quot;linkrosa&quot; style=&quot;color:\#333333; margin-right:10px; margin-bottom:10px;&quot;&gt;[^&gt;]+&gt;[^a-z]+([^&lt;]+)&lt;</expression>
			</RegExp>
			<expression noclean="1" />
		</RegExp>
	</GetMovieForum>

	<GetMovieFrasiCelebri clearbuffers="no" dest="14">
		<RegExp input="$$4" output="\n\n:: FRASI CELEBRI ::\1" dest="14">
			<RegExp input="$$1" output="\n\n\1 (\2)\n\n\3" dest="4">
				<expression clear="yes" noclean="1" trim="3">&lt;td class=&quot;linkblu&quot; valign=&quot;top&quot; style=&quot;font-weight:bold; font-size:12px&quot;&gt;[^A-Z]+([^\(]+) \(([^\(]+)\)(?:.+?)&lt;strong class=&quot;rec_lancio&quot; &gt;(.+?)&lt;/strong&gt;</expression>
			</RegExp>
			<RegExp input="$$1" output="\n\n\1 (\2)\n\n\3" dest="4+">
				<expression repeat="yes" noclean="1" trim="1,3">&lt;td valign=&quot;top&quot; style=&quot;font-weight:bold; font-size:12px&quot;&gt;[^A-Z]+([^\(]+)\(([^\)]+)\)(?:.+?)&lt;td valign=&quot;top&quot; style=&quot;font-size:12px&quot;&gt;[^A-Za-z]+(.+?)&lt;/td&gt;</expression>
			</RegExp>
			<expression noclean="1" />
		</RegExp>
	</GetMovieFrasiCelebri>

	<AppendToPlot clearbuffers="no" dest="5">
		<RegExp input="$$10$$11$$12$$13$$14" output="&lt;details&gt;&lt;plot&gt;\1&lt;/plot&gt;&lt;/details&gt;" dest="5">
			<expression noclean="1" />
		</RegExp>
	</AppendToPlot>

</scraper>
