﻿<?xml version="1.0" encoding="UTF-8" standalone="yes"?>
<addon id="plugin.video.iqiyitv"
    name="爱奇艺TV"
    version="0.2.6"
    provider-name="jindaxia">
	<requires>
		<import addon="script.module.keyboard.chinese"  version="1.2.8"  optional="true"/>	
		<import addon="script.module.xbmcswift2" version="2.4.0" optional="false"/>
	</requires>
    <extension
        point="xbmc.python.pluginsource"
        library="default.py">
        <provides>video</provides>
    </extension>
    <extension point="xbmc.addon.metadata">
        <summary lang="en">爱奇艺TV</summary>
        <summary lang="zh">爱奇艺TV</summary>
        <description lang="en">爱奇艺TV</description>
        <description lang="zh">爱奇艺TV</description>
        <platform>all</platform>
    </extension>
</addon>