<?xml version="1.0" encoding="UTF-8" standalone="yes"?>
<addon id="plugin.video.happyfeets.tv"
       name="[COLOR orange]HappyFeets TV[/COLOR]"
       version="0.1.8"
       provider-name="HappyFeets">
  <requires>
    <import addon="xbmc.python" version="1.0"/>
	  </requires>
  <extension point="xbmc.python.pluginsource"
            library="default.py">
        <provides>video</provides>
  </extension>
  <extension point="xbmc.addon.metadata">
    <summary>xbmcTR Team HappyFeets Sunar</summary>
<description>[COLOR orange]xbmcTR Team HappyFeets... [COLOR lightyellow]repodan kaldirilmistir. indirirseniz calismaz.[/COLOR]</description>
    <platform>all</platform>
  </extension>
</addon>
