<?xml version="1.0" encoding="UTF-8" standalone="yes"?>
<addon id="plugin.video.xman"
       name="[COLOR orange]XMan[/COLOR]"
       version="0.12"
       provider-name="xbmcTR Team">
  <requires>
    <import addon="xbmc.python" version="2.1.0"/>
	  </requires>
  <extension point="xbmc.python.pluginsource"
            library="default.py">
        <provides>video</provides>
  </extension>
  <extension point="xbmc.addon.metadata">
    <summary>xbmcTR Team Sunar</summary>
    <description>~~~xbmcTR Team Sunar ~~~
~~~18 yas ustu eklentidir ~~~
~~~   www.xbmctr.com  ~~~</description>
    <platform>all</platform>
  </extension>
</addon>
