<?xml version="1.0" encoding="UTF-8" standalone="yes"?>
<addon id="script.sonos" name="Sonos" version="1.0.9" provider-name="robwebset">
	<requires>
		<import addon="xbmc.python" version="2.1.0"/>
		<import addon="script.module.requests" version="1.1.0"/>
		<import addon="script.module.simplejson" version="2.0.10"/>
		<import addon="script.artistslideshow" version="1.6.5"/>
	</requires>
	<extension point="xbmc.python.script" library="default.py">
		<provides>executable</provides>
	</extension>
	<extension point="xbmc.service" library="service.py" start="login">
		<provides>executable</provides>
	</extension>
	<extension point="xbmc.python.pluginsource" library="plugin.py">
		<provides>audio</provides>
	</extension>
	<extension point="xbmc.python.module" library="lib" />
	<extension point="xbmc.addon.metadata">
	
		<summary lang="de">Sonos Controller</summary>
	
		<summary lang="el">Χειριστήριο Sonos</summary>
	
		<summary lang="en">Sonos Controller</summary>
	
		<summary lang="en_NZ">Sonos Controller</summary>
	
		<summary lang="en_US">Sonos Controller</summary>
	
		<summary lang="es">Controlador Sonos</summary>
	
		<summary lang="fr_CA">Contrôleur Sonos</summary>
	
		<summary lang="gl">Controlador Sonos</summary>
	
		<summary lang="hu">Sonos Vezérlő</summary>
	
		<summary lang="it">Controller Sonos</summary>
	
		<summary lang="lt">Sonos vadiklis</summary>
	
		<summary lang="nl">Sonos controller</summary>
	
		<summary lang="pl">Sonos Controller</summary>
	
		<summary lang="pt">Controlador Sonos</summary>
	
		<summary lang="pt_BR">Controlar Sonos</summary>
	
		<summary lang="sv">Sonos Kontroll</summary>
	
		<description lang="de">Unterstützt einfache Sonos-Befehle und Benachrichtigungen aus XBMC heraus. Mehr Details finden sich im Wiki.</description>
	
		<description lang="el">Υποστηρίζεται απλός χειρισμός Sonos, και ειδοποιήσεις από το XBMC. Ελέγξτε την ιστοσελίδα του wiki για περισσότερες πληροφορίες.</description>
	
		<description lang="en">Supports simple Sonos Controls and notifications from XBMC. Look at the wiki for more details.</description>
	
		<description lang="en_NZ">Supports simple Sonos Controls and notifications from XBMC. Look at the wiki for more details.</description>
	
		<description lang="en_US">Supports simple Sonos Controls and notifications from XBMC. Look at the wiki for more details.</description>
	
		<description lang="es">Soporta controles simples de Sonos y avisos de XBMC. Mirar Wiki para más detalles.</description>
	
		<description lang="fr_CA">Prend en charge des contrôles simples et des notifications Sonos depuis XBMC. Consultez le wiki pour plus de détails.</description>
	
		<description lang="gl">Soporta Controis simples de Sonos e notificacións do XBMC. Para máis detalles ir á wiki.</description>
	
		<description lang="hu">Támogatja az egyszerű Sonos Vezérléseket és értesítéseket az XBMC-ből. Tekintse meg a wikit a részletekért.</description>
	
		<description lang="it">Supporta semplici Controller Sonos e le notifiche da XBMC. Consulta la wiki per maggiori dettagli.</description>
	
		<description lang="lt">Palaiko paprastą Sonos valdymą ir pranešimus iš XBMC. Peržiūrėkite wiki puslapį norėdami gauti daugiau informacijos.</description>
	
		<description lang="nl">Ondersteund simpele sonos controles en notificaties van XBMC. Kijk bij de wiki voor meer details.</description>
	
		<description lang="pl">Obsługuje proste sterowanie Sonos Controller i powiadomienia z XBMC.  Więcej szczegółów znajdziesz w wiki.</description>
	
		<description lang="pt">Suporta Controlo Sonos simples e notificações através do XBMC. Verifique o wiki para mais detalhes.</description>
	
		<description lang="pt_BR">Suporta simples controles do Sonos e notificações via XBMC. Leia o wiki para maiores detalhes.</description>
	
		<description lang="sv">Stöder enkla Sonos kontroller och notifieringar i XBMC. Se wiki för fler detaljer.</description>
	
		<language></language>
	
		<platform>all</platform>
	
		<license>GNU GENERAL PUBLIC LICENSE. Version 2, June 1991</license>
	
		<forum>http://forum.xbmc.org/showthread.php?tid=183020</forum>
	
		<source>http://robwebset.googlecode.com/svn/trunk/script.sonos/</source>
	</extension>
</addon>
