<?xml version="1.0" encoding="UTF-8"?>
<addon id="plugin.video.mpora_com" name="Mpora.com" version="2.0.5" provider-name="AddonScriptorDE">
    <requires>
        <import addon="xbmc.python" version="2.1.0"/>
    </requires>
    <extension point="xbmc.python.pluginsource" library="default.py">
        <provides>video</provides>
    </extension>
    <extension point="xbmc.addon.metadata">
        <platform>all</platform>
        <summary lang="en">MPORA - Action Sports Network (Snowboarding, Surfing, Skateboarding, BMX, BMX Racing, Mountain Biking, Motocross, Skiing, Wakeboarding, Windsurfing, Kitesurfing, Road Cycling, Outdoor)</summary>
        <language>en</language>
        <description lang="en">MPORA - Action Sports Network (Snowboarding, Surfing, Skateboarding, BMX, BMX Racing, Mountain Biking, Motocross, Skiing, Wakeboarding, Windsurfing, Kitesurfing, Road Cycling, Outdoor)</description>
        <website></website>
        <source>https://github.com/AddonScriptorDE/plugin.video.mpora_com</source>
        <forum>http://forum.xbmc.org/showthread.php?tid=135470</forum>
        <email>AddonScriptorDE at yahoo dot de</email>
    </extension>
</addon>
