<?xml version="1.0" encoding="UTF-8" standalone="yes"?>
<addon id="plugin.video.AWEsomeDL"
       name="AWEsomeDL @[COLOR blue]XBMCHUB.COM[/COLOR]"
       version="2.0.4"
       provider-name="Jas0npc">
  <requires>
        <import addon="xbmc.python" version="2.0"/>
        <import addon="script.module.urlresolver" version="1.0.3"/>
        <import addon="script.module.t0mm0.common" version="1.1.0"/>
		<import addon="script.module.metahandler" version="1.0.1"/>
		<import addon="script.module.beautifulsoup"/>
  </requires>
  <extension point="xbmc.python.pluginsource"
            library="default.py">
        <provides>video</provides>
  </extension>
  <extension point="xbmc.addon.metadata">
    <summary lang="en">AWEsomeDL</summary>
    <description lang="en">AWEsomeDL.....Official Support....XBMCHUB.COM. BIG THANKS TO ALL WHOS HELPED, Vin, Mikey1234,Eldorado, UmOuch,MScreations, My thanks go to [B]ANILKUJ[/B] for creating this addon.</description>
    <platform>all</platform>
  </extension>
</addon>
