<window type="window">
    <defaultcontrol>820</defaultcontrol>
    <coordinates>
        <system>1</system>
        <posx>0</posx>
        <posy>0</posy>
    </coordinates>
    <allowoverlay>yes</allowoverlay>
    <controls>
        <control type="image">
            <description>background</description>
            <posx>0</posx>
            <posy>0</posy>
            <width>1280</width>
            <height>720</height>
            <texture>select-bg.png</texture>
        </control>
        <control type="label" id="801">
            <posx>235</posx>
            <posy>140</posy>
            <width>160</width>
            <height>60</height>   
            <font>font30</font>
            <textcolor>white</textcolor>
        </control>
        <control type="panel" id="810">
            <description>sub-content</description>
            <posx>235</posx>
            <posy>200</posy>
            <width>750</width>
            <height>40</height>
            <viewtype>list</viewtype>
            <orientation>horizontal</orientation>
            <ondown>820</ondown>
            <itemlayout width="150" height="40">
                <control type="label">
                    <posx>75</posx>
                    <posy>0</posy>
                    <width>150</width>
                    <height>40</height>   
                    <font>font14</font>
                    <textcolor>white</textcolor>
                    <selectedcolor>ff0080ff</selectedcolor>
                    <shadowcolor>80000000</shadowcolor>
                    <align>center</align>
                    <aligny>center</aligny>
                    <info>ListItem.Label</info>
                </control>
            </itemlayout>
            <focusedlayout width="150" height="40">
                <control type="image">
                    <posx>0</posx>
                    <posy>0</posy>
                    <width>150</width>
                    <height>40</height>        
                    <texture>btn_detail_focus.png</texture>
                    <aspectratio>stretch</aspectratio>
                </control>    
                <control type="label">
                    <posx>75</posx>
                    <posy>0</posy>
                    <width>150</width>
                    <height>40</height>   
                    <font>font14</font>
                    <textcolor>white</textcolor>
                    <selectedcolor>ff0080ff</selectedcolor>
                    <shadowcolor>80000000</shadowcolor>
                    <align>center</align>
                    <aligny>center</aligny>
                    <info>ListItem.Label</info>
                </control>
            </focusedlayout>
        </control>
        <control type="image">
            <posx>235</posx>
            <posy>240</posy>
            <width>800</width>
            <height>1</height>        
            <texture>bar_line.png</texture>
        </control>    
        <control type="panel" id="820">
            <description>sub-content</description>
            <posx>235</posx>
            <posy>280</posy>
            <width>800</width>
            <height>500</height>
            <viewtype>list</viewtype>
            <onup>810</onup>
            <itemlayout width="200" height="60">
                <control type="image">
                    <posx>10</posx>
                    <posy>0</posy>
                    <width>180</width>
                    <height>40</height>        
                    <texture>channel_button_normal_720.png</texture>
                    <aspectratio>stretch</aspectratio>
                </control>    
                <control type="label">
                    <posx>95</posx>
                    <posy>0</posy>
                    <width>170</width>
                    <height>40</height>   
                    <font>font12</font>
                    <textcolor>white</textcolor>
                    <shadowcolor>80000000</shadowcolor>
                    <align>center</align>
                    <aligny>center</aligny>
                    <info>ListItem.Label</info>
                </control>
            </itemlayout>
            <focusedlayout width="200" height="60">
                <control type="image">
                    <posx>10</posx>
                    <posy>0</posy>
                    <width>180</width>
                    <height>40</height>        
                    <texture>channel_button_focus_720.png</texture>
                    <aspectratio>stretch</aspectratio>
                </control>    
                <control type="label">
                    <posx>95</posx>
                    <posy>0</posy>
                    <width>170</width>
                    <height>40</height>     
                    <font>font12</font>
                    <textcolor>white</textcolor>
                    <shadowcolor>80000000</shadowcolor>
                    <align>center</align>
                    <aligny>center</aligny>
                    <info>ListItem.Label</info>
                </control>
            </focusedlayout>
        </control>
    </controls>
</window>
