<?xml version="1.0" encoding="UTF-8" standalone="yes"?>
<addon id="plugin.video.nes"
		name="NES"
		version="1.1"
		provider-name="jacker">
	<requires>
		<import addon="xbmc.python" version="1.0"/>
	</requires>
	<extension point="xbmc.python.pluginsource"
			library="default.py">
		<provides>video</provides>
	</extension>
	<extension point="xbmc.addon.metadata">
		<summary>Nintendo Entertainment System Emulator ROM selection</summary>
		<description>Launch your Nintendo Entertainment System ROMS with bsnes through your XBMC setup.</description>
		<license>GNU GENERAL PUBLIC LICENSE. Version 2, June 1991</license>
		<platform>all</platform>
	</extension>
</addon>
