﻿<?xml version="1.0" encoding="UTF-8" standalone="yes"?>
<addon id="plugin.video.steam"
       name="Steam"
       version="0.1.0"
       provider-name="divingmule">
  <requires>
    <import addon="xbmc.python" version="2.1.0"/>
    <import addon="script.module.beautifulsoup4" version="4.3.1"/>
    <import addon="script.common.plugin.cache" version="2.5.2"/>
  </requires>
  <extension point="xbmc.python.pluginsource" library="default.py">
    <provides>video</provides>
  </extension>
  <extension point="xbmc.addon.metadata">
    <summary>Game videos from Steam</summary>
    <description>Watch game videos/trailers from SteamPowered.com</description>
    <platform>all</platform>
    <language>en</language>
    <license>GNU GENERAL PUBLIC LICENSE. Version 2, June 1991</license>
    <source>https://github.com/divingmule/plugin.video.steam</source>
    <forum>http://forum.xbmc.org/showthread.php?tid=179684</forum>
    <website>http://store.steampowered.com/freestuff/videos</website>
  </extension>
</addon>
