<?xml version="1.0" encoding="UTF-8" standalone="yes"?>
<addon id="plugin.video.joeroganexperience" name="The Joe Rogan Experience" version="2.0.1" provider-name="Lex Toumbourou (lexandstuff) &amp; Paddy Carey (paddycarey)">
  <requires>
    <import addon="xbmc.python" version="2.1.0"/>
    <import addon="script.module.xbmcswift2" version="2.4.0"/>
    <import addon="script.module.beautifulsoup" version="3.2.0"/>
    <import addon="plugin.video.youtube" version="4.4.6"/>
    <import addon="plugin.video.vimeo" version="3.5.2"/>
  </requires>
  <extension point="xbmc.python.pluginsource" library="addon.py">
    <provides>video</provides>
  </extension>
  <extension point="xbmc.addon.metadata">
    <platform>all</platform>
    <language></language>
    <summary>Browse and stream videos from The Joe Rogan Experience Podcast</summary>
    <description>Browse and stream videos from The Joe Rogan Experience Podcast</description>
  </extension>
</addon>
