<?xml version="1.0" encoding="UTF-8" standalone="yes"?>
<addon id="plugin.video.3alshasha"
	name="3alshasha Arabic Movies"
	version="1.0.1"
	provider-name="Amio(Hassuni/xbmcarabic.com)">
  <requires>
    <import addon="xbmc.python" version="2.1.0"/>
    <import addon="plugin.video.youtube" version="3.0.0"/>
  </requires>
  <extension point="xbmc.python.pluginsource" library="default.py">
    <provides>video</provides>
  </extension>
  <extension point="xbmc.addon.metadata">
    <summary lang="en">3alshasha a Youtube Channel dedicated to Arabic movies and films.</summary>
    <description lang="en">3alshasha a Youtube Channel dedicated to Arabic movies and films.</description>
    <platform>all</platform>
  </extension>
</addon>
