<?xml version="1.0" encoding="UTF-8" standalone="yes"?>
<addon id="plugin.video.theverge"
       name="The Verge"
       version="0.5.1"
       provider-name="Carb0">
  <requires>
    <import addon="xbmc.python" version="2.1.0"/>
  </requires>
  <extension point="xbmc.python.pluginsource"
            library="theverge.py">
        <provides>video</provides>
  </extension>
  <extension point="xbmc.addon.metadata">
    <platform>all</platform>
    <summary>The Verge is the definitive source for the latest in technology news, reviews, and up-to-the-minute scoops.</summary>
    <description>The Verge is the definitive source for the latest in technology news, reviews, and up-to-the-minute scoops.</description>
  </extension>
</addon>
