<?xml version="1.0" encoding="UTF-8" standalone="yes"?>
<addon
  id="plugin.video.KhmerAvenue"
  version="1.0.21"
  name="KhmerAvenue"
  provider-name="Dknight">
  <requires>
		<import addon="script.module.simplejson" />
		<import addon="script.module.t0mm0.common" version="1.1.0"/>
  </requires>
  <extension point="xbmc.python.pluginsource"
            library="default.py">
        <provides>video</provides>
  </extension>
  <extension point="xbmc.addon.metadata">
    <summary>KhmerAvenue</summary>
    <description>Watch KhmerAvenue Videos</description>
    <platform>all</platform>
  </extension>
</addon>