<?xml version="1.0" encoding="UTF-8"?>
<window>
  <defaultcontrol always="true">901</defaultcontrol>
  <allowoverlays>true</allowoverlays>
  <allowoverlay>yes</allowoverlay>
  <animation effect="fade" time="250">WindowOpen</animation>
  <animation effect="fade" time="250">WindowClose</animation>
  <backgroundcolor>0xff002200</backgroundcolor>
  <coordinates>
    <system>1</system>
    <posx>200</posx>
    <posy>200</posy>
  </coordinates>
  <controls>
    <control type="button" id ="11">
      <description>Close Window button</description>
      <posx>1370</posx>
      <posy>1</posy>
      <width>64</width>
      <height>32</height>
      <label>-</label>
      <font>-</font>
      <texturefocus>DialogCloseButton-focus.png</texturefocus>
      <texturenofocus>DialogCloseButton.png</texturenofocus>
      <onleft>10</onleft>
      <onright>10</onright>
      <onup>10007</onup>
      <ondown>10001</ondown>
      <visible></visible>
    </control>
  </controls>
</window>
