<?xml version="1.0"?>
<channels>
  <channel>
    <name>Khmer channels</name>
    <info>Khmer channels from khiptv</info>
	<item>
      <title>CTN</title>
      <link>http://gcasialive-i.akamaihd.net/hls/live/218647/CTN-HLS-stream/master.m3u8?wowzasessionid=1391934041 live=true</link>
      <thumbnail>http://www.ctn.com.kh/images/CTNinstall.png</thumbnail>
    </item>

	<item>
      <title>KhipTV</title>
      <link>http://e-magic.info:44412/KhipTV</link>
      <thumbnail>
      http://khiptv.com/images_tv/Bayon_Replay.png</thumbnail>
    </item>
    <item>
      <title>MediaBiz</title>
      <link>http://live.wmncdn.net/medibiztv/d0dbe915091d400bd8ee7f27f0791303.sdp/playlist.m3u8</link>
      <thumbnail>http://khiptv.com/images_tv/TV.png</thumbnail>
    </item>
    <item>
      <title>TV9</title>
      <link>mms://203.176.130.123/ctv9_480k?7397427b-838f-4fa7-812c-f4fe391beb6f</link>
      <thumbnail>http://khiptv.com/images_tv/TV9.png</thumbnail>
    </item>
	<item>
      <title>TV3</title>
      <link>http://live.khmer.be:1935/live/TV3/playlist.m3u8</link>
      <thumbnail>
      http://khiptv.com/images_tv/Bayon_Replay.png</thumbnail>
    </item>
	<item>
      <title>Kok</title>
      <link>http://e-magic.info:44412/Movie9</link>
      <thumbnail>
      http://khiptv.com/images_tv/Bayon_Replay.png</thumbnail>
    </item>
	<item>
      <title>DMusic</title>
      <link>rtmp://laxlive02.malimarcdn.com:1935/khorigin00/_definst_/dmusic.sdp</link>
      <thumbnail>DefaultVideo.png</thumbnail>
    </item>
	<item>
      <title>National Tv</title>
      <link>rtmp://72.52.104.21:1935/live/TVKL playpath=TVKL swfUrl=http://www.khiptv.com/Player.swf pageUrl=http://relax.khmer24h.net/channels-national-tv-16.aspx live=true</link>
      <thumbnail>http://khiptv.com/images_tv/nat.png</thumbnail>
    </item>
	<item>
      <title>Hangmeas</title>
      <link>rtmp://111.92.240.134:1935/live/livestream</link>
      <thumbnail>http://khmer.be/images/tv/hangmeas-100x70.jpg</thumbnail>
    </item>
    <item>
      <title>Sea TV</title>
      <link>rtmp://live.khmer.be:1935/live/SEATV playpath=SEATV swfUrl=http://khmer.be/KhmerTV/player.swf pageUrl=http://khmer.be/Live-TV/default.aspx?ch=seatv live=1</link>
      <thumbnail>http://khmer.be/images/tv/seatv.gif</thumbnail>
    </item>
    <item>
      <title>Sea TV News</title>
      <link>rtsp://203.176.137.164:1935/liveinfo/myStream</link>
      <thumbnail>http://khmer.be/images/tv/seatv.gif</thumbnail>
    </item>
    <item>
      <title>Sea TV Education</title>
      <link>rtsp://203.176.137.164:1935/liveedu/myStream</link>
      <thumbnail>http://khmer.be/images/tv/seatv.gif</thumbnail>
    </item>
    <item>
      <title>Sea TV culture</title>
      <link>rtsp://203.176.137.164:1935/livecult/myStream</link>
      <thumbnail>http://khmer.be/images/tv/seatv.gif</thumbnail>
    </item>
    <item>
      <title>TVK</title>
      <link>http://svr-live.khmerlive.tv/tvk?ovpsv=2.3.1.0</link>
      <thumbnail>http://khiptv.com/images_tv/TVK.PNG</thumbnail>
    </item>
    <item>
      <title>Bayon</title>
      <link>rtmp://live.khmer.be:1935/live/BayonTV</link>
      <thumbnail>
      http://khiptv.com/images_tv/bayon-tv.png</thumbnail>
    </item>
    <item>
      <title>TV5</title>
      <link>mms://203.176.130.123/tv5_480k?c10ac12a-0507-4fa4-a5da-75bbc1ad8967</link>
      <thumbnail>http://khiptv.com/images_tv/TV5.png</thumbnail>
    </item>
    <item>
      <title>bayon_NEWS</title>
      <link>http://svr-live.khmerlive.tv/bayonnews?ovpsv=2.3.1.0</link>
      <thumbnail>
      http://khiptv.com/images_tv/BayonTV1.png</thumbnail>
    </item>
    <item>
      <title>NCT</title>
      <link>rtmp://123.30.134.108/live/nctlive</link>
      <thumbnail>http://khiptv.com/images_tv/TV9.png</thumbnail>
    </item>
    <item>
      <title>Apsara</title>
      <link>rtsp://203.176.130.118:8989/live/apsaratv_480k.stream</link>
      <thumbnail>http://khiptv.com/images_tv/APSARA.JPG</thumbnail>
    </item>
    <item>
      <title>Khmer TV</title>
      <link>http://securemcp.com:1935/8138/8138/playlist.m3u8</link>
      <thumbnail>DefaultVideo.png</thumbnail>
    </item>
    <item>
      <title>ABC_TV</title>
      <link>mmsh://184.105.192.5:44412/ABC_TV?MSWMExt=.asf</link>
      <thumbnail>http://khiptv.com/images_tv/ABC.png</thumbnail>
    </item>
    <item>
      <title>NAT_TV</title>
      <link>http://e-magic.info:44412/NAT_TV</link>
      <thumbnail>http://khiptv.com/images_tv/nat.png</thumbnail>
    </item>
    <item>
      <title>MeKong_TV</title>
      <link>http://e-magic.info:44412/MeKong_TV</link>
      <thumbnail>http://khiptv.com/images_TV/MK.png</thumbnail>
    </item>
    <item>
      <title>Good_Idea</title>
      <link>http://e-magic.info:44412/Good_Idea</link>
      <thumbnail>
      http://khiptv.com/images_tv/goodidea.png</thumbnail>
    </item>
    <item>
      <title>knn_TV</title>
      <link>http://e-magic.info:44412/knn_TV</link>
      <thumbnail>http://khiptv.com/images_tv/KNN.PNG</thumbnail>
    </item>
    <item>
      <title>nlakorn</title>
      <link>http://184.105.192.5:44412/nlakorn</link>
      <thumbnail>http://khiptv.com/images_TV/lakorn.jpg</thumbnail>
    </item>
	    <item>
      <title>MK TV</title>
      <link>mms://72.52.104.25/mktv</link>
      <thumbnail>http://khiptv.com/images_TV/lakorn.jpg</thumbnail>
    </item>
  </channel>
  <channel>
    <name>Khmer Radios</name>
    <info>Khmer Radios from khiptv</info>
    <item>
      <title>Khmer FM107 Radio</title>
      <link>http://KhipTV.org:44412/RC_FM107</link>
      <thumbnail>
      http://khiptv.com/images_tv/Bayon_Replay.png</thumbnail>
    </item>
    <item>
      <title>Bayon Radio</title>
      <link>http://KhipTV.org:44412/RC_FM95</link>
      <thumbnail>http://khiptv.com/images_tv/TVK.PNG</thumbnail>
    </item>
    <item>
      <title>Phnom Penh Radio FM103</title>
      <link>http://KhipTV.org:44412/RCFM103</link>
      <thumbnail>
      http://khiptv.com/images_tv/bayon-tv.png</thumbnail>
    </item>
    <item>
      <title>ABC Cambodia Radio</title>
      <link>http://KhipTV.org:44412/RC_FM1075</link>
      <thumbnail>http://khiptv.com/images_tv/TV5.png</thumbnail>
    </item>
    <item>
      <title>DAP Radio - FM93.75</title>
      <link>http://KhipTV.org:44412/dap</link>
      <thumbnail>
      http://khiptv.com/images_tv/BayonTV1.png</thumbnail>
    </item>
    <item>
      <title>Sovann Phum Radio - FM104</title>
      <link>http://KhipTV.org:44412/RC_FM104</link>
      <thumbnail>http://khiptv.com/images_tv/TV9.png</thumbnail>
    </item>
    <item>
      <title>Sovann Angkor FM106 - Battambong</title>
      <link>http://KhipTV.org:44412/KEO</link>
      <thumbnail>http://khiptv.com/images_tv/APSARA.JPG</thumbnail>
    </item>
    <item>
      <title>Apsara Radio FM 97 MHz</title>
      <link>http://KhipTV.org:44412/RCFM97</link>
      <thumbnail>http://khiptv.com/images_tv/KGNCAN.png</thumbnail>
    </item>
    <item>
      <title>Nokorwat Radio FM101 MHz</title>
      <link>http://KhipTV.org:44412/psp</link>
      <thumbnail>http://khiptv.com/images_tv/ABC.png</thumbnail>
    </item>
    <item>
      <title>KMAT Radio FM90MHz</title>
      <link>http://KhipTV.org:44412/KMAT</link>
      <thumbnail>http://khiptv.com/images_tv/nat.png</thumbnail>
    </item>
    <item>
      <title>National Radio FM96</title>
      <link>http://KhipTV.org:44412/RCFM96</link>
      <thumbnail>http://khiptv.com/images_TV/MK.png</thumbnail>
    </item>
    <item>
      <title>Women 's Radio FM102</title>
      <link>http://KhipTV.org:44412/RCFM102</link>
      <thumbnail>
      http://khiptv.com/images_tv/goodidea.png</thumbnail>
    </item>
    <item>
      <title>Ta Prohm Radio FM90.5</title>
      <link>http://KhipTV.org:44412/taprohm</link>
      <thumbnail>http://khiptv.com/images_tv/KNN.PNG</thumbnail>
    </item>
    <item>
      <title>STARFM Radio</title>
      <link>
      http://110.74.223.162:88/broadwave.mp3?src=2&amp;rate=1&amp;ref=</link>
      <thumbnail>http://khiptv.com/images_TV/lakorn.jpg</thumbnail>
    </item>
    <item>
      <title>Mean Chey FM99 MHz Radio</title>
      <link>http://KhipTV.org:44412/MCH</link>
      <thumbnail>http://khiptv.com/images_tv/KNN.PNG</thumbnail>
    </item>
    <item>
      <title>VOY FM 105.25MHz</title>
      <link>http://KhipTV.org:44412/fm105.3</link>
      <thumbnail>http://khiptv.com/images_tv/KNN.PNG</thumbnail>
    </item>
    <item>
      <title>Kolyanmet FM88.5</title>
      <link>http://KhipTV.org:44412/KEOV</link>
      <thumbnail>http://khiptv.com/images_tv/KNN.PNG</thumbnail>
    </item>
    <item>
      <title>Voice of Dombang Kronhoung FM 100MHz</title>
      <link>http://KhipTV.org:44412/Dombang</link>
      <thumbnail>http://khiptv.com/images_tv/KNN.PNG</thumbnail>
    </item>
    <item>
      <title>UFM 106.5MHz BMC</title>
      <link>http://KhipTV.org:44412/ufmradio</link>
      <thumbnail>http://khiptv.com/images_tv/KNN.PNG</thumbnail>
    </item>
    <item>
      <title>Our Radio - FM106.75 Mhz</title>
      <link>http://KhipTV.org:44412/our-radio</link>
      <thumbnail>http://khiptv.com/images_tv/KNN.PNG</thumbnail>
    </item>
    <item>
      <title>Beehive FM105</title>
      <link>http://KhipTV.org:44412/BFM105</link>
      <thumbnail>http://khiptv.com/images_tv/KNN.PNG</thumbnail>
    </item>
    <item>
      <title>Mongkul Sovann - FM93.5 - Battambong</title>
      <link>http://KhipTV.org:44412/FM 93.5 MHz</link>
      <thumbnail>http://khiptv.com/images_tv/KNN.PNG</thumbnail>
    </item>
    <item>
      <title>Mongkul Sovann - FM105.5 - Champong Soum</title>
      <link>http://KhipTV.org:44412/FM 105.5 MHzA</link>
      <thumbnail>http://khiptv.com/images_tv/KNN.PNG</thumbnail>
    </item>
    <item>
      <title>Sangke Radio - FM104.5 MHz - Battambong</title>
      <link>http://KhipTV.org:44412/Sangke Radio FM104.5MHz</link>
      <thumbnail>http://khiptv.com/images_tv/KNN.PNG</thumbnail>
    </item>
    <item>
      <title>Ta Prohm Radio FM90.5</title>
      <link>http://KhipTV.org:44412/taprohm</link>
      <thumbnail>http://khiptv.com/images_tv/KNN.PNG</thumbnail>
    </item>
    <item>
      <title>Ratanakiri Radio FM 97.5</title>
      <link>http://KhipTV.org:44412/ratanakiri</link>
      <thumbnail>http://khiptv.com/images_tv/KNN.PNG</thumbnail>
    </item>
    <item>
      <title>Mongkulsovann FM 91.75 MHz Banteay Meanchey</title>
      <link>http://KhipTV.org:44412/FM 91.75 Mhz</link>
      <thumbnail>http://khiptv.com/images_tv/KNN.PNG</thumbnail>
    </item>
    <item>
      <title>Siem Reap Radio</title>
      <link>http://KhipTV.org:44412/SIEM RAEP</link>
      <thumbnail>http://khiptv.com/images_tv/KNN.PNG</thumbnail>
    </item>
  </channel>
  <channels></channels>
</channels>
