<?xml version="1.0" encoding="UTF-8" standalone="yes"?>
<addon  id="plugin.video.xbmb3c" 
        name="XBMB3C" 
        version="0.9.5" 
        provider-name="xnappo, null_pointer, im85288">
  <requires>
    <import addon="script.module.requests" version="1.1.0" />
    <import addon="xbmc.python" version="2.1.0"/>
    <import addon="script.module.simplejson" version="2.0.10"/>
  </requires>
  <extension    point="xbmc.python.pluginsource"
                library="default.py">
        <provides>executable video audio image</provides>
  </extension>
  <extension point="xbmc.service" library="service.py" start="startup">
  </extension>
  <extension point="xbmc.addon.metadata">
    <platform>all</platform>
    <language>en</language>
    <license>GNU GENERAL PUBLIC LICENSE. Version 2, June 1991</license>
    <forum>http://mediabrowser.tv/community/index.php?/forum/99-xbmb3c/</forum>
    <website>http://mediabrowser3.com/</website>
    <source>https://github.com/xnappo/plugin.video.XBMB3C</source>
    <summary lang="en">Browse and play local video, music and photo media files managed by MediaBrowser3.</summary>
    <description lang="en">Browse and play local video, music and photo media files managed by MediaBrowser3.</description>
  </extension>
</addon>
