<?xml version="1.0" encoding="UTF-8"?>
<addon id="script.ipcam"
       name="IP Cam"
       version="0.0.3"
       provider-name="Leopold">
  <requires>
    <import addon="xbmc.python" version="2.1.0"/>
  </requires>
  <extension point="xbmc.python.script" library="default.py"/>
  <extension point="xbmc.addon.metadata">
    <platform>all</platform>
    <summary lang="en">IP camera video feed</summary>
    <description lang="en">Show the video feed from an IP camera with media resume.</description>
    <license>GNU GENERAL PUBLIC LICENSE. Version 3, 29 June 2007</license>
  </extension>
</addon>