﻿<?xml version="1.0" encoding="UTF-8" standalone="yes"?>
<addon id="plugin.video.roosterteeth"
       name="Rooster Teeth"
       version="0.0.9"
       provider-name="Divingmule, Skipmode A1">
  <requires>
    <import addon="xbmc.python" version="2.1.0"/>
    <import addon="script.module.beautifulsoup4" version="4.3.1"/>
    <import addon="script.module.xmltodict" version="0.7.0"/>
    <import addon="script.common.plugin.cache" version="2.5.2"/>
    <import addon="plugin.video.youtube" version="4.4.6"/>
  </requires>
  <extension point="xbmc.python.pluginsource" library="default.py">
    <provides>video</provides>
  </extension>
  <extension point="xbmc.addon.metadata">
    <summary>Videos from RoosterTeeth.com and AchievementHunter.com</summary>
    <description>Comedy and gaming shows from Rooster Teeth and Achievement Hunter, including the popular "Red vs Blue" series.
    </description>
    <platform>all</platform>
    <language>en</language>
    <license>GNU GENERAL PUBLIC LICENSE. Version 2, June 1991</license>
    <source>git://github.com/skipmodea1/plugin.video.roosterteeth</source>
    <forum>http://forum.xbmc.org/showthread.php?tid=134588</forum>
    <website>http://roosterteeth.com</website>
    <email></email>
  </extension>
</addon>
