﻿<?xml version="1.0" encoding="UTF-8" standalone="yes"?>
<addon id="plugin.program.amule-control" name="aMule control" version="1.2.0" provider-name="RPiola">
    <requires>
        <import addon="xbmc.python" version="2.1.0"/>
    </requires>
    <extension point="xbmc.python.pluginsource" library="addon.py">
        <provides>executable</provides>
    </extension>
    <extension point="xbmc.addon.metadata">
        <language/>
        <platform>linux</platform>
        <disclaimer>For XBMC linux (tested on raspbmc final)</disclaimer>
        <summary lang="en">Start and stop aMule from XBMC.</summary>
        <description lang="en">amule-control allows you to check the status, start and stop amule-daemon directly from the XBMC GUI. You need to install the amule-daemon package with sudo apt-get install amule-daemon</description>
        <website>http://pi.ilpiola.it/amulecontrol</website>
        <email>roberto@ilpiola.it</email>
    </extension>
</addon>
