<?xml version="1.0" encoding="UTF-8" standalone="yes"?>
<addon id="script.apple.movie.trailers" name="Apple Movie Trailers" version="2.0.0" provider-name="nuka1195">
    <requires>
        <import addon="xbmc.python" version="1.0"/>
        <import addon="script.module.pysqlite" version="2.5.6"/>
        <import addon="script.module.elementtree" version="1.2.7"/>
        <import addon="script.module.pil" version="1.1.7"/>
    </requires>
    <extension point="xbmc.python.script" library="addon.py">
        <provides>video</provides>
    </extension>
    <extension point="xbmc.addon.metadata">
        <platform>all</platform>
        <summary>Watch movie trailers.</summary>
        <disclaimer></disclaimer>
        <description>Watch movie trailers from http://trailers.apple.com/. Check movie showtimes for theaters in your area.</description>
    </extension>
</addon>
