<?xml version="1.0" encoding="UTF-8" standalone="yes"?>
<addon
  id="plugin.video.sugoideasV2"
  version="1.0.8"
  name="sugoideasV2"
  provider-name="Created by YangSun revised by Dknight">
  <requires>
        <import addon="xbmc.python" version="2.1.0" optional="true" />
		<import addon="script.module.simplejson" />
  </requires>
  <extension point="xbmc.python.pluginsource"
            library="default.py">
        <provides>video</provides>
  </extension>
  <extension point="xbmc.addon.metadata">
    <summary>sugoideas</summary>
    <description>Watch sugoideas Videos</description>
    <platform>all</platform>
  </extension>
</addon>