<?xml version="1.0" encoding="UTF-8" standalone="yes"?>
<addon id="plugin.video.circuitboard" name="Circuit Board TV" version="0.0.5" provider-name="dethfeet">
  <requires>
    <import addon="xbmc.python" version="2.1.0"/>
    <import addon="plugin.video.bliptv" version="1.8.3"/>
    <import addon="plugin.video.youtube" version="4.4.4"/>
    <import addon="script.module.urlresolver" version="1.0.9"/>
  </requires>
  <extension point="xbmc.python.pluginsource" library="default.py">
    <provides>video</provides>
  </extension>
  <extension point="xbmc.addon.metadata">
  		<language>de</language>
    	<summary>circuit-board.de</summary>
    	<description>Circuit Board TV: 15 Minutes of Game, Der Retro Brettspiel-Check, Floppy Fans, Kraut &amp; Rüben, Longplays, PIXELKITSCH, PixelSpieler, Retro Snippets, Sprites, Shapes &amp; Co</description>
    	<license>GNU GENERAL PUBLIC LICENSE. Version 2, June 1991</license>
    	<platform>all</platform>
    	<forum>http://www.xbmcnerds.com/index.php?page=Thread&amp;threadID=13544</forum>
		<website>https://github.com/dethfeet/plugin.video.circuitboard</website>
		<source>https://github.com/dethfeet/plugin.video.circuitboard</source>
		<email>dethfeet@qip.ru</email>
  </extension>
</addon>
