<addon id="repository.angelscry.xbmc-plugins" name="Angelscry Repository" version="1.2.2" provider-name="Angelscry">
	<extension point="xbmc.addon.repository" name="Angelscry Repository">
		<info compressed="false">http://www.gwenael.org/Repository/addons.xml</info>
		<checksum>http://www.gwenael.org/Repository/addons.xml.md5</checksum>
		<datadir zip="true">http://www.gwenael.org/Repository/</datadir>
	</extension>
	<extension point="xbmc.addon.metadata">
        <summary lang="en">Repository Angelscry</summary>
        <summary lang="fr">Dépot Angelscry</summary>
		<description lang="en">Angelscry's Repository for XBMC</description>
		<description lang="fr">Dépot d'Angelscry pour XBMC</description>
		<disclaimer></disclaimer>
		<platform>all</platform>
	</extension>
</addon>
