<?xml version="1.0" encoding="UTF-8" standalone="yes"?>
<addon id="plugin.video.cbc"
       name="CBC"
       version="0.1"
       provider-name="jacker">
  <requires>
    <import addon="xbmc.python" version="1.0"/>
  </requires>
  <extension point="xbmc.python.pluginsource"
            library="default.py">
        <provides>video</provides>
  </extension>
  <extension point="xbmc.addon.metadata">
    <summary>CBC: Various CBC video sources</summary>
    <description>Watch CBC programs like live sports. Sadly no scraper. Calls web browser.</description>
    <platform>all</platform>
  </extension>
</addon>
