<?xml version="1.0" encoding="utf-8"?>
<window type="dialog">
    <allowoverlay>no</allowoverlay>
    <defaultcontrol always="false">4001</defaultcontrol>
    <coordinates>
        <system>1</system>
        <posx>0</posx>
        <posy>0</posy>
    </coordinates>
    <controls>
        <control type="group">
            <control type="image" id="1000">
                <posx>-20</posx>
                <posy>0</posy>
                <width>120</width>
                <height>180</height>
                <colordiffuse>ffaaaaaa</colordiffuse>
                <animation effect="zoom" center="auto" start="0,100" end="100,100" time="100">WindowOpen</animation>
                <animation effect="zoom" center="auto" start="100,100" end="0,100" time="100">WindowClose</animation>
            </control>
            <control type="image" id="1001">
                <posx>100</posx>
                <posy>0</posy>
                <width>120</width>
                <height>180</height>
                <colordiffuse>ffaaaaaa</colordiffuse>
                <animation effect="zoom" center="auto" start="0,100" end="100,100" time="100" delay="50">WindowOpen</animation>
                <animation effect="zoom" center="auto" start="100,100" end="0,100" time="100" delay="50">WindowClose</animation>
            </control>
            <control type="image" id="1002">
                <posx>220</posx>
                <posy>0</posy>
                <width>120</width>
                <height>180</height>
                <colordiffuse>ffaaaaaa</colordiffuse>
                <animation effect="zoom" center="auto" start="0,100" end="100,100" time="100" delay="100">WindowOpen</animation>
                <animation effect="zoom" center="auto" start="100,100" end="0,100" time="100" delay="100">WindowClose</animation>
            </control>
            <control type="image" id="1003">
                <posx>340</posx>
                <posy>0</posy>
                <width>120</width>
                <height>180</height>
                <colordiffuse>ffaaaaaa</colordiffuse>
                <animation effect="zoom" center="auto" start="0,100" end="100,100" time="100" delay="150">WindowOpen</animation>
                <animation effect="zoom" center="auto" start="100,100" end="0,100" time="100" delay="150">WindowClose</animation>
            </control>
            <control type="image" id="1004">
                <posx>460</posx>
                <posy>0</posy>
                <width>120</width>
                <height>180</height>
                <colordiffuse>ffaaaaaa</colordiffuse>
                <animation effect="zoom" center="auto" start="0,100" end="100,100" time="100" delay="200">WindowOpen</animation>
                <animation effect="zoom" center="auto" start="100,100" end="0,100" time="100" delay="200">WindowClose</animation>
            </control>
            <control type="image" id="1005">
                <posx>580</posx>
                <posy>0</posy>
                <width>120</width>
                <height>180</height>
                <colordiffuse>ffaaaaaa</colordiffuse>
                <animation effect="zoom" center="auto" start="0,100" end="100,100" time="100" delay="250">WindowOpen</animation>
                <animation effect="zoom" center="auto" start="100,100" end="0,100" time="100" delay="250">WindowClose</animation>
            </control>
            <control type="image" id="1006">
                <posx>700</posx>
                <posy>0</posy>
                <width>120</width>
                <height>180</height>
                <colordiffuse>ffaaaaaa</colordiffuse>
                <animation effect="zoom" center="auto" start="0,100" end="100,100" time="100" delay="300">WindowOpen</animation>
                <animation effect="zoom" center="auto" start="100,100" end="0,100" time="100" delay="300">WindowClose</animation>
            </control>
            <control type="image" id="1007">
                <posx>820</posx>
                <posy>0</posy>
                <width>120</width>
                <height>180</height>
                <colordiffuse>ffaaaaaa</colordiffuse>
                <animation effect="zoom" center="auto" start="0,100" end="100,100" time="100" delay="350">WindowOpen</animation>
                <animation effect="zoom" center="auto" start="100,100" end="0,100" time="100" delay="350">WindowClose</animation>
            </control>
            <control type="image" id="1008">
                <posx>940</posx>
                <posy>0</posy>
                <width>120</width>
                <height>180</height>
                <colordiffuse>ffaaaaaa</colordiffuse>
                <animation effect="zoom" center="auto" start="0,100" end="100,100" time="100" delay="400">WindowOpen</animation>
                <animation effect="zoom" center="auto" start="100,100" end="0,100" time="100" delay="400">WindowClose</animation>
            </control>
            <control type="image" id="1009">
                <posx>1060</posx>
                <posy>0</posy>
                <width>120</width>
                <height>180</height>
                <colordiffuse>ffaaaaaa</colordiffuse>
                <animation effect="zoom" center="auto" start="0,100" end="100,100" time="100" delay="450">WindowOpen</animation>
                <animation effect="zoom" center="auto" start="100,100" end="0,100" time="100" delay="450">WindowClose</animation>
            </control>
            <control type="image" id="1010">
                <posx>1180</posx>
                <posy>0</posy>
                <width>120</width>
                <height>180</height>
                <colordiffuse>ffaaaaaa</colordiffuse>
                <animation effect="zoom" center="auto" start="0,100" end="100,100" time="100" delay="500">WindowOpen</animation>
                <animation effect="zoom" center="auto" start="100,100" end="0,100" time="100" delay="500">WindowClose</animation>
            </control>

            <!-- row 2 -->
            <control type="image" id="1011">
                <posx>-20</posx>
                <posy>180</posy>
                <width>120</width>
                <height>180</height>
                <colordiffuse>ffaaaaaa</colordiffuse>
                <animation effect="zoom" center="auto" start="0,100" end="100,100" time="100" delay="50">WindowOpen</animation>
                <animation effect="zoom" center="auto" start="100,100" end="0,100" time="100" delay="50">WindowClose</animation>
            </control>
            <control type="image" id="1012">
                <posx>100</posx>
                <posy>180</posy>
                <width>120</width>
                <height>180</height>
                <colordiffuse>ffaaaaaa</colordiffuse>
                <animation effect="zoom" center="auto" start="0,100" end="100,100" time="100" delay="100">WindowOpen</animation>
                <animation effect="zoom" center="auto" start="100,100" end="0,100" time="100" delay="100">WindowClose</animation>
            </control>
            <control type="image" id="1013">
                <posx>220</posx>
                <posy>180</posy>
                <width>120</width>
                <height>180</height>
                <colordiffuse>ffaaaaaa</colordiffuse>
                <animation effect="zoom" center="auto" start="0,100" end="100,100" time="100" delay="150">WindowOpen</animation>
                <animation effect="zoom" center="auto" start="100,100" end="0,100" time="100" delay="150">WindowClose</animation>
            </control>
            <control type="image" id="1014">
                <posx>340</posx>
                <posy>180</posy>
                <width>120</width>
                <height>180</height>
                <colordiffuse>ffaaaaaa</colordiffuse>
                <animation effect="zoom" center="auto" start="0,100" end="100,100" time="100" delay="200">WindowOpen</animation>
                <animation effect="zoom" center="auto" start="100,100" end="0,100" time="100" delay="200">WindowClose</animation>
            </control>
            <control type="image" id="1015">
                <posx>460</posx>
                <posy>180</posy>
                <width>120</width>
                <height>180</height>
                <colordiffuse>ffaaaaaa</colordiffuse>
                <animation effect="zoom" center="auto" start="0,100" end="100,100" time="100" delay="250">WindowOpen</animation>
                <animation effect="zoom" center="auto" start="100,100" end="0,100" time="100" delay="250">WindowClose</animation>
            </control>
            <control type="image" id="1016">
                <posx>580</posx>
                <posy>180</posy>
                <width>120</width>
                <height>180</height>
                <colordiffuse>ffaaaaaa</colordiffuse>
                <animation effect="zoom" center="auto" start="0,100" end="100,100" time="100" delay="300">WindowOpen</animation>
                <animation effect="zoom" center="auto" start="100,100" end="0,100" time="100" delay="300">WindowClose</animation>
            </control>
            <control type="image" id="1017">
                <posx>700</posx>
                <posy>180</posy>
                <width>120</width>
                <height>180</height>
                <colordiffuse>ffaaaaaa</colordiffuse>
                <animation effect="zoom" center="auto" start="0,100" end="100,100" time="100" delay="350">WindowOpen</animation>
                <animation effect="zoom" center="auto" start="100,100" end="0,100" time="100" delay="350">WindowClose</animation>
            </control>
            <control type="image" id="1018">
                <posx>820</posx>
                <posy>180</posy>
                <width>120</width>
                <height>180</height>
                <colordiffuse>ffaaaaaa</colordiffuse>
                <animation effect="zoom" center="auto" start="0,100" end="100,100" time="100" delay="400">WindowOpen</animation>
                <animation effect="zoom" center="auto" start="100,100" end="0,100" time="100" delay="400">WindowClose</animation>
            </control>
            <control type="image" id="1019">
                <posx>940</posx>
                <posy>180</posy>
                <width>120</width>
                <height>180</height>
                <colordiffuse>ffaaaaaa</colordiffuse>
                <animation effect="zoom" center="auto" start="0,100" end="100,100" time="100" delay="450">WindowOpen</animation>
                <animation effect="zoom" center="auto" start="100,100" end="0,100" time="100" delay="450">WindowClose</animation>
            </control>
            <control type="image" id="1020">
                <posx>1060</posx>
                <posy>180</posy>
                <width>120</width>
                <height>180</height>
                <colordiffuse>ffaaaaaa</colordiffuse>
                <animation effect="zoom" center="auto" start="0,100" end="100,100" time="100" delay="500">WindowOpen</animation>
                <animation effect="zoom" center="auto" start="100,100" end="0,100" time="100" delay="500">WindowClose</animation>
            </control>
            <control type="image" id="1021">
                <posx>1180</posx>
                <posy>180</posy>
                <width>120</width>
                <height>180</height>
                <colordiffuse>ffaaaaaa</colordiffuse>
                <animation effect="zoom" center="auto" start="0,100" end="100,100" time="100" delay="550">WindowOpen</animation>
                <animation effect="zoom" center="auto" start="100,100" end="0,100" time="100" delay="550">WindowClose</animation>
            </control>

            <!-- row 3 -->
            <control type="image" id="1022">
                <posx>-20</posx>
                <posy>360</posy>
                <width>120</width>
                <height>180</height>
                <colordiffuse>ffaaaaaa</colordiffuse>
                <animation effect="zoom" center="auto" start="0,100" end="100,100" time="100" delay="100">WindowOpen</animation>
                <animation effect="zoom" center="auto" start="100,100" end="0,100" time="100" delay="100">WindowClose</animation>
            </control>
            <control type="image" id="1023">
                <posx>100</posx>
                <posy>360</posy>
                <width>120</width>
                <height>180</height>
                <colordiffuse>ffaaaaaa</colordiffuse>
                <animation effect="zoom" center="auto" start="0,100" end="100,100" time="100" delay="150">WindowOpen</animation>
                <animation effect="zoom" center="auto" start="100,100" end="0,100" time="100" delay="150">WindowClose</animation>
            </control>
            <control type="image" id="1024">
                <posx>220</posx>
                <posy>360</posy>
                <width>120</width>
                <height>180</height>
                <colordiffuse>ffaaaaaa</colordiffuse>
                <animation effect="zoom" center="auto" start="0,100" end="100,100" time="100" delay="200">WindowOpen</animation>
                <animation effect="zoom" center="auto" start="100,100" end="0,100" time="100" delay="200">WindowClose</animation>
            </control>
            <control type="image" id="1025">
                <posx>340</posx>
                <posy>360</posy>
                <width>120</width>
                <height>180</height>
                <colordiffuse>ffaaaaaa</colordiffuse>
                <animation effect="zoom" center="auto" start="0,100" end="100,100" time="100" delay="250">WindowOpen</animation>
                <animation effect="zoom" center="auto" start="100,100" end="0,100" time="100" delay="250">WindowClose</animation>
            </control>
            <control type="image" id="1026">
                <posx>460</posx>
                <posy>360</posy>
                <width>120</width>
                <height>180</height>
                <colordiffuse>ffaaaaaa</colordiffuse>
                <animation effect="zoom" center="auto" start="0,100" end="100,100" time="100" delay="300">WindowOpen</animation>
                <animation effect="zoom" center="auto" start="100,100" end="0,100" time="100" delay="300">WindowClose</animation>
            </control>
            <control type="image" id="1027">
                <posx>580</posx>
                <posy>360</posy>
                <width>120</width>
                <height>180</height>
                <colordiffuse>ffaaaaaa</colordiffuse>
                <animation effect="zoom" center="auto" start="0,100" end="100,100" time="100" delay="350">WindowOpen</animation>
                <animation effect="zoom" center="auto" start="100,100" end="0,100" time="100" delay="350">WindowClose</animation>
            </control>
            <control type="image" id="1028">
                <posx>700</posx>
                <posy>360</posy>
                <width>120</width>
                <height>180</height>
                <colordiffuse>ffaaaaaa</colordiffuse>
                <animation effect="zoom" center="auto" start="0,100" end="100,100" time="100" delay="400">WindowOpen</animation>
                <animation effect="zoom" center="auto" start="100,100" end="0,100" time="100" delay="400">WindowClose</animation>
            </control>
            <control type="image" id="1029">
                <posx>820</posx>
                <posy>360</posy>
                <width>120</width>
                <height>180</height>
                <colordiffuse>ffaaaaaa</colordiffuse>
                <animation effect="zoom" center="auto" start="0,100" end="100,100" time="100" delay="450">WindowOpen</animation>
                <animation effect="zoom" center="auto" start="100,100" end="0,100" time="100" delay="450">WindowClose</animation>
            </control>
            <control type="image" id="1030">
                <posx>940</posx>
                <posy>360</posy>
                <width>120</width>
                <height>180</height>
                <colordiffuse>ffaaaaaa</colordiffuse>
                <animation effect="zoom" center="auto" start="0,100" end="100,100" time="100" delay="500">WindowOpen</animation>
                <animation effect="zoom" center="auto" start="100,100" end="0,100" time="100" delay="500">WindowClose</animation>
            </control>
            <control type="image" id="1031">
                <posx>1060</posx>
                <posy>360</posy>
                <width>120</width>
                <height>180</height>
                <colordiffuse>ffaaaaaa</colordiffuse>
                <animation effect="zoom" center="auto" start="0,100" end="100,100" time="100" delay="550">WindowOpen</animation>
                <animation effect="zoom" center="auto" start="100,100" end="0,100" time="100" delay="550">WindowClose</animation>
            </control>
            <control type="image" id="1032">
                <posx>1180</posx>
                <posy>360</posy>
                <width>120</width>
                <height>180</height>
                <colordiffuse>ffaaaaaa</colordiffuse>
                <animation effect="zoom" center="auto" start="0,100" end="100,100" time="100" delay="600">WindowOpen</animation>
                <animation effect="zoom" center="auto" start="100,100" end="0,100" time="100" delay="600">WindowClose</animation>
            </control>

            <!-- row 4 -->
            <control type="image" id="1033">
                <posx>-20</posx>
                <posy>540</posy>
                <width>120</width>
                <height>180</height>
                <colordiffuse>ffaaaaaa</colordiffuse>
                <animation effect="zoom" center="auto" start="0,100" end="100,100" time="100" delay="150">WindowOpen</animation>
                <animation effect="zoom" center="auto" start="100,100" end="0,100" time="100" delay="150">WindowClose</animation>
            </control>
            <control type="image" id="1034">
                <posx>100</posx>
                <posy>540</posy>
                <width>120</width>
                <height>180</height>
                <colordiffuse>ffaaaaaa</colordiffuse>
                <animation effect="zoom" center="auto" start="0,100" end="100,100" time="100" delay="200">WindowOpen</animation>
                <animation effect="zoom" center="auto" start="100,100" end="0,100" time="100" delay="200">WindowClose</animation>
            </control>
            <control type="image" id="1035">
                <posx>220</posx>
                <posy>540</posy>
                <width>120</width>
                <height>180</height>
                <colordiffuse>ffaaaaaa</colordiffuse>
                <animation effect="zoom" center="auto" start="0,100" end="100,100" time="100" delay="250">WindowOpen</animation>
                <animation effect="zoom" center="auto" start="100,100" end="0,100" time="100" delay="250">WindowClose</animation>
            </control>
            <control type="image" id="1036">
                <posx>340</posx>
                <posy>540</posy>
                <width>120</width>
                <height>180</height>
                <colordiffuse>ffaaaaaa</colordiffuse>
                <animation effect="zoom" center="auto" start="0,100" end="100,100" time="100" delay="300">WindowOpen</animation>
                <animation effect="zoom" center="auto" start="100,100" end="0,100" time="100" delay="300">WindowClose</animation>
            </control>
            <control type="image" id="1037">
                <posx>460</posx>
                <posy>540</posy>
                <width>120</width>
                <height>180</height>
                <colordiffuse>ffaaaaaa</colordiffuse>
                <animation effect="zoom" center="auto" start="0,100" end="100,100" time="100" delay="350">WindowOpen</animation>
                <animation effect="zoom" center="auto" start="100,100" end="0,100" time="100" delay="350">WindowClose</animation>
            </control>
            <control type="image" id="1038">
                <posx>580</posx>
                <posy>540</posy>
                <width>120</width>
                <height>180</height>
                <colordiffuse>ffaaaaaa</colordiffuse>
                <animation effect="zoom" center="auto" start="0,100" end="100,100" time="100" delay="400">WindowOpen</animation>
                <animation effect="zoom" center="auto" start="100,100" end="0,100" time="100" delay="400">WindowClose</animation>
            </control>
            <control type="image" id="1039">
                <posx>700</posx>
                <posy>540</posy>
                <width>120</width>
                <height>180</height>
                <colordiffuse>ffaaaaaa</colordiffuse>
                <animation effect="zoom" center="auto" start="0,100" end="100,100" time="100" delay="450">WindowOpen</animation>
                <animation effect="zoom" center="auto" start="100,100" end="0,100" time="100" delay="450">WindowClose</animation>
            </control>
            <control type="image" id="1040">
                <posx>820</posx>
                <posy>540</posy>
                <width>120</width>
                <height>180</height>
                <colordiffuse>ffaaaaaa</colordiffuse>
                <animation effect="zoom" center="auto" start="0,100" end="100,100" time="100" delay="500">WindowOpen</animation>
                <animation effect="zoom" center="auto" start="100,100" end="0,100" time="100" delay="500">WindowClose</animation>
            </control>
            <control type="image" id="1041">
                <posx>940</posx>
                <posy>540</posy>
                <width>120</width>
                <height>180</height>
                <colordiffuse>ffaaaaaa</colordiffuse>
                <animation effect="zoom" center="auto" start="0,100" end="100,100" time="100" delay="550">WindowOpen</animation>
                <animation effect="zoom" center="auto" start="100,100" end="0,100" time="100" delay="550">WindowClose</animation>
            </control>
            <control type="image" id="1042">
                <posx>1060</posx>
                <posy>540</posy>
                <width>120</width>
                <height>180</height>
                <colordiffuse>ffaaaaaa</colordiffuse>
                <animation effect="zoom" center="auto" start="0,100" end="100,100" time="100" delay="600">WindowOpen</animation>
                <animation effect="zoom" center="auto" start="100,100" end="0,100" time="100" delay="600">WindowClose</animation>
            </control>
            <control type="image" id="1043">
                <posx>1180</posx>
                <posy>540</posy>
                <width>120</width>
                <height>180</height>
                <colordiffuse>ffaaaaaa</colordiffuse>
                <animation effect="zoom" center="auto" start="0,100" end="100,100" time="100" delay="650">WindowOpen</animation>
                <animation effect="zoom" center="auto" start="100,100" end="0,100" time="100" delay="650">WindowClose</animation>
            </control>
        </control>

        <control type="image">
            <description>bottom right fade</description>
            <posx>0</posx>
            <posy>0</posy>
            <width>1280</width>
            <height>720</height>
            <texture>quiz-fade-bottomright.png</texture>
            <animation effect="fade" start="0" end="100" delay="250" time="500">WindowOpen</animation>
            <animation effect="fade" start="100" end="0" delay="250" time="500">WindowClose</animation>
            <animation effect="fade" start="0" end="100" time="500">VisibleChange</animation>
            <visible>Control.IsVisible(6000) + Control.IsVisible(7000)</visible>
        </control>
        <control type="image">
            <description>glasspane for about + highscores</description>
            <posx>0</posx>
            <posy>0</posy>
            <width>1280</width>
            <height>720</height>
            <texture>quiz-background-glass.png</texture>
            <animation effect="fade" start="0" end="100" time="500">VisibleChange</animation>
            <visible>!Control.IsVisible(6000) | !Control.IsVisible(7000)</visible>
        </control>

        <control type="image">
            <posx>800</posx>
            <posy>70</posy>
            <width>296</width>
            <height>198</height>
            <texture>quiz-logo.png</texture>
            <animation type="WindowOpen">
                <effect type="fade" start="0" end="100" time="500" />
                <effect type="slide" start="100,0" end="0,0" time="500" />
            </animation>
            <animation type="WindowClose">
                <effect type="fade" start="100" end="0" time="500" />
                <effect type="slide" start="0,0" end="100,0" time="500" />
            </animation>
        </control>

        <control type="label" id="4000">
            <description>visibility marker for group</description>
        </control>
        <control type="group">
            <description>main menu</description>
            <posx>830</posx>
            <posy>280</posy>
            <width>480</width>
            <height>400</height>
            <visible>!Control.IsVisible(4000)</visible>
            <animation type="Visible">
                <effect type="fade" start="0" end="100" time="250"/>
                <effect type="rotatey" center="auto" start="-50" end="0" time="500" />
            </animation>
            <animation type="Hidden">
                <effect type="fade" start="100" end="0" time="250"/>
                <effect type="rotatey" center="auto" start="0" end="-50" time="500" />
            </animation>

            <control type="list" id="4001">
                <posx>0</posx>
                <posy>0</posy>
                <width>450</width>
                <height>350</height>
                <viewtype label="list">list</viewtype>
                <orientation>vertical</orientation>
                <scrolltime>200</scrolltime>
                <itemlayout width="450" height="50">
                    <control type="label">
                        <posx>40</posx>
                        <posy>0</posy>
                        <width>410</width>
                        <height>50</height>
                        <info>ListItem.Label</info>
                        <align>left</align>
                        <aligny>center</aligny>
                        <textcolor>ff888888</textcolor>
                        <font>font30</font>
                    </control>
                </itemlayout>
                <focusedlayout width="450" height="50">
                    <control type="image">
                        <posx>0</posx>
                        <posy>10</posy>
                        <width>30</width>
                        <height>30</height>
                        <texture>quiz-moviereel.png</texture>
                        <animation effect="rotate" center="15,25" start="1080" end="0" time="5000" reversible="false">Focus</animation>
                    </control>
                    <control type="label">
                        <posx>40</posx>
                        <posy>0</posy>
                        <width>410</width>
                        <height>50</height>
                        <info>ListItem.Label</info>
                        <align>left</align>
                        <aligny>center</aligny>
                        <textcolor>ffffffff</textcolor>
                        <font>font30</font>
                    </control>
                </focusedlayout>
            </control>
        </control>

        <control type="label" id="4002">
            <description>visibility marker for group</description>
        </control>
        <control type="group">
            <description>game type selection menu</description>
            <posx>830</posx>
            <posy>280</posy>
            <width>480</width>
            <height>350</height>
            <visible>!Control.IsVisible(4002)</visible>
            <animation type="Visible">
                <effect type="fade" start="0" end="100" time="250"/>
                <effect type="rotatey" center="auto" start="-50" end="0" time="500" />
            </animation>
            <animation type="Hidden">
                <effect type="fade" start="100" end="0" time="250"/>
                <effect type="rotatey" center="auto" start="0" end="-50" time="500" />
            </animation>

            <control type="image">
                <posx>0</posx>
                <posy>10</posy>
                <width>30</width>
                <height>30</height>
                <texture>quiz-moviereel.png</texture>
                <animation effect="rotate" center="15,25" start="1080" end="0" time="5000" reversible="false">Visible</animation>
                <visible>Control.HasFocus(4003)</visible>
            </control>
            <control type="button" id="4003">
                <posx>33</posx>
                <posy>0</posy>
                <width>450</width>
                <height>50</height>
                <label>Start</label>
                <align>left</align>
                <aligny>center</aligny>
                <textcolor>ff888888</textcolor>
                <focusedcolor>ffffffff</focusedcolor>
                <texturefocus/>
                <texturenofocus/>
                <font>font30</font>
                <onup>4005</onup>
                <ondown>4004</ondown>
            </control>

            <control type="list" id="4004">
                <posx>0</posx>
                <posy>50</posy>
                <width>450</width>
                <height>50</height>
                <viewtype label="list">list</viewtype>
                <orientation>horizontal</orientation>
                <scrolltime>200</scrolltime>
                <onup>4003</onup>
                <ondown>4005</ondown>
                <itemlayout width="450" height="50">
                    <control type="label">
                        <posx>40</posx>
                        <posy>0</posy>
                        <width>410</width>
                        <height>50</height>
                        <info>ListItem.Label</info>
                        <align>left</align>
                        <aligny>center</aligny>
                        <textcolor>ff888888</textcolor>
                        <font>font30</font>
                    </control>
                </itemlayout>
                <focusedlayout width="450" height="50">
                    <control type="image">
                        <posx>0</posx>
                        <posy>10</posy>
                        <width>30</width>
                        <height>30</height>
                        <texture>quiz-moviereel.png</texture>
                        <animation effect="rotate" center="15,25" start="1080" end="0" time="5000" reversible="false">Visible</animation>
                        <visible>Control.HasFocus(4004)</visible>
                    </control>
                    <control type="label">
                        <posx>40</posx>
                        <posy>0</posy>
                        <width>410</width>
                        <height>50</height>
                        <info>ListItem.Label</info>
                        <align>left</align>
                        <aligny>center</aligny>
                        <textcolor>ffffffff</textcolor>
                        <font>font30</font>
                        <visible>Control.HasFocus(4004)</visible>
                    </control>
                    <control type="label">
                        <posx>400</posx>
                        <posy>0</posy>
                        <width>50</width>
                        <height>50</height>
                        <label>[B]&gt;[/B]</label>
                        <align>left</align>
                        <aligny>center</aligny>
                        <textcolor>ffffffff</textcolor>
                        <font>font30</font>
                        <visible>Control.HasFocus(4004)</visible>
                    </control>

                    <control type="label">
                        <posx>40</posx>
                        <posy>0</posy>
                        <width>410</width>
                        <height>50</height>
                        <info>ListItem.Label</info>
                        <align>left</align>
                        <aligny>center</aligny>
                        <textcolor>ff888888</textcolor>
                        <font>font30</font>
                        <visible>!Control.HasFocus(4004)</visible>
                    </control>
                </focusedlayout>
            </control>

            <control type="image">
                <posx>0</posx>
                <posy>110</posy>
                <width>30</width>
                <height>30</height>
                <texture>quiz-moviereel.png</texture>
                <animation effect="rotate" center="15,125" start="1080" end="0" time="5000" reversible="false">Visible</animation>
                <visible>Control.HasFocus(4005)</visible>
            </control>
            <control type="button" id="4005">
                <posx>33</posx>
                <posy>100</posy>
                <width>450</width>
                <height>50</height>
                <label>$ADDON[script.moviequiz 30105]</label>
                <align>left</align>
                <aligny>center</aligny>
                <textcolor>ff888888</textcolor>
                <focusedcolor>ffffffff</focusedcolor>
                <texturefocus/>
                <texturenofocus/>
                <font>font30</font>
                <onup>4004</onup>
                <ondown>4003</ondown>
            </control>

        </control>



        <control type="label" id="4010">
            <description>visibility marker for group</description>
        </control>
        <control type="group">
            <description>highscore menu</description>
            <posx>830</posx>
            <posy>280</posy>
            <width>480</width>
            <height>350</height>
            <visible>!Control.IsVisible(4010)</visible>
            <animation type="Visible">
                <effect type="fade" start="0" end="100" time="250"/>
                <effect type="rotatey" center="auto" start="-50" end="0" time="500" />
            </animation>
            <animation type="Hidden">
                <effect type="fade" start="100" end="0" time="250"/>
                <effect type="rotatey" center="auto" start="0" end="-50" time="500" />
            </animation>

            <control type="list" id="4011">
                <description>local / global selection</description>
                <posx>0</posx>
                <posy>0</posy>
                <width>450</width>
                <height>50</height>
                <viewtype label="list">list</viewtype>
                <orientation>horizontal</orientation>
                <scrolltime>200</scrolltime>
                <onup>7001</onup>
                <ondown>4012</ondown>
                <itemlayout width="450" height="50">
                    <control type="label">
                        <posx>40</posx>
                        <posy>0</posy>
                        <width>410</width>
                        <height>50</height>
                        <info>ListItem.Label</info>
                        <align>left</align>
                        <aligny>center</aligny>
                        <textcolor>ff888888</textcolor>
                        <font>font30</font>
                    </control>
                </itemlayout>
                <focusedlayout width="450" height="50">
                    <control type="image">
                        <posx>0</posx>
                        <posy>10</posy>
                        <width>30</width>
                        <height>30</height>
                        <texture>quiz-moviereel.png</texture>
                        <animation effect="rotate" center="15,25" start="1080" end="0" time="5000" reversible="false">Visible</animation>
                        <visible>Control.HasFocus(4011)</visible>
                    </control>
                    <control type="label">
                        <posx>40</posx>
                        <posy>0</posy>
                        <width>410</width>
                        <height>50</height>
                        <info>ListItem.Label</info>
                        <align>left</align>
                        <aligny>center</aligny>
                        <textcolor>ffffffff</textcolor>
                        <font>font30</font>
                        <visible>Control.HasFocus(4011)</visible>
                    </control>
                    <control type="label">
                        <posx>400</posx>
                        <posy>0</posy>
                        <width>50</width>
                        <height>50</height>
                        <label>[B]&gt;[/B]</label>
                        <align>left</align>
                        <aligny>center</aligny>
                        <textcolor>ffffffff</textcolor>
                        <font>font30</font>
                        <visible>Control.HasFocus(4011)</visible>
                    </control>

                    <control type="label">
                        <posx>40</posx>
                        <posy>0</posy>
                        <width>410</width>
                        <height>50</height>
                        <info>ListItem.Label</info>
                        <align>left</align>
                        <aligny>center</aligny>
                        <textcolor>ff888888</textcolor>
                        <font>font30</font>
                        <visible>!Control.HasFocus(4011)</visible>
                    </control>
                </focusedlayout>
            </control>

            <control type="list" id="4012">
                <description>game type selection</description>
                <posx>0</posx>
                <posy>50</posy>
                <width>450</width>
                <height>50</height>
                <viewtype label="list">list</viewtype>
                <orientation>horizontal</orientation>
                <scrolltime>200</scrolltime>
                <onup>4011</onup>
                <ondown>4013</ondown>
                <itemlayout width="450" height="50">
                    <control type="label">
                        <posx>40</posx>
                        <posy>0</posy>
                        <width>410</width>
                        <height>50</height>
                        <info>ListItem.Label</info>
                        <align>left</align>
                        <aligny>center</aligny>
                        <textcolor>ff888888</textcolor>
                        <font>font30</font>
                    </control>
                </itemlayout>
                <focusedlayout width="450" height="50">
                    <control type="image">
                        <posx>0</posx>
                        <posy>10</posy>
                        <width>30</width>
                        <height>30</height>
                        <texture>quiz-moviereel.png</texture>
                        <animation effect="rotate" center="15,25" start="1080" end="0" time="5000" reversible="false">Visible</animation>
                        <visible>Control.HasFocus(4012)</visible>
                    </control>
                    <control type="label">
                        <posx>40</posx>
                        <posy>0</posy>
                        <width>410</width>
                        <height>50</height>
                        <info>ListItem.Label</info>
                        <align>left</align>
                        <aligny>center</aligny>
                        <textcolor>ffffffff</textcolor>
                        <font>font30</font>
                        <visible>Control.HasFocus(4012)</visible>
                    </control>
                    <control type="label">
                        <posx>400</posx>
                        <posy>0</posy>
                        <width>50</width>
                        <height>50</height>
                        <label>[B]&gt;[/B]</label>
                        <align>left</align>
                        <aligny>center</aligny>
                        <textcolor>ffffffff</textcolor>
                        <font>font30</font>
                        <visible>Control.HasFocus(4012)</visible>
                    </control>

                    <control type="label">
                        <posx>40</posx>
                        <posy>0</posy>
                        <width>410</width>
                        <height>50</height>
                        <info>ListItem.Label</info>
                        <align>left</align>
                        <aligny>center</aligny>
                        <textcolor>ff888888</textcolor>
                        <font>font30</font>
                        <visible>!Control.HasFocus(4012)</visible>
                    </control>
                </focusedlayout>
            </control>


            <control type="list" id="4013">
                <description>game limit selection</description>
                <posx>0</posx>
                <posy>100</posy>
                <width>450</width>
                <height>50</height>
                <viewtype label="list">list</viewtype>
                <orientation>horizontal</orientation>
                <scrolltime>200</scrolltime>
                <onup>4012</onup>
                <ondown>4014</ondown>
                <itemlayout width="450" height="50">
                    <control type="label">
                        <posx>40</posx>
                        <posy>0</posy>
                        <width>410</width>
                        <height>50</height>
                        <info>ListItem.Label</info>
                        <align>left</align>
                        <aligny>center</aligny>
                        <textcolor>ff888888</textcolor>
                        <font>font30</font>
                    </control>
                </itemlayout>
                <focusedlayout width="450" height="50">
                    <control type="image">
                        <posx>0</posx>
                        <posy>10</posy>
                        <width>30</width>
                        <height>30</height>
                        <texture>quiz-moviereel.png</texture>
                        <animation effect="rotate" center="15,25" start="1080" end="0" time="5000" reversible="false">Visible</animation>
                        <visible>Control.HasFocus(4013)</visible>
                    </control>
                    <control type="label">
                        <posx>40</posx>
                        <posy>0</posy>
                        <width>410</width>
                        <height>50</height>
                        <info>ListItem.Label</info>
                        <align>left</align>
                        <aligny>center</aligny>
                        <textcolor>ffffffff</textcolor>
                        <font>font30</font>
                        <visible>Control.HasFocus(4013)</visible>
                    </control>
                    <control type="label">
                        <posx>400</posx>
                        <posy>0</posy>
                        <width>50</width>
                        <height>50</height>
                        <label>[B]&gt;[/B]</label>
                        <align>left</align>
                        <aligny>center</aligny>
                        <textcolor>ffffffff</textcolor>
                        <font>font30</font>
                        <visible>Control.HasFocus(4013)</visible>
                    </control>

                    <control type="label">
                        <posx>40</posx>
                        <posy>0</posy>
                        <width>410</width>
                        <height>50</height>
                        <info>ListItem.Label</info>
                        <align>left</align>
                        <aligny>center</aligny>
                        <textcolor>ff888888</textcolor>
                        <font>font30</font>
                        <visible>!Control.HasFocus(4013)</visible>
                    </control>
                </focusedlayout>
            </control>





            <control type="image">
                <posx>0</posx>
                <posy>160</posy>
                <width>30</width>
                <height>30</height>
                <texture>quiz-moviereel.png</texture>
                <animation effect="rotate" center="15,175" start="1080" end="0" time="5000" reversible="false">Visible</animation>
                <visible>Control.HasFocus(4014)</visible>
            </control>
            <control type="button" id="4014">
                <posx>33</posx>
                <posy>150</posy>
                <width>450</width>
                <height>50</height>
                <label>$ADDON[script.moviequiz 30105]</label>
                <align>left</align>
                <aligny>center</aligny>
                <textcolor>ff888888</textcolor>
                <focusedcolor>ffffffff</focusedcolor>
                <texturefocus/>
                <texturenofocus/>
                <font>font30</font>
                <onup>4013</onup>
                <ondown>4011</ondown>
            </control>

        </control>




        <control type="label" id="6000">
            <description>visibility marker for group</description>
        </control>
        <control type="group">
            <description>about</description>
            <posx>120</posx>
            <posy>80</posy>
            <width>540</width>
            <height>600</height>
            <visible>!Control.IsVisible(6000)</visible>
            <animation type="Visible">
                <effect type="fade" start="0" end="100" time="250"/>
                <effect type="rotatey" center="auto" start="50" end="0" time="500" />
            </animation>
            <animation type="Hidden">
                <effect type="fade" start="100" end="0" time="250"/>
                <effect type="rotatey" center="auto" start="0" end="50" time="500" />
            </animation>

            <control type="textbox" id="6001">
                <posx>0</posx>
                <posy>0</posy>
                <width>540</width>
                <height>600</height>
                <textcolor>ffffffff</textcolor>
                <font>font13</font>
                <wrapmultiline>true</wrapmultiline>
                <autoscroll time="3600" delay="6000" repeat="6000">true</autoscroll>
                <label>$ADDON[script.moviequiz 30008]</label>
            </control>
        </control>




        <control type="group">
            <posx>300</posx>
            <posy>280</posy>
            <width>470</width>
            <height>55</height>
            <visible>!IntegerGreaterThan(Container(7001).NumItems,0) + !Control.IsVisible(4010)</visible>
            <animation type="Visible">
                <effect type="fade" start="0" end="100" time="250"/>
                <effect type="rotatey" center="auto" start="-50" end="0" time="500" />
            </animation>
            <animation type="Hidden">
                <effect type="fade" start="100" end="0" time="250"/>
                <effect type="rotatey" center="auto" start="0" end="-50" time="500" />
            </animation>

            <control type="image">
                <posx>0</posx>
                <posy>0</posy>
                <width>54</width>
                <height>55</height>
                <texture>loading.gif</texture>
            </control>
            <control type="label">
                <posx>70</posx>
                <posy>0</posy>
                <width>400</width>
                <height>55</height>
                <label>$ADDON[script.moviequiz 30008]</label>
                <aligny>center</aligny>
                <font>font30</font>
            </control>
        </control>

        <control type="label" id="7000">
            <description>visibility marker for highscores group</description>
        </control>
        <control type="group">
            <description>highscores</description>
            <posx>120</posx>
            <posy>80</posy>
            <width>540</width>
            <height>600</height>
            <visible>!Control.IsVisible(7000)</visible>
            <animation type="Visible">
                <effect type="fade" start="0" end="100" time="250"/>
                <effect type="rotatey" center="auto" start="50" end="0" time="500" />
            </animation>
            <animation type="Hidden">
                <effect type="fade" start="100" end="0" time="250"/>
                <effect type="rotatey" center="auto" start="0" end="50" time="500" />
            </animation>

            <control type="label">
                <posx>0</posx>
                <posy>0</posy>
                <width>60</width>
                <height>40</height>
                <textcolor>ffffffff</textcolor>
                <font>font13</font>
                <label>[B]#[/B]</label>
                <align>center</align>
                <aligny>center</aligny>
            </control>
            <control type="label">
                <description>nickname</description>
                <posx>90</posx>
                <posy>0</posy>
                <width>310</width>
                <height>40</height>
                <textcolor>ffffffff</textcolor>
                <textoffsetx>10</textoffsetx>
                <font>font13</font>
                <label>$ADDON[script.moviequiz 30812]</label>
                <aligny>center</aligny>
            </control>
            <control type="label">
                <description>score</description>
                <posx>370</posx>
                <posy>0</posy>
                <width>180</width>
                <height>40</height>
                <textcolor>ffffffff</textcolor>
                <textoffsetx>10</textoffsetx>
                <font>font13</font>
                <label>$ADDON[script.moviequiz 30813]</label>
                <aligny>center</aligny>
                <align>right</align>
            </control>
            <control type="label">
                <description>date</description>
                <posx>550</posx>
                <posy>0</posy>
                <width>210</width>
                <height>40</height>
                <textcolor>ffffffff</textcolor>
                <textoffsetx>10</textoffsetx>
                <font>font13</font>
                <label>$ADDON[script.moviequiz 30814]</label>
                <aligny>center</aligny>
                <align>right</align>
            </control>

            <control type="list" id="7001">
                <posx>0</posx>
                <posy>40</posy>
                <width>550</width>
                <height>480</height>
                <onright>4011</onright>
                <viewtype label="list">list</viewtype>
                <orientation>vertical</orientation>
                <scrolltime>200</scrolltime>
                <pagecontrol>7002</pagecontrol>
                <itemlayout width="550" height="40" condition="Control.HasFocus(7001)">
                    <control type="label">
                        <posx>30</posx>
                        <posy>0</posy>
                        <width>60</width>
                        <height>40</height>
                        <textcolor>ff888888</textcolor>
                        <font>font13</font>
                        <info>ListItem.Property(position)</info>
                        <align>center</align>
                        <aligny>center</aligny>
                    </control>
                    <control type="image">
                        <posx>60</posx>
                        <posy>5</posy>
                        <width>30</width>
                        <height>30</height>
                        <info>ListItem.Property(countryIconUrl)</info>
                        <aspectratio>keep</aspectratio>
                    </control>
                    <control type="label">
                        <posx>90</posx>
                        <posy>0</posy>
                        <width>310</width>
                        <height>40</height>
                        <textcolor>ff888888</textcolor>
                        <textoffsetx>10</textoffsetx>
                        <font>font13</font>
                        <info>ListItem.Label</info>
                        <aligny>center</aligny>
                    </control>
                    <control type="label">
                        <posx>370</posx>
                        <posy>0</posy>
                        <width>180</width>
                        <height>40</height>
                        <textcolor>ff888888</textcolor>
                        <textoffsetx>10</textoffsetx>
                        <font>font13</font>
                        <info>ListItem.Property(score)</info>
                        <aligny>center</aligny>
                        <align>right</align>
                    </control>
                    <control type="label">
                        <posx>550</posx>
                        <posy>0</posy>
                        <width>210</width>
                        <height>40</height>
                        <textcolor>ff888888</textcolor>
                        <textoffsetx>10</textoffsetx>
                        <font>font13</font>
                        <info>ListItem.Property(timestamp)</info>
                        <aligny>center</aligny>
                        <align>right</align>
                    </control>
                </itemlayout>
                <itemlayout width="550" height="40" condition="!Control.HasFocus(7001)">
                    <control type="label">
                        <posx>30</posx>
                        <posy>0</posy>
                        <width>60</width>
                        <height>40</height>
                        <textcolor>ffffffff</textcolor>
                        <font>font13</font>
                        <info>ListItem.Property(position)</info>
                        <align>center</align>
                        <aligny>center</aligny>
                    </control>
                    <control type="image">
                        <posx>60</posx>
                        <posy>5</posy>
                        <width>30</width>
                        <height>30</height>
                        <info>ListItem.Property(countryIconUrl)</info>
                        <aspectratio>keep</aspectratio>
                    </control>
                    <control type="label">
                        <posx>90</posx>
                        <posy>0</posy>
                        <width>310</width>
                        <height>40</height>
                        <textcolor>ffffffff</textcolor>
                        <textoffsetx>10</textoffsetx>
                        <font>font13</font>
                        <info>ListItem.Label</info>
                        <aligny>center</aligny>
                    </control>
                    <control type="label">
                        <posx>370</posx>
                        <posy>0</posy>
                        <width>180</width>
                        <height>40</height>
                        <textcolor>ffffffff</textcolor>
                        <textoffsetx>10</textoffsetx>
                        <font>font13</font>
                        <info>ListItem.Property(score)</info>
                        <aligny>center</aligny>
                        <align>right</align>
                    </control>
                    <control type="label">
                        <posx>550</posx>
                        <posy>0</posy>
                        <width>210</width>
                        <height>40</height>
                        <textcolor>ffffffff</textcolor>
                        <textoffsetx>10</textoffsetx>
                        <font>font13</font>
                        <info>ListItem.Property(timestamp)</info>
                        <aligny>center</aligny>
                        <align>right</align>
                    </control>
                </itemlayout>
                <focusedlayout width="550" height="40">
                    <control type="label">
                        <posx>30</posx>
                        <posy>0</posy>
                        <width>60</width>
                        <height>40</height>
                        <textcolor>ffffffff</textcolor>
                        <font>font13</font>
                        <info>ListItem.Property(position)</info>
                        <align>center</align>
                        <aligny>center</aligny>
                    </control>
                    <control type="image">
                        <posx>60</posx>
                        <posy>5</posy>
                        <width>30</width>
                        <height>30</height>
                        <info>ListItem.Property(countryIconUrl)</info>
                        <aspectratio>keep</aspectratio>
                    </control>
                    <control type="label">
                        <posx>90</posx>
                        <posy>0</posy>
                        <width>310</width>
                        <height>40</height>
                        <textcolor>ffffffff</textcolor>
                        <textoffsetx>10</textoffsetx>
                        <font>font13</font>
                        <info>ListItem.Label</info>
                        <aligny>center</aligny>
                    </control>
                    <control type="label">
                        <posx>370</posx>
                        <posy>0</posy>
                        <width>380</width>
                        <height>40</height>
                        <textcolor>ffffffff</textcolor>
                        <textoffsetx>10</textoffsetx>
                        <font>font13</font>
                        <info>ListItem.Property(score)</info>
                        <aligny>center</aligny>
                        <align>right</align>
                    </control>
                    <control type="label">
                        <posx>550</posx>
                        <posy>0</posy>
                        <width>210</width>
                        <height>40</height>
                        <textcolor>ffffffff</textcolor>
                        <textoffsetx>10</textoffsetx>
                        <font>font13</font>
                        <info>ListItem.Property(timestamp)</info>
                        <aligny>center</aligny>
                        <align>right</align>
                    </control>
                </focusedlayout>
            </control>

            <control type="scrollbar" id="7002">
                <posx>560</posx>
                <posy>40</posy>
                <width>2</width>
                <height>480</height>
                <onleft>7001</onleft>
                <texturesliderbar>quiz-white-square.png</texturesliderbar>
            </control>

            <control type="label">
                <posx>20</posx>
                <posy>550</posy>
                <width>550</width>
                <height>80</height>
                <textcolor>ffffffff</textcolor>
                <font>font13</font>
                <label>$ADDON[script.moviequiz 30816]</label>
                <wrapmultiline>true</wrapmultiline>
                <align>center</align>
            </control>
        </control>




        <control type="group">
            <description>statistics</description>
            <posx>800</posx>
            <posy>640</posy>
            <width>400</width>
            <height>60</height>
            <animation type="WindowOpen">
                <effect type="fade" start="0" end="100" delay="350" time="500"/>
            </animation>
            <animation type="WindowClose">
                <effect type="fade" start="100" end="0" time="500"/>
            </animation>

            <control type="label">
                <posx>-50</posx>
                <posy>0</posy>
                <width>200</width>
                <height>30</height>
                <textcolor>ffffffff</textcolor>
                <font>font13</font>
                <label>Player</label>
                <align>left</align>
                <aligny>center</aligny>
            </control>
            <control type="image">
                <posx>-50</posx>
                <posy>40</posy>
                <width>16</width>
                <height>16</height>
                <texture>quiz-icon-player.png</texture>
            </control>
            <control type="label" id="5000">
                <posx>-30</posx>
                <posy>30</posy>
                <width>200</width>
                <height>30</height>
                <textcolor>ffffffff</textcolor>
                <font>font13</font>
                <label>...</label>
                <align>left</align>
                <aligny>center</aligny>
            </control>

            <control type="label">
                <posx>140</posx>
                <posy>0</posy>
                <width>200</width>
                <height>30</height>
                <textcolor>ffffffff</textcolor>
                <font>font13</font>
                <label>Games played</label>
                <align>left</align>
                <aligny>center</aligny>
            </control>


            <control type="image">
                <posx>140</posx>
                <posy>40</posy>
                <width>16</width>
                <height>16</height>
                <texture>quiz-icon-player.png</texture>
            </control>
            <control type="label" id="5001">
                <posx>160</posx>
                <posy>30</posy>
                <width>100</width>
                <height>30</height>
                <label>...</label>
                <textcolor>ffffffff</textcolor>
                <font>font13</font>
                <align>left</align>
                <aligny>center</aligny>
            </control>



            <control type="image" id="5004">
                <posx>240</posx>
                <posy>40</posy>
                <width>16</width>
                <height>11</height>
                <texture />
                <visible>!StringCompare(Control.GetLabel(5002),)</visible>
            </control>
            <control type="label" id="5002">
                <posx>260</posx>
                <posy>30</posy>
                <width>100</width>
                <height>30</height>
                <label />
                <textcolor>ffffffff</textcolor>
                <font>font13</font>
                <align>left</align>
                <aligny>center</aligny>
            </control>

            <control type="image">
                <posx>340</posx>
                <posy>37</posy>
                <width>16</width>
                <height>16</height>
                <texture>quiz-icon-world.png</texture>
                <visible>!StringCompare(Control.GetLabel(5003),)</visible>
            </control>
            <control type="label" id="5003">
                <posx>360</posx>
                <posy>30</posy>
                <width>100</width>
                <height>30</height>
                <label />
                <textcolor>ffffffff</textcolor>
                <font>font13</font>
                <align>left</align>
                <aligny>center</aligny>
            </control>

        </control>


    </controls>
</window>