<?xml version="1.0" encoding="UTF-8" standalone="yes"?>
<addon id="plugin.video.kermodeandmayo" name="Kermode and Mayo's Film Review" version="0.0.1" provider-name="Leopold">
  <requires>
    <import addon="xbmc.python" version="2.1.0"/>
    <import addon="script.module.xbmcswift2" version="2.4.0" optional="false"/>
    <import addon="script.module.beautifulsoup4" version="4.3.2" optional="false"/>
    <import addon="script.module.requests2" version="2.2.1" optional="false"/>
  </requires>
  <extension point="xbmc.python.pluginsource" library="addon.py">
    <provides>video audio</provides>
  </extension>
  <extension point="xbmc.addon.metadata">
    <platform>all</platform>
    <language>en</language>
    <summary language="en">Mark Kermode joins Simon Mayo to give his verdict on the week's movies</summary>
    <description language="en">This plugin provides access to the full episode podcasts and video clips from Kermode and Mayo's Film Review at bbc.co.uk. The videos contain film reviews or interviews which are broadcast live on Fridays at 2pm on BBC Radio 5 live.

Outspoken, opinionated and never lost for words, Mark Kermode is the UK's leading film critic. Feted as one of the finest film reviewers of his generation as well as for his impeccably-coiffured quiff, Mark Kermode presents the film review on Radio 5 live with Simon Mayo in a broadcast partnership that has lasted nearly 20 years.</description>
    <website>http://www.bbc.co.uk/programmes/b00lvdrj</website>
    <source>https://github.com/LS80/plugin.video.kermodeandmayo.git</source>
    <license>GNU GENERAL PUBLIC LICENSE. Version 3, 29 June 2007</license>
  </extension>
</addon>
