<?xml version="1.0" encoding="UTF-8" standalone="yes"?>
<addon id="repository.googlecode.krysty-xbmc" name="krysty-xbmc addons" version="1.0.3" provider-name="krysty">
	<extension point="xbmc.addon.repository" name="krysty-xbmc add-on repository">
		<info compressed="false">https://krysty-xbmc.googlecode.com/svn/addons/addons.xml</info>
		<checksum>https://krysty-xbmc.googlecode.com/svn/addons/addons.xml.md5</checksum>
		<datadir zip="true">https://krysty-xbmc.googlecode.com/svn/addons</datadir>
	</extension>
	<extension point="xbmc.addon.metadata">
		<summary>Install Addons from http://krysty-xbmc.googlecode.com</summary>
		<description>Download and install 990.ro addon.</description>
		<platform>all</platform>
	</extension>
</addon>