<addon id="repository.jools" name="Jools' Repository" version="0.1.0" provider-name="Jools">
        <extension point="xbmc.addon.repository" name="Jools' XBMC Addons">
                <info compressed="false">http://cyco.se/xbmc/repository/addons.xml</info>
                <checksum>http://cyco.se/xbmc/repository/addons.xml.md5</checksum>
                <datadir zip="true">http://cyco.se/xbmc/repo/</datadir>
        </extension>
        <extension point="xbmc.addon.metadata">
                <summary>Jools' Addons</summary>
                <description>Download and install addons by Jools!</description>
                <platform>all</platform>
        </extension>
</addon>
