<?xml version="1.0" encoding="utf-8" standalone="yes"?>
<addon id="script.lazytv.SANNAME"
       name="CLONENAME"
       version="0.9.93"
       provider-name="KodeKarnage">
    <requires>
        <import addon="xbmc.python" version="2.1.0"/>
    </requires>

<extension point="xbmc.python.script"
            library="default.py">
            <provides>executable</provides>
    </extension>

    <extension point="xbmc.addon.metadata">
        <summary lang="en">COMBNAME</summary>
        <description lang="en">This is a cloned version of the LazyTV front-end.</description>
        <language>en</language>
        <platform>all</platform>
        <license>GNU GENERAL PUBLIC LICENSE Version 3, 29 June 2007</license>
        <email>subliminal.karnage at gmail dot com</email>
        <forum>http://forum.xbmc.org/showthread.php?tid=170975</forum>
        <website>http://wiki.xbmc.org/index.php?title=Add-on:LazyTV</website>
        <source>https://github.com/KODeKarnage/script.lazytv/</source>
    </extension>
</addon>
