<?xml version="1.0" encoding="UTF-8" standalone="yes"?>
<addon id="service.subtitles.napisy24pl"
       name="Napisy24.pl"
       version="1.0.5"
       provider-name="CaTz">
    <requires>
        <import addon="xbmc.python" version="2.14.0"/>
		<import addon="script.module.beautifulsoup" version="3.2.1"/>
    </requires>
    <extension point="xbmc.subtitle.module" library="service.py"/>
    <extension point="xbmc.addon.metadata">
		<summary lang="en">Napisy24.pl</summary>
		<description lang="en">Search and Download subtitles from napisy24.pl.</description>
		<summary lang="pl">Napisy24.pl</summary>
		<description lang="pl">Szukaj i pobieraj napisy z serwisu napisy24.pl.</description>
		<source>https://github.com/CaTzil/service.subtitles.napisy24pl</source>
		<language></language>
		<email></email>
		<forum></forum>
		<website></website>
		<license>GNU GENERAL PUBLIC LICENSE. Version 2, June 1991</license>
    </extension>
</addon>
