<?xml version="1.0" encoding="UTF-8" standalone="yes"?>
<addon id="script.module.geopy" name="geoPy" version="0.98.1" provider-name="geoPy">
	<requires>
		<import addon="xbmc.python" version="2.1.0" />
	</requires>
	<extension point="xbmc.python.module" library="lib" />
	<extension point="xbmc.addon.metadata">
		<summary lang="en">geopy Geocoder Lib repack for XBMC</summary>
		<description lang="en">geopy is a Python client for several popular geocoding web services.</description>
		<disclaimer>GeoPy Project and individual contributors under the MIT License.</disclaimer>
		<license>MIT</license>
		<platform>all</platform>
		<source>https://github.com/mablae/script.module.geopy.git</source>
		<website>https://github.com/geopy/geopy</website>
	</extension>
</addon>
