<?xml version="1.0" encoding="UTF-8" standalone="yes"?>
<addon id="plugin.audio.montecarlo"
       name="Monte Carlo radio online"
       version="0.0.1"
       provider-name="lin.spb.ru">
  <requires>
    <import addon="xbmc.python" version="1.0"/>
  </requires>
  <extension point="xbmc.python.pluginsource"
            library="default.py">
        <provides>audio</provides>
  </extension>
  <extension point="xbmc.addon.metadata">
    <summary>Live Music.</summary>
    <description>no</description>
    <platform>all</platform>
  </extension>
</addon>
