<window id="100">
	<defaultcontrol always="true">10</defaultcontrol>
	<coordinates>
		<system>1</system>
		<posx>335</posx>
		<posy>230</posy>
	</coordinates>
	<include>dialogeffect</include>
	<controls>
		<control type="image">
			<posx>0</posx>
			<posy>0</posy>
			<width>610</width>
			<height>240</height>
			<texture border="40">DialogBack.png</texture>
		</control>
		<control type="image">
			<description>Dialog Header image</description>
			<posx>40</posx>
			<posy>16</posy>
			<width>530</width>
			<height>40</height>
			<texture>dialogheader.png</texture>
		</control>
		<control id="1" type="label">
			<description>header label</description>
			<posx>40</posx>
			<posy>20</posy>
			<width>530</width>
			<height>30</height>
			<font>font13_title</font>
			<label>$ADDON[plugin.video.synopsi 30104]</label>
			<align>center</align>
			<aligny>center</aligny>
			<textcolor>selected</textcolor>
			<shadowcolor>black</shadowcolor>
		</control>
		<control type="button">
			<description>Close Window button</description>
			<posx>520</posx>
			<posy>15</posy>
			<width>64</width>
			<height>32</height>
			<label>-</label>
			<font>-</font>
			<onclick>PreviousMenu</onclick>
			<texturefocus>DialogCloseButton-focus.png</texturefocus>
			<texturenofocus>DialogCloseButton.png</texturenofocus>
			<onleft>10</onleft>
			<onright>10</onright>
			<onup>10</onup>
			<ondown>10</ondown>
			<visible>system.getbool(input.enablemouse)</visible>
		</control>
		<control id="2" type="label">
			<description>dialog line 1</description>
			<posx>30</posx>
			<posy>60</posy>
			<width>550</width>
			<height>30</height>
			<!--<align>left</align>-->
			<align>center</align>
			<aligny>center</aligny>
			<label>$ADDON[plugin.video.synopsi 30100]</label>
			<font>font13</font>
		</control>
		<control id="15" type="button">
			<description>Terrible button</description>
			<posx>65</posx>
			<posy>175</posy>
			<width>150</width>
			<height>40</height>
			<label>$ADDON[plugin.video.synopsi 30103]</label>
			<font>font12_title</font>
			<textcolor>white</textcolor>
			<focusedcolor>white</focusedcolor>
			<align>center</align>
			<onleft>15</onleft>
			<onright>10</onright>
			<onup>15</onup>
			<ondown>15</ondown>
		</control>
		<control id="10" type="button">
			<description>ok button</description>
			<posx>225</posx>
			<posy>175</posy>
			<width>150</width>
			<height>40</height>
			<label>$ADDON[plugin.video.synopsi 30102]</label>
			<font>font12_title</font>
			<textcolor>white</textcolor>
			<focusedcolor>white</focusedcolor>
			<align>center</align>
			<onleft>15</onleft>
			<onright>11</onright>
			<onup>10</onup>
			<ondown>10</ondown>
		</control>
		<control id="11" type="button">
			<description>Amazing button</description>
			<posx>385</posx>
			<posy>175</posy>
			<width>150</width>
			<height>40</height>
			<label>$ADDON[plugin.video.synopsi 30101]</label>
			<font>font12_title</font>
			<textcolor>white</textcolor>
			<focusedcolor>white</focusedcolor>
			<align>center</align>
			<onleft>10</onleft>
			<onright>11</onright>
			<onup>11</onup>
			<ondown>11</ondown>
		</control>
	</controls>
</window>
