﻿<?xml version="1.0" encoding="UTF-8" standalone="yes"?>
<addon id="service.watchedlist"
	name="WatchedList"
	version="0.9.6"
	provider-name="schapplm">
	<requires>
		<import addon="xbmc.python" version="2.1.0"/> <!-- Version 12 Frodo (not tested under v11 Eden, could work)-->
		<import addon="script.module.simplejson" version="2.0.10" />
		<import addon="script.module.buggalo" version="1.1.3" /> <!-- min. version 1.1.3 for email report -->
	</requires>
	<extension point="xbmc.python.script" library="manual.py"> <!--Python code for manual start in the addons menu-->
		<provides>executable</provides> <!-- Addon is shown under Programs -->
	</extension>
	<extension point="xbmc.service" library="default.py" start="login"> <!-- Python code for autostart -->
	</extension>
	<extension point="xbmc.addon.metadata">
		<summary lang="en">Save watched Movies and TV Episodes independent from filenames</summary>
		<summary lang="de">Gesehen-Status von Filmen und Serien-Episoden unabhängig von Dateinamen speichern</summary>
		<description lang="en">
		Export: Searches the XBMC-Database for watched files. Determine imdb-id and thetvdb-id to identify movies and TV-episodes. Then save the list to a new independent table.
		Import: Set the watched state for each video file in xbmc.
		Automatic background process without user interaction.</description>
		<description lang="de">
		Export: Durchsucht die XBMC-Datenbank nach gesehenen Filmen und ordne den Dateien die eindeutigen Kennnummern von imdb und TheTVDB zu. Gesehene Filme und Episoden werden jeweils in einer eigenen Datenbank gespeichert.
		Import: Der Gesehen-Status von Medien in XBMC wird aus der Gesehenen-Tabelle geholt.
		Die Synchronisierung geschieht automatisch im Hintergrund ohne Benutzereingriff.</description>
		<disclaimer lang="en">This script does not regard the file format. A Movie watched in DVD quality will also set	the 1080p version as watched.</disclaimer>
		<disclaimer lang="de">Dieses Script ignoriert das Dateiformat. Ein gesehener Film in DVD-Qualität wird auch in der BlueRay-Version als gesehen gekennzeichnet.</disclaimer>
		<platform>all</platform>
	</extension>
</addon>
