<?xml version="1.0" encoding="UTF-8" standalone="yes"?>
<addon id="plugin.video.musicvideos"
	   name="MusicVideos"
	   version="1.0.1"
	   provider-name="pcd">
  <requires>
        <import addon="xbmc.python" version="2.1.0"/>
  </requires>
  <extension point="xbmc.python.pluginsource" library="default.py">
        <provides>video</provides>
  </extension>

  <extension point="xbmc.addon.metadata">
        <summary lang="en">Plays videos from www.musicvideos.com</summary>
        <language>en</language>
        <description lang="en">Plays videos from www.musicvideos.com</description>
        <platform>all</platform>
  </extension>

</addon>


