<?xml version="1.0" encoding="UTF-8" standalone="yes"?>
<addon id="service.dbus.notify"
       name="D-Bus notification service"
       version="1.0.2"
       provider-name="Team XBMC">
  <requires>
    <import addon="xbmc.python" version="2.1.0"/>
  </requires>
  <extension point="xbmc.service"
             library="default.py" start="startup">
  </extension>
  <extension point="xbmc.addon.metadata">
    <summary lang="en">D-Bus notification service</summary>
    <description lang="en">Connects to the D-Bus notification interface and publishes the currently playing media information.</description>
    <platform>linux</platform>
    <license>GPL v2</license>
  </extension>
</addon>
