<?xml version="1.0" encoding="UTF-8" standalone="yes"?>
<addon
  id="plugin.video.video4Khmer"
  version="1.0.24"
  name="video4Khmer"
  provider-name="Dknight">
  <requires>
		<import addon="script.module.simplejson" />
		<import addon="script.module.t0mm0.common" version="1.1.0"/>
  </requires>
  <extension point="xbmc.python.pluginsource"
            library="default.py">
        <provides>video</provides>
  </extension>
  <extension point="xbmc.addon.metadata">
    <summary>video4Khmer</summary>
    <description>Watch video4Khmer Videos</description>
    <platform>all</platform>
  </extension>
</addon>