<?xml version="1.0" encoding="UTF-8" standalone="yes"?>
<addon id="plugin.video.pinkbike"
       name="Pinkbike.com"
       version="0.2.1"
       provider-name="Popeye">
  <requires>
    <import addon="xbmc.python" version="2.1.0"/>
    <import addon="script.module.beautifulsoup" version="3.2.0"/>
  </requires>
  <extension point="xbmc.python.pluginsource" library="default.py">
        <provides>video</provides>
  </extension>
  <extension point="xbmc.addon.metadata">
    <platform>all</platform>
    <language></language>
    <summary lang="en">Watch videos from Pinkbike.com</summary>
    <description lang="en">Browse and play videos from mountain bike community pinkbike.com</description>
  </extension>
</addon>