﻿<?xml version="1.0" encoding="UTF-8" standalone="yes"?>
<addon id="weather.weatherplus"
       name="Weather Plus"
       version="2.5.0"
       provider-name="Brightsr">
  <requires>
    <import addon="xbmc.python" version="2.0"/>
  </requires>
  <extension point="xbmc.python.weather" library="default.py"/>
  <extension point="xbmc.addon.metadata">
    <summary lang="en">Current weather conditions and colorful forecasts.</summary>
    <description lang="en">Originally by Nuka1195.[CR][CR]This is the advanced weather source.[CR][CR]It provides not only current weather conditions but also extended forecasts and information including forecast videos and weather alerts.[CR][CR]Default weather provider is Weather.com, and you can use alternative providers such as Accuweather.com or NOAA. </description>
    <platform>all</platform>
  </extension>
</addon>
