<?xml version="1.0" encoding="UTF-8" standalone="yes"?>
<addon id="script.gomiso"
       name="gomiso"
       version="1.6.0"
       provider-name="metabaron">
  <requires>
    <import addon="xbmc.python" version="2.0"/>
	<import addon="script.module.simplejson" version="2.0.10"/>
  </requires>
  <extension point="xbmc.python.script"
             library="default.py"/>
  <extension point="xbmc.addon.metadata">
    <summary lang="en">Miso is a social TV platform that makes watching TV more fun. The Miso team is located in San Francisco at 901 Mission Street in the San Francisco Chronicle Building.</summary>
    <description lang="en">
		The XBMC plugin for gomiso updates it with what you've been watching in XBMC. For best results, make sure you are in library mode.
		
		Installation instructions: 
		After installing this plugin, sign up for an account at http://gomiso.com.  Then.. 
		
		1. Navigate to Home > Programs and activate gomiso (location of gomiso activation is skin dependent and may be in other places labeled Addons, Scripts, etc.)
		2. Enter in username and password that you have set up on the gomiso website and any other configuration you would like 
		
		Note: if you do not configure gomiso to autostart, you will need to repeat step 1 any time you would like to submit tv shows or movies
    </description>
    <platform>all</platform>
  </extension>
</addon>
