﻿<?xml version="1.0" encoding="utf-8" standalone="yes"?>
<addon id="metadata.mymovies.dk" name="My Movies.dk" version="1.2.6" provider-name="Binnerup Consult">
  <requires>
    <import addon="xbmc.metadata" version="1.0" />
  </requires>
  <extension point="xbmc.metadata.scraper.movies" language="multi" library="mymoviesdk.xml" requiressettings="true" />
  <extension point="xbmc.addon.metadata">
    <summary lang="da">My Movies.dk Film Scraper</summary>
    <summary lang="en">My Movies Movie Scraper</summary>
    <summary lang="hu">My Movies filmadat leolvasó</summary>
    <summary lang="kr">MyMovies.dk 영화 스크래퍼</summary>
    <summary lang="pl">Scraper filmów My Movies</summary>
    <summary lang="pt">Scraper de filmes My Movies</summary>
    <description lang="da">Hent film information fra www.mymovies.dk. My Movies er den største kilde af meta data (DVD, Blu-ray og HD-DVD) men har også det bedste arkiv af film plakater og fanart/backdrops. My Movies er også den hurtigste kilde af meta data for XBMC hvilket betyder at opdateringer er så hurtige som overhovedet muligt (9+ gange hurtigere). Som noget unikt kan man bruge stregkoder ud over foldere og IMDb URL'er for at finde korrekte backups. Alle disse funktioner kommer med en pris, da My Movies ikke er gratis - enten kan man bidrage med data for at få points, man kan donere penge for at få points eller man kan købe API adgang som er den billigste løsning. Uanset hvad skal man bruge 2500 point og et login for at bruge denne scraper ud over prøve perioden. Mere info kan findes på websitet...</description>
    <description lang="en">Download Movie information from www.mymovies.dk. My Movies is the single largest source movie disc meta data (DVD, Blu-ray and HD-DVD) but also has the best library of movie posters and fanart. My Movies is also the fastest source of meta data for XBMC meaning library updates are as fast as possible (9+ times faster). As something unique you can use barcodes in addition to foldernames and IMDb url's to get perfect matches of your backups. All these features comes with a price as My Movies is not free - you can either contribute data to get points, you can donate money to get points or you can buy API access. Either way you need 2500 points and a login to use this scraper. More info can be found at the website...</description>
    <description lang="hu">Film információk letöltése a www.mymovies.dk webhelyről. A MyMovies a legnagyobb forrás a film lemezekhez (DVD, Blu-ray és HD-DVD) és a legjobb gyüjteménnyel rendelkezik poszterekből és fanartképekből is. A MyMovies jelenleg a leggyorsabb meta-adat forrás az XBMC számára. Ez azt jelenti, hogy a médiatár frissítések a lehető leggyorsabbak. Egyedi lehetőség, hogy ha vonalkódot vagy IMDb címet használsz a könyvtárak nevében, akkor tökéletes és gyors a keresési találat. Mindezek a funkciók nem ingyenesek. Vagy adat hozzájárulással, vagy pénz hozzájárulással gyüjthetsz pontokat amivel hozzáférést vásárolhatsz. 2500 pontra van szükséged és egy loginra, hogy ezt a leolvasót használhasd. További info a weboldalon...</description>
    <description lang="kr">MyMovies.dk 에서 영화 정보 다운로드</description>
    <description lang="pl">Pobieraj informacje o filmach z www.mymovies.dk</description>
    <description lang="pt">Descarregar informação de filmes de www.mymovies.dk</description>
  </extension>
</addon>
