<?xml version="1.0" encoding="UTF-8" standalone="yes"?>

<addon id="plugin.video.Movie2k"
  name="Movie2k"
 version="1.8"
  provider-name="Voinage">

<requires> 
  <import addon="xbmc.python" version="1.0"/>

  <import addon="script.module.urlresolver"  version="1.0.5"/>

  <import addon="script.module.t0mm0.common" version="1.1.0"/>

  <import addon="script.module.metahandler"  version="1.0.1"/>
 
</requires>
    
<extension point="xbmc.python.pluginsource"
 library="default.py">

  <provides>video</provides>

</extension>
    
<extension point="xbmc.addon.metadata">

  <platform>all</platform>

  <summary>Stream Everything from Movie2k</summary>

</extension>

</addon>
