<?xml version="1.0" encoding="UTF-8"?>
<addon id="plugin.video.redbull_tv" name="RedBull.tv" version="2.0.5" provider-name="AddonScriptorDE">
    <requires>
        <import addon="xbmc.python" version="2.1.0"/>
        <import addon="script.module.pyamf" version="0.6.1"/>
    </requires>
    <extension point="xbmc.python.pluginsource" library="default.py">
        <provides>video</provides>
    </extension>
    <extension point="xbmc.addon.metadata">
        <platform>all</platform>
        <summary lang="en">RedBullTV: Shows and live events</summary>
        <language>en</language>
        <description lang="en">RedBullTV: Shows and live events</description>
        <disclaimer lang="en">Some parts of this addon may not be legal in your country of residence - please check with your local laws before installing.</disclaimer>
        <website>http://www.redbull.tv</website>
        <source>https://github.com/AddonScriptorDE/plugin.video.redbull_tv</source>
        <forum>http://forum.xbmc.org/showthread.php?tid=135532</forum>
        <email>AddonScriptorDE at yahoo dot de</email>
    </extension>
</addon>
