<?xml version="1.0" encoding="UTF-8" standalone="yes"?>
<addon id="plugin.video.xbmc-czech.NovaTV"
       name="Nova TV"
       version="1.0"
       provider-name="Miroslav Vit">
  <requires>
    <import addon="xbmc.python" version="1.0"/>
  </requires>
  <extension point="xbmc.python.pluginsource" library="default.py">
    <provides>video</provides>
  </extension>
  <extension point="xbmc.addon.metadata">
    <platform>all</platform>
    <summary>Nova TV video-archive plugin</summary>
    <summary lang="cs">Nova TV - archiv</summary>
    <description>
        Plugin for plaing videos on http://archiv.nova.cz/home/simulcast
    </description>
    <description lang="cs">
        Plugin pro přehrávání videí z webu http://archiv.nova.cz/home/simulcast
    </description>
  </extension>
</addon>
