<?xml version="1.0" encoding="UTF-8" standalone="yes"?>
<addon id="script.module.validictory"
       name="validictory"
       version="0.9.3"
       provider-name="sunlightlabs">
  <requires>
    <import addon="xbmc.python" version="2.1.0"/>
  </requires>
  <extension point="xbmc.python.module"
             library="lib" />
  <extension point="xbmc.addon.metadata">
    <summary>A general purpose Python data validator</summary>
    <description>Packed for XBMC from https://github.com/sunlightlabs/validictory</description>
    <license>MIT</license>
    <platform>all</platform>
    <source>https://github.com/sunlightlabs/validictory</source>
    <website>https://github.com/sunlightlabs/validictory</website>
  </extension>
</addon>
