<addon id="plugin.video.documentary.net" name="Documentary.net" provider-name="Jonathan Beluch (jbel)" version="1.1.1">
  <requires>
    <import addon="xbmc.python" version="2.1.0" />
    <import addon="script.module.beautifulsoup" version="3.0.8" />
    <import addon="script.module.xbmcswift2" version="1.1.1" />
    <import addon="plugin.video.youtube" version="3.1.0" />
    <import addon="plugin.video.vimeo" version="2.3.0" />
  </requires>
  <extension library="addon.py" point="xbmc.python.pluginsource">
    <provides>video</provides>
  </extension>
  <extension point="xbmc.addon.metadata">
    <platform>all</platform>
    <language />
    <summary>Documentary Network - Watch free documentaries online</summary>
    <description>Documentary.net offers free and legal streaming of documentary films from all around the world. We crawl the web and curate the best documentaries from various sources like YouTube, Vimeo etc. Most films are available worldwide.[CR][CR]The content on Documentary.net is generated by thousands of professional content producers and TV-stations who provide their films on the internet for free. You can browse the films by category, topic or film length.</description>
  </extension>
</addon>