<?xml version="1.0" encoding="UTF-8" standalone="yes"?>
<addon id="metadata.common.rt.com"
       name="Rotten Tomatoes common scraper functions"
       version="1.4.0"
       provider-name="mortstar">
  <requires>
    <import addon="xbmc.metadata" version="2.1.0"/>
  </requires>
  <extension point="xbmc.metadata.scraper.library"
             library="rt.xml"/>
  <extension point="xbmc.addon.metadata">
    <platform>all</platform>
    <summary lang="en">RT Scraper Library</summary>
    <description lang="en">Download ratings from www.rottentomatoes.com</description>
  </extension>
</addon>
