<?xml version="1.0" encoding="UTF-8" standalone="yes"?>
<addon id="plugin.video.synopsi"
       name="SynopsiTV"
       version="1.1.1"
       provider-name="Synopsi.TV">
	<requires>
		<import addon="xbmc.python" version="2.1.0" />
		<import addon="xbmc.addon" version="12.0.0" />
		<import addon="xbmc.metadata" version="2.1.0" />
		
		<import addon="script.module.parsedom" version="1.5.1" />
		<import addon="plugin.video.youtube" version="2.9.1" /> <!-- We play trailers through this plugin -->	
	</requires>
	<extension point="xbmc.python.pluginsource" library="addon.py">
		<provides>video</provides> <!-- addon.py is file for addon -->
	</extension>
	<extension point="xbmc.service" library="service.py" start="login">
		<provides>service</provides> <!-- service.py is file for service/daemon -->
	</extension>
	<extension point="xbmc.addon.metadata">
		<platform>all</platform>
		<summary>SynopsiTV plugin</summary>
		<description>SynopsiTV helps you discover movies and shows by generating personalized recommendations based on your unique and evolving viewing style. [CR][CR]To log in, sign up at www.synopsi.tv. [CR][CR]Report bugs at https://github.com/Synopsi/XBMC/issues</description>
		<language></language>
		<license>GNU GENERAL PUBLIC LICENSE. Version 2, June 1991</license>
		<forum>https://github.com/Synopsi/XBMC/issues</forum>
		<website>www.synopsi.tv</website>
		<source>https://github.com/Synopsi/XBMC</source>
	</extension>
</addon>
