<?xml version="1.0" encoding="UTF-8"?>
<addon id="plugin.program.sendtoaxel"
       version="0.0.3" name="SendTo Axel"
       provider-name="The[COLOR tan]Highway[/COLOR]">
  <requires>
  	<import addon="xbmc.python" version="2.1.0" />
  	<import addon="script.module.addon.common"  />
  </requires>
  <extension point="xbmc.python.pluginsource" library="default.py">
  	<provides>video audio executable</provides>
  </extension>
  <extension point="xbmc.addon.metadata">
  	<summary>A tool to help with the use of script.module.axel.downloader.</summary>
  	<description>Play the file (video or music) currently playing with Axel Player's MultiThreading.  This does not work for live streams.</description>
  	<disclaimer>This Project is developped for XBMC Gotham 13.0 Alpha 6, designed for XBMC Gotham originally, with some mind given to Frodo 12.2/12.3. It gets a slight bit of testing as I use it myself, on a Windows 7 OS with whatever version of XBMC happens to be my main install at that time. Any other OS's / builds of XBMC have not be tested on yet, but do feel free to try and test it out on them. Some parts of this addon may not be legal in your country of residence - please check with your local laws before installing. I take no responsibility for any problems this plugin might in any way, form, shape or size cause. This is project is for a LEARNING EXPERIANCE.</disclaimer>
  	<language>en</language>
  	<platform>all</platform>
  	<forum>http://www.xbmchub.com/forums/thehighways-xbmc-addons/</forum>
  	<website>http://www.xbmchub.com/</website>
  	<source></source>
  	<email></email>
  </extension>
</addon>