﻿<?xml version="1.0" encoding="UTF-8" standalone="yes"?>
<addon id="plugin.video.flw.outdoors"
       name="FLW Outdoors"
       version="1.0.2"
       provider-name="divingmule">
  <requires>
    <import addon="xbmc.python" version="2.1.0"/>
    <import addon="script.common.plugin.cache" version="2.5.2"/>
    <import addon="plugin.video.youtube" version="4.4.6"/>
    <import addon="script.module.beautifulsoup" version="3.2.1"/>
  </requires>
  <extension point="xbmc.python.pluginsource" library="default.py">
    <provides>video</provides>
  </extension>
  <extension point="xbmc.addon.metadata">
    <summary>Fishing Shows from FLW Outdoors On Demand</summary>
    <description>
        FLW is the premier tournament fishing organization that provides
        unparalleled fishing resources and entertainment to our anglers,
        sponsors, fans and host communities.
    </description>
    <platform>all</platform>
    <language>en</language>
    <license>GNU GENERAL PUBLIC LICENSE. Version 2, June 1991</license>
    <source>https://code.google.com/p/flw-xbmc/</source>
    <forum></forum>
  </extension>
</addon>
