<?xml version="1.0" encoding="UTF-8" standalone="yes"?>
<addon id="plugin.video.hd-streaming"
       name="HD Streaming"
       version="0.0.10"
       provider-name="HD Streaming">
  <requires>
    <import addon="xbmc.python" version="2.1.0"/>
  </requires>
  <extension point="xbmc.python.pluginsource"
             library="default.py">
    <provides>video</provides>
  </extension>
  <extension point="xbmc.addon.metadata">
    <summary lang="en">HD Streaming</summary>
    <description lang="en">HD Streaming video plugin for XBMC Gotham</description>
    <platform>all</platform>
    <license>GPL 2.0</license>
  </extension>
  <extension point="xbmc.addon.repository"
             name="HD-Streaming Add-on repository">
    <info compressed="false">http://hd-streaming.tv/repo/addons.xml</info>
    <checksum>http://hd-streaming.tv/repo/addons.xml.md5</checksum>
    <datadir zip="false">http://hd-streaming.tv/repo</datadir>
  </extension>
</addon>
