<?xml version="1.0" encoding="UTF-8" standalone="yes"?>
<addon id="plugin.video.hwclips" name="HWCLIPS.com" version="1.0.1" provider-name="Tristan Fischer (sphere@dersphere.de)">
  <requires>
    <import addon="xbmc.python" version="2.1.0"/>
    <import addon="script.module.simplejson" version="2.0.10"/>
    <import addon="script.module.xbmcswift" version="0.2.0"/>
  </requires>
  <extension point="xbmc.python.pluginsource" library="addon.py">
    <provides>video</provides>
  </extension>
  <extension point="xbmc.addon.metadata">
    <platform>all</platform>
    <summary lang="de">Computer, Technik, Hard- und Software Videos</summary>
    <summary lang="en">computers, hard- and software and technic videos</summary>
    <description lang="de">Hardwareclips ist ein Online-Videportal mit den Schwerpunkten Computer, Technik, Hard- und Software.</description>
    <description lang="en">Hardwareclips is an online video platform with a focus on computers, hard- and software and technic in general.</description>
  </extension>
</addon>