﻿<?xml version="1.0" encoding="UTF-8"?>
<scraper framework="1.1" date="2013-01-02">
    <NfoUrl dest="3">
        <RegExp input="$$1" output="&lt;details&gt;&lt;url function=&quot;ImdbNfoToSratimLink&quot;&gt;http://sratim.co.il/browse.php?cs=movies&q=tt\1|User-Agent=Mozilla%2F4.0%20(compatible%3B%20MSIE%207.0%3B%20Windows%20NT%206.0)&lt;/url&gt;&lt;/details&gt;" dest="3">
            <expression noclean="1">imdb....?/title/tt([0-9]*)</expression>
        </RegExp>
    </NfoUrl>
    <ImdbNfoToSratimLink dest="3">
        <RegExp input="$$1" output="&lt;details&gt;&lt;url&gt;http://www.sratim.co.il/view.php?id=\1|User-Agent=Mozilla%2F4.0%20(compatible%3B%20MSIE%207.0%3B%20Windows%20NT%206.0)&lt;/url&gt;&lt;id&gt;\1&lt;/id&gt;&lt;/details&gt;" dest="3">
            <expression clear="yes" noclean="1">&lt;a href="view.php\?id=([0-9]+)[^"]*".title="([^"]*)"</expression>
        </RegExp>
    </ImdbNfoToSratimLink>
    <CreateSearchUrl dest="3">
        <RegExp input="$$1" output="&lt;url&gt;http://sratim.co.il/browse.php?cs=movies&q=\1&uy=$$2&fy=$$2|User-Agent=Mozilla%2F4.0%20(compatible%3B%20MSIE%207.0%3B%20Windows%20NT%206.0)&lt;/url&gt;" dest="3">
            <expression noclean="1" />
        </RegExp>
    </CreateSearchUrl>
    <GetSearchResults dest="8">
        <RegExp input="$$5" output="&lt;?xml version=&quot;1.0&quot; encoding=&quot;UTF-8&quot; standalone=&quot;yes&quot;?&gt;&lt;results sorted=&quot;Yes&quot;&gt;\1&lt;/results&gt;" dest="8">
            <RegExp input="$$1" output="&lt;entity&gt;&lt;title&gt;\2&lt;/title&gt;&lt;url&gt;http://www.sratim.co.il/view.php?id=\1|User-Agent=Mozilla%2F4.0%20(compatible%3B%20MSIE%207.0%3B%20Windows%20NT%206.0)&lt;/url&gt;&lt;/entity&gt;" dest="5">
                <expression repeat="yes" clear="yes" noclean="1">&lt;a href="view.php\?id=([0-9]+)[^"]*".title="([^"]*)"</expression>
            </RegExp>
            <expression clear="yes" noclean="1" />
        </RegExp>
    </GetSearchResults>
    <GetDetails dest="3">
        <RegExp input="$$5" output="&lt;details&gt;\1&lt;/details&gt;" dest="3">
            <RegExp input="$$1" output="&lt;id&gt;\1&lt;/id&gt;" dest="5+">
                <expression clear="yes" noclean="1">http://www.imdb.com/title/(tt[^"]+)</expression>
            </RegExp>
            
            <!--title (14)-->
            <RegExp input="$INFO[titleLang]" output="$$14" dest="5+">
                <RegExp input="$$1" output="&lt;title&gt;\1&lt;/title&gt;" dest="14">
                    <expression trim="1" noclean="1">&lt;title&gt;(.*?)\s*(\(\d*\))? – סרטים&lt;/title&gt;</expression>
                </RegExp>
                <expression>Hebrew</expression>
            </RegExp>
            <RegExp input="$INFO[titleLang]" output="$$14" dest="5+">
                <RegExp input="$$1" output="&lt;originaltitle&gt;\1&lt;/originaltitle&gt;" dest="14">
                    <expression trim="1">&lt;span class="Gray"&gt;In English:&lt;/span&gt;\s*([^&lt;]*)</expression>
                </RegExp>
                <expression>Hebrew</expression>
            </RegExp>
            <RegExp input="$INFO[titleLang]" output="$$14" dest="5+">
                <RegExp input="$$1" output="&lt;originaltitle&gt;\1&lt;/originaltitle&gt;" dest="14">
                    <expression trim="1" noclean="1">&lt;title&gt;(.*?)\s*(\(\d*\))? – סרטים&lt;/title&gt;</expression>
                </RegExp>
                <expression>English</expression>
            </RegExp>
            <RegExp input="$INFO[titleLang]" output="$$14" dest="5+">
                <RegExp input="$$1" output="&lt;title&gt;\1&lt;/title&gt;" dest="14">
                    <expression trim="1">&lt;span class="Gray"&gt;In English:&lt;/span&gt;\s*([^&lt;]*)</expression>
                </RegExp>
                <expression>English</expression>
            </RegExp>
            
            <!--plot-->
            <RegExp input="$$1" output="&lt;plot&gt;\1&lt;/plot&gt;" dest="5+">
                <expression trim="1">&lt;meta name="description" content="(([^&lt;]*(&lt;br\s*/?&gt;)?[^&lt;]*)*)"</expression>
            </RegExp>
            
            <!--geners (14)-->
            <RegExp input="$$1" output="\1" dest="14">
                <expression noclean="1">class="Box_Blue"(.*?)class="profilelrgstars"</expression>
            </RegExp>
            <RegExp input="$$14" output="&lt;genre&gt;\1&lt;/genre&gt;" dest="5+">
                <expression repeat="yes" trim="1">&lt;span itemprop="genre"&gt;([^&lt;]*)&lt;/span&gt;</expression>
            </RegExp>
            
            <!--studio -->
            <RegExp input="$$1" output="&lt;studio&gt;\1&lt;/studio&gt;" dest="5+">
                <expression repeat="yes" trim="1">&lt;span itemprop="productionCompany"&gt;([^&lt;]*)&lt;/span&gt;</expression>
            </RegExp>
            
            <!-- actors lower list -->
            <RegExp conditional="fullcredits" input="$$1" output="&lt;url function=&quot;GetActorDetails&quot;&gt;http://www.sratim.co.il/profileview.php?id=\1&lt;/url&gt;" dest="5+">
                <expression repeat="yes">&lt;a href="profileview.php\?id=(\d*?)" class="actornamelrg"&gt;</expression>
            </RegExp>
            <RegExp conditional="!fullcredits" input="$$1" output="&lt;url function=&quot;GetActorDetails&quot;&gt;http://www.sratim.co.il/profileview.php?id=\1&lt;/url&gt;" dest="5+">
                <expression repeat="yes">&lt;a href="profileview.php\?id=(\d*?)" itemprop="actors"&gt;</expression>
            </RegExp>
            
            <!--director -->
            <RegExp input="$$1" output="&lt;director&gt;\1&lt;/director&gt;" dest="5+">
                <expression repeat="yes" trim="1">&lt;a href="profileview.php\?id=[^"]*" itemprop="director"&gt;([^&lt;]*)&lt;/a&gt;</expression>
            </RegExp>
            
            <!--runtime-->
            <RegExp input="$$1" output="&lt;runtime&gt;\1&lt;/runtime&gt;" dest="5+">
                <expression trim="1">([0-9]+?) דק'</expression>
            </RegExp>
            
            <!--year-->
            <RegExp input="$$1" output="&lt;year&gt;\1&lt;/year&gt;" dest="5+">
                <expression trim="1">&lt;a href="browse.php\?uy=[^&gt;]*&gt;([^&lt;]*)&lt;/a&gt;</expression>
            </RegExp>
            
            <!--rating (10)-->
            <RegExp input="$INFO[ratingFrom]" output="$$10" dest="5+">
                <RegExp  input="$$1" output="&lt;rating&gt;\1&lt;/rating&gt;" dest="10">
                    <expression trim="1">&lt;span id="ratingnumber"[^&gt;]*&gt;([^&lt;]*)&lt;/span&gt;</expression>
                </RegExp>
                <expression>Sratim</expression>
            </RegExp>
            <RegExp input="$INFO[ratingFrom]" output="$$10" dest="5+">
                <RegExp input="$$1" output="&lt;votes&gt;\1&lt;/votes&gt;" dest="10">
                    <expression trim="1" repeat="no">&lt;span itemprop="ratingCount"&gt;([0-9]+?)&lt;/span&gt;</expression>
                    <expression />
                </RegExp>
                <expression>Sratim</expression>
            </RegExp>
            <RegExp input="$INFO[ratingFrom]" output="&lt;chain function=&quot;GetIMDBRatingById&quot;&gt;$$10&lt;/chain&gt;" dest="5+">
                <RegExp input="$$1" output="\1" dest="10">
                    <expression trim="1">http://www.imdb.com/title/(tt[^"]+)"</expression>
                </RegExp>
                <expression>IMDB</expression>
            </RegExp>
            
            <!--thumb (9)-->
            <RegExp input="$INFO[thumbFrom]" output="&lt;chain function=&quot;GetTMDBThumbsByIdChain&quot;&gt;$$9&lt;/chain&gt;" dest="5+">
                <RegExp input="$$1" output="\1" dest="9">
                    <expression trim="1">http://www.imdb.com/title/(tt[^"]+)</expression>
                </RegExp>
                <expression>TMDB</expression>
            </RegExp>
            <RegExp input="$INFO[thumbFrom]" output="$$9" dest="5+">
                <RegExp input="$$1" output="&lt;thumb&gt;http://www.sratim.co.il\1&lt;/thumb&gt;" dest="9">
                    <expression trim="1">&lt;img src="([^"]*)" class="lrg_cover"</expression>
                </RegExp>
                <expression>Sratim</expression>
            </RegExp>
            <RegExp input="$INFO[thumbFrom]" output="&lt;chain function=&quot;GetMoviePosterDBThumbs&quot;&gt;$$9&lt;/chain&gt;" dest="5+">
                <RegExp input="$$1" output="\1" dest="9">
                    <expression trim="1">http://www.imdb.com/title/(tt[^"]+)</expression>
                </RegExp>
                <expression>MoviePosterDB</expression>
            </RegExp>
            <!-- Fan Art (13)-->
            <RegExp input="$INFO[fanart]" output="&lt;chain function=&quot;GetTMDBFanartByIdChain&quot;&gt;$$13&lt;/chain&gt;" dest="5+">
                <RegExp input="$$1" output="\1" dest="13">
                    <expression trim="1">http://www.imdb.com/title/(tt[^"]+)</expression>
                </RegExp>
                <expression>MovieDB</expression>
            </RegExp>
            
            <!-- Trailers (16) -->
            <RegExp conditional="trailer" input="$$16" output="\1" dest="5+">
                <RegExp conditional="trailer" input="$$1" output="&lt;url function=&quot;GetSratimTrailer&quot;&gt;http://www.sratim.co.il/\1&lt;/url&gt;" dest="16">
                    <expression noclean="1" clear="yes">&lt;a href="(video.php\?id=\d*?)" itemprop="trailer"</expression>
                </RegExp>
                <expression noclean="1"/>
            </RegExp>
            
            <RegExp conditional="trailer" input="$$16" output="&lt;chain function=&quot;GetTMDBTrailerByIdChain&quot;&gt;\1&lt;/chain&gt;" dest="5+">
                <RegExp conditional="trailer" input="$$16" output="$$1" dest="16">
                    <expression noclean="1" clear="yes">^$</expression>
                </RegExp>
                <expression encode="1">http://www.imdb.com/title/(tt[^"]+)</expression>
            </RegExp>
            
            <expression noclean="1" />
        </RegExp>
    </GetDetails>
    <GetSratimTrailer dest="13">
        <RegExp input="$$1" output="&lt;details&gt;&lt;trailer&gt;plugin://plugin.video.youtube/?action=play_video&quality=720p&videoid=\1&lt;/trailer&gt;&lt;/details&gt;" dest="13">
            <expression noclean="1">http://www.youtube.com/embed/([^\?]+)\?wmode</expression>
        </RegExp>
    </GetSratimTrailer>
    <GetActorDetails dest="14">
        <RegExp input="$$15" output="&lt;details&gt;\1&lt;/details&gt;" dest="14">
            <RegExp input="$$1" output="&lt;actor&gt;&lt;name&gt;\2&lt;/name&gt;&lt;thumb&gt;http://www.sratim.co.il\1&lt;/thumb&gt;&lt;/actor&gt;" dest="15">
                <expression clear="yes">&lt;img src="(/contents/Actors/Images/big/.*?)".*&lt;h1 class="subtext_view" itemprop="name"&gt;(.*?)&lt;/h1&gt;</expression>
            </RegExp>
            <expression noclean="1" />
        </RegExp>
    </GetActorDetails>
</scraper>