<?xml version="1.0" encoding="UTF-8" standalone="yes"?>
<addon id="repository.ampedandwired" name="Ampedandwired's XBMC Addons" version="1.0.0" provider-name="ampedandwired">
  <extension point="xbmc.addon.repository" name="Ampedandwired's XBMC Addon Repository">
    <info compressed="false">https://github.com/ampedandwired/ampedandwired-xbmc-repo/raw/master/addons.xml</info>
    <checksum>https://github.com/ampedandwired/ampedandwired-xbmc-repo/raw/master/addons.xml.md5</checksum>
    <datadir zip="true">https://github.com/ampedandwired/ampedandwired-xbmc-repo/raw/master/repo/</datadir>
  </extension>
  <extension point="xbmc.addon.metadata">
    <summary>Install ampedandwired's Addons</summary>
    <description>Download and install addons by ampedandwired</description>
    <platform>all</platform>
  </extension>
</addon>
