<?xml version="1.0" encoding="UTF-8" standalone="yes"?>
<addon id="plugin.video.kascend"
  name="开讯视频"
  version="0.0.2"
  provider-name="">
  <requires>
  </requires>
  <extension point="xbmc.python.pluginsource" library="default.py">
  <provides>video video</provides>
  </extension>
  <extension point="xbmc.addon.metadata">
    <platform>all</platform>
    <description>开讯视频</description>
    <description lang="zh">开讯视频</description>
    <disclaimer>本插件中提供的内容均来自互联网，仅供学习演示使用。</disclaimer>
  </extension>
</addon>
