<?xml version="1.0" encoding="UTF-8"?>
<addon
    id="plugin.video.tagesschau"
    version="2.0.3"
    name="Tagesschau"
    provider-name="Jörn Schumacher, Henning Saul">
  <requires>
    <import addon="xbmc.python" version="2.1.0"/>
  </requires>
  
  <extension point="xbmc.python.pluginsource" library="tagesschau.py">
    <provides>video</provides>
  </extension>
  <extension point="xbmc.addon.metadata">
    <language>de</language>
    <platform>all</platform>
    <summary lang="de">Die Nachrichten der ARD</summary>
    <summary lang="en">News from Germany's public broadcaster ARD</summary>
    <description lang="de">
      Die Nachrichten der ARD mit aktuellen Videos, kompletten Sendungen und Hintergrundberichten.
    </description>
    <description lang="en">
      News in German from Germany's trusted public broadcaster ARD, featuring current videos, complete broadcasts and background information.
    </description>
    <disclaimer lang="en">Videos from tagesschau.de</disclaimer>
  </extension>
</addon>
