<?xml version="1.0" encoding="UTF-8" standalone="yes"?>
<addon id="plugin.video.pennyarcadetv"
       name="Penny Arcade TV"
       version="3.0.0"
       provider-name="jorsoban, ErwinJunge">
  <requires>
    <import addon="xbmc.python" version="2.1.0"/>
    <import addon="script.module.beautifulsoup" version="3.0.8"/>
    <import addon="plugin.video.youtube" version="4.4.3"/>
  </requires>
  <extension point="xbmc.python.pluginsource" library="default.py">
    <provides>video</provides>
  </extension>
  <extension point="xbmc.addon.metadata">
    <language>en</language>
    <platform>all</platform>
    <summary lang="en">Penny Arcade TV</summary>
    <description lang="en">Penny Arcade TV is the home of Penny Arcade: The Series, an online show by and about the creators of the Penny Arcade webcomic, as well as a number of other original shows. For feature requests and bug reports: erwin@junge.nl. Original author: jorsoban.</description>
  </extension>
</addon>
