<?xml version="1.0" encoding="UTF-8" standalone="yes"?>
<addon id="plugin.video.xunity" name=".[COLOR blue]i[/COLOR]Stream Installer" version="1.1.4" provider-name="[COLOR blue]X[/COLOR]unity [COLOR blue]T[/COLOR]alk">
  <requires>
    <import addon="xbmc.python" version="2.1.0"/>
  </requires>
  <extension point="xbmc.python.pluginsource" library="default.py">
        <provides>video executable</provides>
  </extension>
  <extension point="xbmc.addon.metadata">
    <summary lang="en">[COLOR blue]X[/COLOR]unity</summary>
    <description lang="en">[COLOR blue]S[/COLOR]kintegrate [COLOR blue]Y[/COLOR]our [COLOR blue]X[/COLOR]BMC [COLOR blue]W[/COLOR]ith [COLOR blue]i[/COLOR]Stream</description>
    <platform>all</platform>
  </extension>
</addon>
