<?xml version="1.0" encoding="UTF-8" standalone="yes"?>
<addon id="plugin.video.sd-xbmc.premium" name="Premium VOD [COLOR gray](filmy/seriale/bajki/XXX/inne)[/COLOR]" version="0.0.1" provider-name="SD-XBMC Team">
	<requires>
		<import addon="xbmc.python" version="2.1.0"/>
	</requires>
  	<extension point="xbmc.python.pluginsource" library="default.py">
		<provides>video</provides>
  	</extension>
  	<extension point="xbmc.addon.metadata">
		<summary>Filmy/Seriale - kontent premium SD-XBMC</summary>
		<description>Wtyczka umożliwiająca dostęp do kontentu premium SD-XBMC.</description>
		<disclaimer>[COLOR red]Wtyczka w fazie projektowania.[CR]Większość funkcji jest niedostępna![/COLOR][CR]</disclaimer>
   		<platform>all</platform>
  		<language>pl en</language>
		<license>GNU GENERAL PUBLIC LICENSE. Version 2, June 1991</license>
		<forum>http://sd-xbmc.org/pl/forum</forum>
		<website>http://sd-xbmc.org</website>
		<email>support@sd-xbmc.org</email>
	</extension>
</addon>