		<!-- Web Viewer Monospace -->
		<font>
			<name>WebViewer-font10</name>
			<filename>WebViewer-DejaVuSansMono.ttf</filename>
			<size>12</size>
		</font>
	 	<font>
			<name>WebViewer-font12</name>
			<filename>WebViewer-DejaVuSansMono.ttf</filename>
			<size>16</size>
		</font>
		<font>
			<name>WebViewer-font13</name>
			<filename>WebViewer-DejaVuSansMono.ttf</filename>
			<size>20</size>
		</font>
		<font>
			<name>WebViewer-font30</name>
			<filename>WebViewer-DejaVuSansMono.ttf</filename>
			<size>30</size>
		</font>
		<font>
			<name>Bold-WebViewer-font10</name>
			<filename>WebViewer-DejaVuSansMono-Bold.ttf</filename>
			<size>12</size>
		</font>
	 	<font>
			<name>Bold-WebViewer-font12</name>
			<filename>WebViewer-DejaVuSansMono-Bold.ttf</filename>
			<size>16</size>
		</font>
		<font>
			<name>Bold-WebViewer-font13</name>
			<filename>WebViewer-DejaVuSansMono-Bold.ttf</filename>
			<size>20</size>
		</font>
		<font>
			<name>Bold-WebViewer-font30</name>
			<filename>WebViewer-DejaVuSansMono-Bold.ttf</filename>
			<size>30</size>
		</font>
