<?xml version="1.0" encoding="UTF-8" standalone="yes"?>
<addon id="plugin.video.happyfeetsyetiskin"
       name="[COLOR orange]Yetiskin[/COLOR]"
       version="0.1.15"
       provider-name="xbmcTR Team">
  <requires>
    <import addon="xbmc.python" version="2.1.0"/>
	  </requires>
  <extension point="xbmc.python.pluginsource" library="yetiskin.py">
        <provides>video</provides>
  </extension>
  <extension point="xbmc.addon.metadata">
    <summary>xbmcTR Team +18</summary>
    <description>[COLOR orange]~~~xbmcTR Team [/COLOR][COLOR yellow]HappyFeets[/COLOR][COLOR orange] Sunar ~~~[/COLOR]
	+18 Addon / Eklentidir.</description>
    <platform>all</platform>
  </extension>
</addon>
