<?xml version="1.0" encoding="UTF-8"?>
<addon
  id="plugin.image.xzen"
  version="0.0.9"
  name="XZen"
  provider-name="bossanova808">
  <requires>
    <import addon="xbmc.python" version="2.1.0"/>
  </requires>
  <extension point="xbmc.python.pluginsource" library="default.py">
    <provides>image</provides>
  </extension>
 <extension point="xbmc.addon.metadata">
    <platform>all</platform>
    <language></language>
    <summary lang="en">Zenfolio Browser for XBMC</summary>
    <description lang="en">Browse the public Zenfolio galleries, and view your Zenfolio photo portfolios in XBMC</description>
    <disclaimer lang="en"></disclaimer>
  </extension>
</addon>
