<?xml version="1.0" encoding="UTF-8" standalone="yes"?>
<scraper thumb="" date="2014-08-12" framework="1.1" name="">
    <NfoUrl dest="3">
        <RegExp dest="3" output="&lt;url&gt;http://www.\1&lt;/url&gt;" input="$$1">
            <expression>(metal-archives.com/.*)</expression>
        </RegExp>
    </NfoUrl>
    <CreateAlbumSearchUrl dest="3" SearchStringEncoding="iso-8859-1">
        <RegExp dest="3" output="&lt;url&gt;http://www.metal-archives.com/search/ajax-album-search/?field=title&amp;amp;query=\1&lt;/url&gt;" input="$$1">
            <expression/>
        </RegExp>
    </CreateAlbumSearchUrl>
    <GetAlbumSearchResults dest="8">
        <RegExp dest="8" output="&lt;results&gt;\1&lt;/results&gt;" input="$$5">
            <RegExp dest="5+" output="&lt;entity&gt;&lt;artist&gt;\1&lt;/artist&gt;&lt;title&gt;\3&lt;/title&gt;&lt;url&gt;\2&lt;/url&gt;&lt;/entity&gt;" input="$$1">
                <expression repeat="yes" noclean="2">title=.+?&quot;&gt;([^&lt;]*).+?(http://www.metal-archives.com.+?)\\&quot;&gt;([^&lt;]*)</expression>
            </RegExp>
            <expression noclean="1"></expression>
        </RegExp>
    </GetAlbumSearchResults>
    <GetAlbumDetails dest="3">
        <RegExp dest="3" output="&lt;?xml version=&quot;1.0&quot; encoding=&quot;iso-8859-1&quot;?&gt;&lt;details&gt;\1&lt;/details&gt;" input="$$5">
            <RegExp dest="5+" output="&lt;title&gt;\2&lt;/title&gt;&lt;artist&gt;\1&lt;/artist&gt;" input="$$1">
                <expression>&lt;title&gt;(.*?) - (.*) - Encyclopaedia</expression>
            </RegExp>
            <RegExp dest="8" output="\1" input="$$1">
                <expression encode="1">&lt;title&gt;(.*?) - .* - Encyclopaedia</expression>
            </RegExp>
            <RegExp dest="9" output="\1" input="$$1">
                <expression encode="1">&lt;title&gt;.*? - (.*) - Encyclopaedia</expression>
            </RegExp>
            <RegExp dest="5+" output="&lt;releasedate&gt;\1&lt;/releasedate&gt;" input="$$1">
                <expression trim="1">&lt;dt&gt;Release date:&lt;/dt&gt;.+?&lt;dd&gt;(.*?)&lt;/dd&gt;</expression>
            </RegExp>
            <RegExp dest="5+" output="&lt;label&gt;\1&lt;/label&gt;" input="$$1">
                <expression trim="1">&lt;dt&gt;Label:&lt;/dt&gt;.+?&quot;&gt;(.*?)&lt;/a&gt;</expression>
            </RegExp>
            <RegExp dest="5+" output="&lt;type&gt;\1&lt;/type&gt;" input="$$1">
                <expression trim="1">&lt;dt&gt;Type:&lt;/dt&gt;.+?&lt;dd&gt;(.*?)&lt;/dd&gt;</expression>
            </RegExp>
            <RegExp dest="5+" output="&lt;year&gt;\1&lt;/year&gt;" input="$$1">
                <expression trim="1">&lt;dt&gt;Release date:&lt;/dt&gt;.+?, (.*?)&lt;/dd&gt;</expression>
            </RegExp>
            <RegExp dest="5+" output="&lt;track&gt;&lt;title&gt;\2&lt;/title&gt;&lt;position&gt;\1&lt;/position&gt;&lt;duration&gt;\3&lt;/duration&gt;&lt;/track&gt;" input="$$1">
                <expression repeat="yes">&lt;/a&gt;([0-9])\.&lt;/td&gt;.+?Words&quot;&gt;\s+(.*?)\s+&lt;/td&gt;.+?&lt;td align=&quot;right&quot;&gt;([0-9:]+)&lt;/td&gt;</expression>
            </RegExp>
            <RegExp dest="5+" output="&lt;url function=&quot;GetAlbumReview&quot;&gt;\1&lt;/url&gt;&lt;rating max=&quot;100&quot;&gt;\2&lt;/rating&gt;" input="$$1">
                <expression noclean="1">&lt;a href=&quot;(http://www\.metal-archives.com/reviews.*?)&quot;.+?&lt;td&gt;([0-9]+)%&lt;/td&gt;</expression>
            </RegExp>
            <RegExp dest="5+" output="&lt;thumb&gt;\1&lt;/thumb&gt;" input="$$1" conditional="maalbumthumbs">
                <expression noclean="1">id=&quot;cover&quot;.+?href=&quot;(.*?)\&quot;</expression>
            </RegExp>
            <expression noclean="1"></expression>
        </RegExp>
    </GetAlbumDetails>
    <GetAlbumReview dest="3">
        <RegExp dest="3" output="&lt;?xml version=&quot;1.0&quot; encoding=&quot;iso-8850-1&quot;?&gt;&lt;details&gt;\1&lt;/details&gt;" input="$$5">
            <RegExp dest="5" output="&lt;review&gt;\1&lt;/review&gt;" input="$$1">
                <expression trim="1">&lt;p id=&quot;reviewText.+?&gt;(.*?)&lt;/p&gt;</expression>
            </RegExp>
            <expression noclean="1"></expression>
        </RegExp>
    </GetAlbumReview>
</scraper>