<?xml version="1.0" encoding="UTF-8" standalone="yes"?>
<addon id="repository.icanuck" name="iCanuck's XBMC Addons" version="1.0.0" provider-name="icanuck">
	<extension point="xbmc.addon.repository" name="iCanuck's XBMC Addon Repository">
       <info>http://icanuckxbmcrepo.googlecode.com/svn/trunk/addons.xml</info>
       <checksum>http://icanuckxbmcrepo.googlecode.com/svn/trunk/addons.xml.md5</checksum>
       <datadir zip="true">http://icanuckxbmcrepo.googlecode.com/svn/trunk/</datadir>	
	</extension>
	<extension point="xbmc.addon.metadata">
		<summary>Install iCanuck's Addons</summary>
		<description>Download and install addons by iCanucks</description>
		<platform>all</platform>
	</extension>
</addon>
