<?xml version="1.0" encoding="UTF-8" standalone="yes"?>
<addon id="plugin.video.supertennis"
       name="SuperTennis"
       version="1.0.1"
       provider-name="Nightflyer">
  <requires>
    <import addon="xbmc.python" version="2.1.0"/>
  </requires>
  <extension point="xbmc.python.pluginsource"
            library="default.py">
        <provides>video</provides>
  </extension>
  <extension point="xbmc.addon.metadata">
    <language>it</language>
    <platform>all</platform>
    <summary lang="it">La TV del Tennis</summary>
    <description lang="it">Notizie, attualità, dirette dei tornei, programmi didattici, divulgazione tecnica, rievocazioni storiche, approfondimenti e quant'altro sull'universo del tennis.</description>
    <summary lang="en">The Tennis TV</summary>
    <description lang="en">News, live reporting from tournaments, educational programs, technical disclosure, historical re-enactments, insights and anything else on the universe of tennis.</description>
    <license>GNU GENERAL PUBLIC LICENSE Version 3, 29 June 2007</license>
    <forum>http://forum.xbmc.org/showthread.php?tid=155914</forum>
    <website>https://github.com/nightflyer73/plugin.video.supertennis</website>
    <email></email>
    <source>https://github.com/nightflyer73/plugin.video.supertennis</source>
  </extension>
</addon>
