<window>
	<defaultcontrol always="true">110</defaultcontrol>
	<zorder>10</zorder>
	<coordinates>
		<system>1</system>
		<posx>275</posx>
		<posy>230</posy>
	</coordinates>
	<controls>
		<control type="image">
			<posx>0</posx>
			<posy>0</posy>
			<width>730</width>
			<height>240</height>
			<texture border="40">DialogBack.png</texture>
		</control>
		<control type="image">
			<description>Dialog Header image</description>
			<posx>40</posx>
			<posy>16</posy>
			<width>650</width>
			<height>40</height>
			<texture>dialogheader.png</texture>
		</control>
		<control type="image">
			<description>Dialog Warning image</description>
			<posx>40</posx>
			<posy>80</posy>
			<width>64</width>
			<height>64</height>
			<texture>DefaultIconInfo.png</texture>
		</control>
		<control type="label" id="101">
			<description>header label</description>
			<posx>100</posx>
			<posy>20</posy>
			<width>530</width>
			<height>30</height>
			<font>font13</font>
			<label>-</label>
			<align>center</align>
			<aligny>center</aligny>
			<textcolor>red</textcolor>
		</control>
		<control type="button" id="111">
			<description>Close Window button</description>
			<posx>650</posx>
			<posy>15</posy>
			<width>64</width>
			<height>32</height>
			<label>-</label>
			<font>-</font>
			<onclick>PreviousMenu</onclick>
			<texturefocus>DialogCloseButton-focus.png</texturefocus>
			<texturenofocus>DialogCloseButton.png</texturenofocus>
			<onleft>110</onleft>
			<onright>110</onright>
			<onup>110</onup>
			<ondown>110</ondown>
			<visible>system.getbool(input.enablemouse)</visible>
		</control>
		<control type="label" id="102">
			<description>dialog line 1</description>
			<posx>120</posx>
			<posy>70</posy>
			<width>550</width>
			<height>30</height>
			<align>left</align>
			<aligny>center</aligny>
			<label>-</label>
			<font>font12</font>
		</control>
		<control type="label" id="103">
			<description>dialog line 2</description>
			<posx>120</posx>
			<posy>95</posy>
			<width>550</width>
			<height>30</height>
			<align>left</align>
			<aligny>center</aligny>
			<label>-</label>
			<font>font12</font>
		</control>
		<control type="label" id="104">
			<description>dialog line 3</description>
			<posx>120</posx>
			<posy>120</posy>
			<width>550</width>
			<height>30</height>
			<align>left</align>
			<aligny>center</aligny>
			<label>-</label>
			<font>font12</font>
		</control>
		<control type="button" id="110">
			<description>OK button</description>
			<posx>265</posx>
			<posy>175</posy>
			<width>200</width>
			<height>40</height>
			<label>186</label>
			<font>font12_title</font>
			<textcolor>white</textcolor>
			<focusedcolor>white</focusedcolor>
			<align>center</align>
			<onleft>110</onleft>
			<onright>110</onright>
			<onup>110</onup>
			<ondown>110</ondown>
		</control>
	</controls>
</window>