﻿<?xml version="1.0" encoding="utf-8"?>
    <scraper framework="1.1" date="2012-05-24">
	<CreateSearchUrl SearchStringEncoding="utf-8" dest="3">
		<!--movie search url on cinemagia.ro-->
		<RegExp input="$$1" output="&lt;url&gt;http://www.cinemagia.ro/cauta/?q=\1&amp;amp;pn=99&amp;amp;search_type=filme&lt;/url&gt;" dest="3">
			<expression clear="yes" noclean="1" />
		</RegExp>
	</CreateSearchUrl>
	<!-- </CreateSearchUrl> -->
	<GetSearchResults dest="8">
		<RegExp input="$$5" output="&lt;?xml version=&quot;1.0&quot; encoding=&quot;utf-8&quot; standalone=&quot;yes&quot;?&gt;&lt;results&gt;\1&lt;/results&gt;" dest="8">
			<RegExp input="$$1" output="&lt;entity&gt;&lt;title&gt;\2 - \4&lt;/title&gt;&lt;year&gt;\3&lt;/year&gt;&lt;url&gt;\1&lt;/url&gt;&lt;/entity&gt;" dest="5">
				<expression repeat="yes" trim="1" noclean="1">search-item-container clearfix[^=]*..(http://www.cinemagia.ro/filme/[^"]*)[^=]*..([^"]*)[^(]*.(\d{4})[^&gt;]*.([^&lt;]*)</expression>
			</RegExp>
			<expression noclean="1" />
		</RegExp>
	</GetSearchResults>
	<GetDetails dest="3">
		<RegExp input="$$5" output="&lt;?xml version=&quot;1.0&quot; encoding=&quot;utf-8&quot; standalone=&quot;yes&quot;?&gt;&lt;details&gt;\1&lt;/details&gt;" dest="3">
			<!--ID IMDB-->
			<RegExp input="$$1" output="\1" dest="12">
				<expression noclean="1">http://www.imdb.com/title/tt([0-9]*)</expression>
			</RegExp>
			<!--Title-->
			<RegExp input="$$4" output="&lt;title&gt;\1&lt;/title&gt;" dest="5">
				<!--movie title-->
				<RegExp input="$$1" output="\1" dest="4">
					<expression noclean="1">&lt;div class="layout_6_content clearfix"&gt;[^&gt;]*.[^&gt;]*.[^&gt;]*.([^&lt;]*)</expression>
				</RegExp>
				<!--translated title (save for a moment)-->
				<RegExp input="$$1" output="\1" dest="6">
					<expression>title_1 mb15"&gt;([^&lt;]*)</expression>
				</RegExp>
				<!--take for database the translated title only-->
				<RegExp input="$$4 $$6" output="\1" dest="4">
					<expression>($$6)</expression>
				</RegExp>
				<expression noclean="1" />
			</RegExp>
			<!--Year-->
			<RegExp input="$$1" output="&lt;year&gt;\1&lt;/year&gt;" dest="5+">
				<expression noclean="1">class="link1"[^(]*.(\d{4})</expression>
			</RegExp>
			<!--Director-->
			<RegExp input="$$4" output="&lt;director&gt;\1&lt;/director&gt;" dest="5+">
				<RegExp input="$$1" output="\1" dest="4">
					<expression noclean="1">&lt;h3&gt;Regia&lt;/h3&gt;(.*?)&lt;/li&gt;</expression>
				</RegExp>
				<expression repeat="yes" trim="1" noclean="1">&lt;a href="http://www.cinemagia.ro/actori/[^&gt;]*.([^&lt;]*)</expression>
			</RegExp>
			<!--genre-->
			<RegExp input="$$4" output="&lt;genre&gt;\1&lt;/genre&gt;" dest="5+">
				<RegExp input="$$1" output="\1" dest="4">
					<expression noclean="1">&lt;div id="movieGenreUserChoiceResults"&gt;(.*?)&lt;/ul&gt;</expression>
				</RegExp>
				<expression repeat="yes" trim="1" noclean="1">&lt;a href="http://www.cinemagia.ro/[^&gt;]*.([^&lt;]*)</expression>
			</RegExp>
			<!--rating (from cinemagia)-->
			<RegExp conditional="!imdbrating" input="$$1" output="&lt;rating&gt;\1&lt;/rating&gt;" dest="5+">
				<expression noclean="1">&lt;span property="v:average"[^&gt;]*.([^&lt;]*)</expression>
			</RegExp>
			<!--votes (from cinemagia)-->
			<RegExp conditional="!imdbrating" input="$$1" output="&lt;votes&gt;\1&lt;/votes&gt;" dest="5+">
				<expression noclean="1">property="v:votes"&gt;([^&lt;]*)</expression>
			</RegExp>
			<!--rating/votes (from imdb)-->
			<RegExp conditional="imdbrating" input="$$12" output="&lt;chain function=&quot;GetIMDBRatingById&quot;&gt;tt$$12&lt;/chain&gt;" dest="5+">
				<expression />
			</RegExp>
			<RegExp input="$$1" output="&lt;studio&gt;\1&lt;/studio&gt;" dest="5+">
				<expression noclean="1">&lt;h3&gt;Produs de&lt;/h3&gt;[^&gt;]*.([^&lt;]*)</expression>
			</RegExp>
			<!--Runtime-->
			<RegExp input="$$1" output="&lt;runtime&gt;\1&lt;/runtime&gt;" dest="5+">
				<expression noclean="1">Durata[^&gt;]*.&lt;span&gt;([0-9]*)</expression>
			</RegExp>
			<RegExp conditional="!fullmoviedistribution" input="$$1" output="&lt;actor&gt;&lt;name&gt;\3&lt;/name&gt;&lt;role&gt;\4&lt;/role&gt;&lt;thumb&gt;\1/db/actor/\2.jpg&lt;/thumb&gt;&lt;/actor&gt;" dest="5+">
				<expression repeat="yes" noclean="1">&lt;a href="http://www.cinemagia.ro/actori/[^=]*."(http://[^/]*.[^/]*)/resize/db/actor/([^"]*(?=-))[^&lt;]*[^=]*[^/]*[^&gt;]*.([^&lt;]*)&lt;/a&gt;[^&lt;]*[^&gt;]*.([^&lt;]*)</expression>
			</RegExp>
			<RegExp conditional="fullmoviedistribution" input="$$3" output="&lt;url function=&quot;GetFullMovieDistribution&quot;&gt;$$3distributie/&lt;/url&gt;" dest="5+">
				<expression />
			</RegExp>
			<RegExp input="$$3" output="&lt;url function=&quot;GetMovieSinopsis&quot;&gt;$$3wiki/sinopsis/&lt;/url&gt;" dest="5+">
				<expression />
			</RegExp>
			<RegExp conditional="!tmdbthumbs" input="$$1" output="&lt;thumb&gt;\1&lt;/thumb&gt;" dest="5+">
				<expression>&lt;a href="(http://static.cinemagia.ro/img/db/movie/[^"]*)</expression>
			</RegExp>
			<RegExp conditional="tmdbthumbs" input="$$12" output="&lt;chain function=&quot;GetTMDBThumbsByIdChain&quot;&gt;tt\1&lt;/chain&gt;" dest="5+">
				<expression />
			</RegExp>
			<RegExp input="$$12" output="&lt;chain function=&quot;GetTMDBFanartByIdChain&quot;&gt;tt\1&lt;/chain&gt;" dest="5+">
				<expression />
			</RegExp>
			<expression noclean="1" />
		</RegExp>
	</GetDetails>
	<GetFullMovieDistribution dest="5">
		<RegExp input="$$4" output="&lt;details&gt;\1&lt;/details&gt;" dest="5">
			<RegExp input="$$4" output="&lt;credits&gt;\1&lt;/credits&gt;" dest="4">
				<RegExp input="$$1" output="\1" dest="4">
					<expression noclean="1">&lt;h2 class="mb10"&gt;Scenariul&lt;/h2&gt;[^&gt;]*[^&lt;]*(.*?)&lt;/table&gt;</expression>
				</RegExp>
				<expression repeat="yes" noclean="1">title="Actor[^&gt;]*.([^&lt;]*)</expression>
			</RegExp>
			<RegExp input="$$6" output="&lt;actor&gt;&lt;thumb&gt;\1\2\3&lt;/thumb&gt;&lt;name&gt;\4&lt;/name&gt;&lt;role&gt;\5&lt;/role&gt;&lt;/actor&gt;" dest="4+">
				<RegExp input="$$1" output="\1" dest="6">
					<expression noclean="1">&lt;h2 class="mb10"&gt;Distributia&lt;/h2&gt;.*?class="table3_holder"&gt;(.*?)&lt;/table&gt;</expression>
				</RegExp>
				<expression repeat="yes" noclean="1">&lt;tr&gt;.*?&lt;td style="width:30px"&gt;[^&lt;]*&lt;a href="[^&gt;]*[^"]*.([^:]*://[^\/]*\/[^\/]*\/)[^\/]*\/([^-]*[^0-9]*[^l]*l)[^.]*(.[^"]*)[^\/]*[^:]*:[^:]*[^&gt;]*&gt;([^&lt;]*)[^&gt;]*&gt;[^&gt;]*&gt;[^&gt;]*&gt;([^&lt;]*)</expression>
			</RegExp>
			<expression noclean="1" />
		</RegExp>
	</GetFullMovieDistribution>
	<GetMovieSinopsis dest="5">
		<RegExp input="$$1" output="&lt;details&gt;&lt;plot&gt;\1&lt;/plot&gt;&lt;/details&gt;" dest="5">
			<expression fixchars="1" trim="1">&lt;textarea id="defaultSinopsis"&gt;(.*?)&lt;/textarea&gt;</expression>
		</RegExp>
	</GetMovieSinopsis>
</scraper>