<?xml version="1.0" encoding="UTF-8" standalone="yes"?>
<addon id="plugin.video.tas"
       name="Tool-assisted Superplays"
       version="1.1.2"
       provider-name="Insayne, HannaK, Nach">
  <requires>
    <import addon="xbmc.python" version="2.1.0"/>
	<import addon="script.module.dialogaddonscan" version="1.0.6"/>
  </requires>
  <extension point="xbmc.python.pluginsource"
            library="addon.py">
        <provides>video</provides>
  </extension>
  <extension point="xbmc.addon.metadata">
    <platform>all</platform>
	<language>en</language>
    <summary>http://tasvideos.org on your Media Center</summary>
    <description>If you’ve ever wanted to see how a superhuman would beat your favorite video games, you’ve come to the right place. We have videos of all the popular franchises from Super Mario Brothers and Sonic the Hedgehog down to Pokémon and Final Fantasy. No matter what genre of game you prefer, be it sports, puzzle, adventure, shooter, or popular game shows, we have it all.</description>
  </extension>
</addon>
