<?xml version="1.0" encoding="UTF-8" standalone="yes"?>
<addon id="plugin.video.theonly"
       name="TheOnlyDevice"
       version="1.3.2"
       provider-name="nixa">
  <requires>
    <import addon="xbmc.python" version="1.0"/>
  </requires>
  <extension point="xbmc.python.pluginsource"
            library="default.py">
        <provides>video</provides>
  </extension>
  <extension point="xbmc.addon.metadata">
    <summary lang="en">Hollywood, Bollywood and asian movies from theonlydevice.com</summary>
    <description lang="en">Enjoy it!</description>
     <platform>all</platform>
  </extension>
</addon>
